city,temperature_c,feels_like_c,humidity_pct,weather,wind_speed,extracted_at,heat_index
Chennai,36.56,43.56,48,overcast clouds,2.68,2026-06-09 05-44-38,
Hyderabad,30.84,33.16,54,overcast clouds,8.14,2026-06-09 05-44-38,
Tirunelveli,34.38,36.37,41,overcast clouds,3.9,2026-06-09 05-44-38,
Bengaluru,27.09,28.59,65,overcast clouds,18.33,2026-06-09 05-44-38,
Mumbai,31.26,37.38,67,broken clouds,5.7,2026-06-09 05-44-38,
Delhi,41.97,41.5,18,clear sky,6.09,2026-06-09 05-44-39,
Madurai,34.76,36.77,40,overcast clouds,7.45,2026-06-09 05-44-39,
Hyderabad,30.84,33.16,54,overcast clouds,8.14,2026-06-09 05-46-04,
Delhi,41.97,41.5,18,clear sky,6.09,2026-06-09 05-46-04,
Bengaluru,27.09,28.59,65,overcast clouds,18.33,2026-06-09 05-46-04,
Mumbai,31.26,37.38,67,broken clouds,5.7,2026-06-09 05-46-04,
Chennai,36.56,43.56,48,overcast clouds,2.68,2026-06-09 05-46-04,
Theni,32.78,35.31,48,overcast clouds,6.7,2026-06-09 05-46-04,
Madurai,34.76,36.77,40,overcast clouds,7.45,2026-06-09 05-46-04,
Tirunelveli,34.38,36.37,41,overcast clouds,3.9,2026-06-09 05-46-04,
Bengaluru,28.46,30.55,63,overcast clouds,18.33,2026-06-09 05-59-49,
Theni,31.2,34.28,56,overcast clouds,6.13,2026-06-09 05-59-49,
Chennai,37.28,44.28,47,overcast clouds,3.58,2026-06-09 05-59-49,
Tirunelveli,34.32,36.26,41,overcast clouds,4.65,2026-06-09 05-59-49,
Mumbai,31.52,38.05,67,broken clouds,5.22,2026-06-09 05-59-49,
Madurai,33.83,36.2,44,overcast clouds,7.63,2026-06-09 05-59-49,
Hyderabad,33.64,36.12,45,overcast clouds,7.3,2026-06-09 05-59-49,
Delhi,42.29,40.5,14,clear sky,5.08,2026-06-09 05-59-49,
Tirunelveli,34.32,36.26,41,overcast clouds,4.65,2026-06-09 06-05-23,
Bengaluru,28.43,30.23,61,overcast clouds,18.33,2026-06-09 06-05-23,
Chennai,37.31,44.31,47,overcast clouds,2.24,2026-06-09 06-05-23,
Hyderabad,33.64,36.12,45,overcast clouds,7.3,2026-06-09 06-05-24,
Delhi,42.29,40.5,14,clear sky,5.08,2026-06-09 06-05-24,
Theni,31.2,34.28,56,overcast clouds,6.13,2026-06-09 06-05-24,
Mumbai,31.52,38.05,67,broken clouds,5.22,2026-06-09 06-05-24,
Madurai,33.83,36.2,44,overcast clouds,7.63,2026-06-09 06-05-24,
Mumbai,31.66,38.1,66,broken clouds,5.43,2026-06-09 07-16-07,
Tirunelveli,35.31,37.49,39,overcast clouds,5.69,2026-06-09 07-16-07,
Bengaluru,29.18,31.18,59,overcast clouds,17.43,2026-06-09 07-16-07,
Madurai,34.38,36.95,43,overcast clouds,8.06,2026-06-09 07-16-07,
Theni,31.37,34.37,55,overcast clouds,6.74,2026-06-09 07-16-07,
Chennai,37.89,44.89,45,overcast clouds,2.24,2026-06-09 07-16-07,
Delhi,43.36,41.44,13,clear sky,5.78,2026-06-09 07-16-07,
Hyderabad,34.4,36.69,42,overcast clouds,7.28,2026-06-09 07-16-07,
Theni,31.37,34.37,55,overcast clouds,6.74,2026-06-09 07-19-28,
Mumbai,31.66,38.1,66,broken clouds,5.43,2026-06-09 07-19-28,
Delhi,43.36,41.44,13,clear sky,5.78,2026-06-09 07-19-28,
Bengaluru,29.18,31.34,60,overcast clouds,17.43,2026-06-09 07-19-28,
Hyderabad,34.4,36.69,42,overcast clouds,7.28,2026-06-09 07-19-28,
Chennai,37.89,44.89,45,overcast clouds,2.24,2026-06-09 07-19-28,
Madurai,34.38,36.95,43,overcast clouds,8.06,2026-06-09 07-19-28,
Tirunelveli,35.31,37.49,39,overcast clouds,5.69,2026-06-09 07-19-28,
Delhi,43.36,41.44,13,clear sky,5.78,2026-06-09 07-21-29,
Hyderabad,34.4,36.69,42,overcast clouds,7.28,2026-06-09 07-21-29,
Theni,31.37,34.37,55,overcast clouds,6.74,2026-06-09 07-21-29,
Chennai,37.89,44.89,45,overcast clouds,2.24,2026-06-09 07-21-29,
Bengaluru,29.18,31.34,60,overcast clouds,17.43,2026-06-09 07-21-29,
Mumbai,31.66,38.1,66,broken clouds,5.43,2026-06-09 07-21-29,
Tirunelveli,35.31,37.49,39,overcast clouds,5.69,2026-06-09 07-21-29,
Madurai,34.38,36.95,43,overcast clouds,8.06,2026-06-09 07-21-29,
Chennai,38.2,45.2,44,overcast clouds,2.24,2026-06-09 07:43:47,
Mumbai,31.72,38.26,66,broken clouds,5.59,2026-06-09 07:43:47,
Delhi,44.41,41.49,10,clear sky,5.76,2026-06-09 07:43:47,
Bengaluru,28.7,30.97,63,overcast clouds,18.33,2026-06-09 07:43:47,
Hyderabad,33.6,35.5,43,overcast clouds,6.47,2026-06-09 07:43:47,
Tirunelveli,35.53,37.59,38,overcast clouds,5.93,2026-06-09 07:43:47,
Madurai,34.98,37.48,41,overcast clouds,8.65,2026-06-09 07:43:47,
Theni,30.92,33.96,57,overcast clouds,6.83,2026-06-09 07:43:47,
Chennai,37.86,44.86,45,overcast clouds,2.68,2026-06-09 08:00:23,
Mumbai,31.72,38.26,66,broken clouds,5.59,2026-06-09 08:00:23,
Delhi,44.41,41.49,10,clear sky,5.76,2026-06-09 08:00:24,
Bengaluru,28.68,30.5,60,overcast clouds,18.33,2026-06-09 08:00:24,
Hyderabad,33.6,35.5,43,overcast clouds,6.47,2026-06-09 08:00:24,
Tirunelveli,35.53,37.59,38,overcast clouds,5.93,2026-06-09 08:00:24,
Madurai,34.98,37.48,41,overcast clouds,8.65,2026-06-09 08:00:24,
Theni,30.92,33.96,57,overcast clouds,6.83,2026-06-09 08:00:24,
Chennai,38.79,45.79,43,overcast clouds,0.89,2026-06-09 09:58:11,Dangerous
Mumbai,31.74,38.74,68,broken clouds,6.17,2026-06-09 09:58:11,Very Hot
Delhi,45.43,41.73,8,clear sky,6.64,2026-06-09 09:58:11,Very Hot
Bengaluru,29.02,30.91,59,overcast clouds,18.33,2026-06-09 09:58:11,Warm
Hyderabad,33.67,35.9,44,overcast clouds,5.27,2026-06-09 09:58:11,Hot
Tirunelveli,34.44,36.48,41,overcast clouds,6.75,2026-06-09 09:58:11,Hot
Madurai,33.74,36.03,44,overcast clouds,9.55,2026-06-09 09:58:11,Hot
Theni,30.19,32.79,58,overcast clouds,7.01,2026-06-09 09:58:11,Hot
Chennai,29.62,34.58,72,overcast clouds,3.48,2026-06-09 17:13:36,Hot
Mumbai,30.94,37.14,69,overcast clouds,5.8,2026-06-09 17:13:36,Hot
Delhi,41.28,39.0,13,broken clouds,5.65,2026-06-09 17:13:36,Very Hot
Bengaluru,22.51,22.91,80,overcast clouds,13.86,2026-06-09 17:13:36,Comfortable
Hyderabad,27.86,30.15,68,overcast clouds,6.02,2026-06-09 17:13:36,Warm
Tirunelveli,28.92,31.69,65,broken clouds,3.49,2026-06-09 17:13:36,Warm
Madurai,29.31,31.57,60,overcast clouds,4.01,2026-06-09 17:13:36,Warm
Theni,26.2,26.2,79,broken clouds,5.14,2026-06-09 17:13:36,Comfortable
Chennai,30.59,35.71,67,overcast clouds,1.34,2026-06-09 23:04:16,Hot
Mumbai,30.53,36.09,69,broken clouds,5.52,2026-06-09 23:04:16,Hot
Delhi,37.97,35.68,15,few clouds,3.28,2026-06-09 23:04:17,Hot
Bengaluru,20.85,21.29,88,overcast clouds,12.96,2026-06-09 23:04:17,Comfortable
Hyderabad,25.63,26.34,80,overcast clouds,6.25,2026-06-09 23:04:17,Comfortable
Tirunelveli,28.35,30.64,65,overcast clouds,4.79,2026-06-09 23:04:17,Warm
Madurai,28.05,29.99,64,overcast clouds,2.45,2026-06-09 23:04:17,Warm
Theni,25.43,25.99,75,overcast clouds,4.27,2026-06-09 23:04:17,Comfortable
Chennai,34.97,41.97,56,overcast clouds,1.34,2026-06-10 12:41:20,Very Hot
Mumbai,31.37,38.37,72,overcast clouds,7.44,2026-06-10 12:41:20,Very Hot
Delhi,43.7,42.68,15,clear sky,6.67,2026-06-10 12:41:20,Very Hot
Bengaluru,27.0,28.77,69,overcast clouds,6.28,2026-06-10 12:41:21,Warm
Hyderabad,24.06,24.43,73,overcast clouds,11.79,2026-06-10 12:41:21,Comfortable
Tirunelveli,31.87,34.13,50,overcast clouds,6.33,2026-06-10 12:41:21,Hot
Madurai,31.74,33.03,46,overcast clouds,7.52,2026-06-10 12:41:21,Hot
Theni,28.46,30.69,64,overcast clouds,5.71,2026-06-10 12:41:21,Warm
Chennai,32.59,37.2,56,overcast clouds,0.89,2026-06-10 21:29:17,Hot
Mumbai,30.45,36.16,70,overcast clouds,7.17,2026-06-10 21:29:17,Hot
Delhi,38.89,38.1,21,clear sky,1.83,2026-06-10 21:29:17,Very Hot
Bengaluru,20.85,21.39,92,overcast clouds,12.07,2026-06-10 21:29:18,Comfortable
Hyderabad,25.8,26.32,72,overcast clouds,2.83,2026-06-10 21:29:18,Comfortable
Tirunelveli,28.6,31.09,65,overcast clouds,4.0,2026-06-10 21:29:18,Warm
Madurai,28.15,29.91,62,overcast clouds,2.66,2026-06-10 21:29:18,Warm
Theni,26.48,26.48,70,overcast clouds,2.61,2026-06-10 21:29:18,Comfortable
Chennai,31.64,38.64,76,overcast clouds,1.34,2026-06-11 12:33:41,Very Hot
Mumbai,30.89,37.89,72,overcast clouds,6.32,2026-06-11 12:33:41,Hot
Delhi,30.2,30.87,47,clear sky,10.43,2026-06-11 12:33:41,Warm
Bengaluru,28.79,31.28,64,overcast clouds,4.91,2026-06-11 12:33:42,Warm
Hyderabad,34.26,35.36,38,overcast clouds,1.88,2026-06-11 12:33:42,Hot
Tirunelveli,32.43,34.42,47,broken clouds,6.1,2026-06-11 12:33:42,Hot
Madurai,32.75,34.27,44,overcast clouds,4.46,2026-06-11 12:33:42,Hot
Theni,28.85,31.24,63,overcast clouds,4.46,2026-06-11 12:33:42,Warm
Chennai,30.46,37.46,79,overcast clouds,0.89,2026-06-11 21:31:53,Hot
Mumbai,30.24,36.69,74,overcast clouds,6.87,2026-06-11 21:31:53,Hot
Delhi,33.11,33.74,39,clear sky,5.97,2026-06-11 21:31:53,Hot
Bengaluru,21.4,22.0,92,overcast clouds,12.96,2026-06-11 21:31:53,Comfortable
Hyderabad,26.66,26.66,72,overcast clouds,5.39,2026-06-11 21:31:53,Comfortable
Tirunelveli,27.86,29.8,65,overcast clouds,3.81,2026-06-11 21:31:54,Warm
Madurai,28.21,29.89,61,overcast clouds,3.35,2026-06-11 21:31:54,Warm
Theni,25.25,25.81,76,overcast clouds,4.07,2026-06-11 21:31:54,Comfortable
Chennai,31.7,38.7,68,overcast clouds,0.89,2026-06-12 11:55:24,Very Hot
Mumbai,31.04,38.04,73,broken clouds,6.99,2026-06-12 11:55:24,Very Hot
Delhi,36.0,36.16,30,scattered clouds,6.54,2026-06-12 11:55:24,Hot
Bengaluru,26.6,26.6,77,overcast clouds,4.27,2026-06-12 11:55:24,Comfortable
Hyderabad,35.93,37.4,35,broken clouds,6.04,2026-06-12 11:55:24,Hot
Tirunelveli,32.66,34.83,47,overcast clouds,6.29,2026-06-12 11:55:24,Hot
Madurai,33.59,34.5,39,overcast clouds,6.21,2026-06-12 11:55:25,Hot
Theni,28.51,30.23,60,overcast clouds,5.72,2026-06-12 11:55:25,Warm
Chennai,29.89,36.89,82,overcast clouds,1.79,2026-06-12 18:32:20,Hot
Mumbai,30.99,37.99,73,overcast clouds,7.48,2026-06-12 18:32:20,Hot
Delhi,32.62,34.05,44,clear sky,4.32,2026-06-12 18:32:20,Hot
Bengaluru,21.67,22.24,90,overcast clouds,12.07,2026-06-12 18:32:20,Comfortable
Hyderabad,25.54,26.26,81,overcast clouds,7.31,2026-06-12 18:32:20,Comfortable
Tirunelveli,28.74,30.6,60,overcast clouds,3.66,2026-06-12 18:32:20,Warm
Madurai,29.16,30.4,54,overcast clouds,4.56,2026-06-12 18:32:20,Warm
Theni,25.98,25.98,67,overcast clouds,3.96,2026-06-12 18:32:20,Comfortable
Chennai,28.06,31.64,76,overcast clouds,1.79,2026-06-13 00:05:23,Warm
Mumbai,30.89,37.3,70,broken clouds,6.47,2026-06-13 00:05:23,Hot
Delhi,31.0,32.05,47,clear sky,3.47,2026-06-13 00:05:23,Hot
Bengaluru,21.37,22.02,94,overcast clouds,10.28,2026-06-13 00:05:23,Comfortable
Hyderabad,24.59,25.17,79,overcast clouds,5.98,2026-06-13 00:05:23,Comfortable
Tirunelveli,28.02,29.94,64,overcast clouds,4.36,2026-06-13 00:05:23,Warm
Madurai,27.66,28.68,57,overcast clouds,3.6,2026-06-13 00:05:24,Warm
Theni,24.99,25.42,72,overcast clouds,4.12,2026-06-13 00:05:24,Comfortable
Chennai,32.44,39.44,68,overcast clouds,2.24,2026-06-13 10:17:53,Very Hot
Mumbai,31.55,38.55,70,scattered clouds,6.15,2026-06-13 10:17:53,Very Hot
Delhi,40.32,39.52,19,clear sky,3.32,2026-06-13 10:17:53,Very Hot
Bengaluru,28.23,30.83,68,overcast clouds,10.28,2026-06-13 10:17:53,Warm
Hyderabad,32.53,34.6,47,overcast clouds,6.06,2026-06-13 10:17:53,Hot
Tirunelveli,35.24,36.5,36,overcast clouds,7.32,2026-06-13 10:17:53,Hot
Madurai,36.49,37.49,32,overcast clouds,4.88,2026-06-13 10:17:53,Hot
Theni,32.45,34.22,46,overcast clouds,5.19,2026-06-13 10:17:53,Hot
Chennai,30.76,37.76,76,overcast clouds,2.68,2026-06-13 16:04:55,Hot
Mumbai,30.93,37.93,73,broken clouds,7.49,2026-06-13 16:04:55,Hot
Delhi,35.09,34.8,30,clear sky,3.18,2026-06-13 16:04:55,Hot
Bengaluru,22.43,23.08,90,light rain,3.92,2026-06-13 16:04:55,Comfortable
Hyderabad,27.78,30.01,68,overcast clouds,1.34,2026-06-13 16:04:55,Warm
Tirunelveli,29.18,31.03,58,broken clouds,5.98,2026-06-13 16:04:55,Warm
Madurai,29.49,31.06,55,overcast clouds,5.37,2026-06-13 16:04:56,Warm
Theni,26.02,26.02,73,overcast clouds,4.17,2026-06-13 16:04:56,Comfortable
Chennai,28.5,32.66,76,overcast clouds,2.68,2026-06-13 20:56:46,Hot
Mumbai,30.82,36.83,69,few clouds,7.13,2026-06-13 20:56:46,Hot
Delhi,32.92,32.35,33,broken clouds,2.6,2026-06-13 20:56:46,Hot
Bengaluru,21.61,22.23,92,overcast clouds,5.44,2026-06-13 20:56:46,Comfortable
Hyderabad,24.67,25.2,77,broken clouds,6.91,2026-06-13 20:56:46,Comfortable
Tirunelveli,27.72,29.35,63,overcast clouds,4.82,2026-06-13 20:56:46,Warm
Madurai,27.39,28.95,64,broken clouds,3.94,2026-06-13 20:56:46,Warm
Theni,24.58,25.1,77,overcast clouds,3.5,2026-06-13 20:56:46,Comfortable
Chennai,36.09,43.09,51,overcast clouds,1.34,2026-06-14 08:57:09,Very Hot
Mumbai,31.22,37.27,67,few clouds,6.29,2026-06-14 08:57:09,Hot
Delhi,40.63,40.28,20,clear sky,1.18,2026-06-14 08:57:10,Very Hot
Bengaluru,28.68,31.39,66,overcast clouds,7.81,2026-06-14 08:57:10,Warm
Hyderabad,30.47,32.7,55,overcast clouds,5.36,2026-06-14 08:57:10,Hot
Tirunelveli,36.36,37.86,34,overcast clouds,6.77,2026-06-14 08:57:10,Hot
Madurai,36.44,38.0,34,broken clouds,2.42,2026-06-14 08:57:10,Very Hot
Theni,33.13,35.18,45,overcast clouds,5.88,2026-06-14 08:57:10,Hot
Chennai,30.84,37.77,72,overcast clouds,2.68,2026-06-14 15:29:33,Hot
Mumbai,30.75,37.22,71,scattered clouds,6.53,2026-06-14 15:29:33,Hot
Delhi,39.36,38.76,21,clear sky,3.86,2026-06-14 15:29:33,Very Hot
Bengaluru,27.14,28.83,67,light rain,5.5,2026-06-14 15:29:33,Warm
Hyderabad,28.91,31.03,61,broken clouds,4.92,2026-06-14 15:29:33,Warm
Tirunelveli,29.63,31.79,58,scattered clouds,6.53,2026-06-14 15:29:33,Warm
Madurai,30.17,32.36,56,overcast clouds,4.48,2026-06-14 15:29:33,Hot
Theni,26.51,26.51,73,broken clouds,3.05,2026-06-14 15:29:33,Comfortable
Chennai,29.63,34.38,71,overcast clouds,2.24,2026-06-14 20:48:14,Hot
Mumbai,31.17,35.74,62,clear sky,5.01,2026-06-14 20:48:14,Hot
Delhi,33.66,33.75,35,broken clouds,1.59,2026-06-14 20:48:14,Hot
Bengaluru,21.05,21.59,91,overcast clouds,4.07,2026-06-14 20:48:14,Comfortable
Hyderabad,27.74,28.16,50,broken clouds,2.86,2026-06-14 20:48:14,Warm
Tirunelveli,27.78,30.13,69,overcast clouds,4.01,2026-06-14 20:48:14,Warm
Madurai,27.56,29.52,67,overcast clouds,3.73,2026-06-14 20:48:15,Warm
Theni,25.13,25.68,76,overcast clouds,2.54,2026-06-14 20:48:15,Comfortable
Chennai,31.83,38.83,68,overcast clouds,0.89,2026-06-15 16:25:58,Very Hot
Mumbai,30.83,36.57,68,broken clouds,5.59,2026-06-15 16:25:58,Hot
Delhi,32.07,32.38,40,overcast clouds,7.92,2026-06-15 16:25:58,Hot
Bengaluru,28.34,30.35,63,overcast clouds,2.23,2026-06-15 16:25:58,Warm
Hyderabad,32.06,31.85,37,overcast clouds,3.46,2026-06-15 16:25:58,Warm
Tirunelveli,29.72,32.69,62,overcast clouds,5.36,2026-06-15 16:25:59,Hot
Madurai,26.97,29.58,79,overcast clouds,4.92,2026-06-15 16:25:59,Warm
Theni,26.86,29.02,75,overcast clouds,2.53,2026-06-15 16:25:59,Warm
Chennai,30.25,37.25,76,overcast clouds,2.24,2026-06-15 23:23:49,Hot
Mumbai,30.69,34.92,63,scattered clouds,3.39,2026-06-15 23:23:49,Hot
Delhi,33.16,32.85,34,overcast clouds,1.55,2026-06-15 23:23:49,Hot
Bengaluru,22.14,22.6,84,overcast clouds,3.68,2026-06-15 23:23:49,Comfortable
Hyderabad,30.61,30.42,40,overcast clouds,6.14,2026-06-15 23:23:49,Warm
Tirunelveli,28.01,30.55,69,overcast clouds,3.41,2026-06-15 23:23:49,Warm
Madurai,28.3,30.69,66,overcast clouds,3.05,2026-06-15 23:23:49,Warm
Theni,25.41,26.02,77,overcast clouds,2.44,2026-06-15 23:23:49,Comfortable
Chennai,31.41,38.41,77,overcast clouds,2.24,2026-06-16 18:20:00,Very Hot
Mumbai,30.2,35.03,68,clear sky,5.48,2026-06-16 18:20:00,Hot
Delhi,33.16,34.04,40,broken clouds,4.63,2026-06-16 18:20:00,Hot
Bengaluru,25.5,26.09,76,scattered clouds,2.54,2026-06-16 18:20:00,Comfortable
Hyderabad,32.2,32.39,39,overcast clouds,2.4,2026-06-16 18:20:00,Hot
Tirunelveli,29.96,32.96,61,overcast clouds,4.76,2026-06-16 18:20:01,Hot
Madurai,30.04,33.11,61,overcast clouds,1.89,2026-06-16 18:20:01,Hot
Theni,28.19,30.76,68,overcast clouds,1.36,2026-06-16 18:20:01,Warm
Chennai,29.6,36.46,80,overcast clouds,2.68,2026-06-17 00:04:33,Hot
Mumbai,30.05,34.22,66,broken clouds,5.63,2026-06-17 00:04:33,Hot
Delhi,32.08,32.77,42,overcast clouds,1.63,2026-06-17 00:04:33,Hot
Bengaluru,22.43,22.95,85,overcast clouds,3.11,2026-06-17 00:04:33,Comfortable
Hyderabad,29.92,30.08,44,overcast clouds,4.5,2026-06-17 00:04:33,Warm
Tirunelveli,28.53,31.11,66,overcast clouds,4.26,2026-06-17 00:04:33,Warm
Madurai,28.76,31.08,63,overcast clouds,2.92,2026-06-17 00:04:33,Warm
Theni,25.77,26.44,78,overcast clouds,3.55,2026-06-17 00:04:33,Comfortable
Chennai,31.66,38.66,76,overcast clouds,2.68,2026-06-17 14:24:23,Very Hot
Mumbai,30.65,35.08,64,scattered clouds,5.98,2026-06-17 14:24:23,Hot
Delhi,38.76,38.19,22,clear sky,2.71,2026-06-17 14:24:24,Very Hot
Bengaluru,29.43,31.78,60,overcast clouds,4.43,2026-06-17 14:24:24,Warm
Hyderabad,34.29,33.68,30,few clouds,2.68,2026-06-17 14:24:24,Hot
Tirunelveli,30.56,32.86,55,few clouds,5.36,2026-06-17 14:24:24,Hot
Madurai,26.54,26.54,79,overcast clouds,2.45,2026-06-17 14:24:24,Comfortable
Theni,26.95,29.02,73,moderate rain,4.07,2026-06-17 14:24:24,Warm
Chennai,29.69,34.75,72,overcast clouds,0.89,2026-06-17 22:16:36,Hot
Mumbai,29.84,34.19,68,clear sky,5.2,2026-06-17 22:16:36,Hot
Delhi,34.07,35.3,39,scattered clouds,0.64,2026-06-17 22:16:36,Hot
Bengaluru,22.99,23.51,83,overcast clouds,3.09,2026-06-17 22:16:36,Comfortable
Hyderabad,30.86,30.88,41,overcast clouds,6.33,2026-06-17 22:16:36,Warm
Tirunelveli,28.02,29.94,64,overcast clouds,2.21,2026-06-17 22:16:36,Warm
Madurai,27.37,29.81,73,overcast clouds,2.44,2026-06-17 22:16:36,Warm
Theni,25.76,26.35,75,overcast clouds,1.93,2026-06-17 22:16:36,Comfortable
Chennai,27.18,29.26,71,overcast clouds,5.19,2026-06-18 12:06:10,Warm
Mumbai,30.8,35.17,63,clear sky,4.95,2026-06-18 12:06:10,Hot
Delhi,39.69,39.55,22,clear sky,3.61,2026-06-18 12:06:11,Very Hot
Bengaluru,27.86,30.27,69,overcast clouds,2.55,2026-06-18 12:06:11,Warm
Hyderabad,37.66,36.66,22,broken clouds,2.29,2026-06-18 12:06:11,Hot
Tirunelveli,32.67,35.11,48,overcast clouds,5.87,2026-06-18 12:06:11,Hot
Madurai,30.51,33.61,59,overcast clouds,0.84,2026-06-18 12:06:11,Hot
Theni,28.2,30.92,69,light rain,0.6,2026-06-18 12:06:11,Warm
Chennai,28.3,33.39,83,overcast clouds,6.5,2026-06-18 21:30:01,Hot
Mumbai,29.92,34.84,70,scattered clouds,5.24,2026-06-18 21:30:01,Hot
Delhi,34.83,35.08,33,few clouds,2.94,2026-06-18 21:30:01,Hot
Bengaluru,21.59,22.1,88,overcast clouds,4.43,2026-06-18 21:30:01,Comfortable
Hyderabad,30.14,30.79,47,overcast clouds,3.95,2026-06-18 21:30:01,Warm
Tirunelveli,27.24,29.08,68,overcast clouds,4.65,2026-06-18 21:30:01,Warm
Madurai,25.65,26.41,82,overcast clouds,2.87,2026-06-18 21:30:01,Comfortable
Theni,25.3,26.08,84,overcast clouds,2.4,2026-06-18 21:30:01,Comfortable
Chennai,28.12,33.41,86,heavy intensity rain,1.79,2026-06-18 23:41:30,Hot
Mumbai,29.73,33.94,68,scattered clouds,4.39,2026-06-18 23:41:30,Hot
Delhi,32.73,34.71,46,broken clouds,4.77,2026-06-18 23:41:30,Hot
Bengaluru,21.59,22.13,89,overcast clouds,4.18,2026-06-18 23:41:30,Comfortable
Hyderabad,28.44,29.28,53,overcast clouds,7.02,2026-06-18 23:41:30,Warm
Tirunelveli,27.79,29.68,65,overcast clouds,2.92,2026-06-18 23:41:30,Warm
Madurai,26.18,26.18,82,overcast clouds,1.16,2026-06-18 23:41:30,Comfortable
Theni,24.94,25.71,85,overcast clouds,2.42,2026-06-18 23:41:31,Comfortable
Chennai,30.72,37.72,76,overcast clouds,1.34,2026-06-19 03:50:00,Hot
Mumbai,30.32,34.82,66,clear sky,4.79,2026-06-19 03:50:00,Hot
Delhi,36.16,37.22,33,few clouds,3.27,2026-06-19 03:50:01,Hot
Bengaluru,23.0,23.5,82,overcast clouds,3.89,2026-06-19 03:50:01,Comfortable
Hyderabad,31.92,32.52,42,overcast clouds,4.07,2026-06-19 03:50:01,Hot
Tirunelveli,31.26,33.05,50,overcast clouds,3.21,2026-06-19 03:50:01,Hot
Madurai,28.84,31.54,65,overcast clouds,0.97,2026-06-19 03:50:01,Warm
Theni,28.69,31.1,64,overcast clouds,3.14,2026-06-19 03:50:01,Warm
Chennai,34.82,41.82,62,overcast clouds,3.31,2026-06-19 09:03:52,Very Hot
Mumbai,30.72,35.76,66,scattered clouds,5.79,2026-06-19 09:03:53,Hot
Delhi,40.43,40.68,22,clear sky,2.92,2026-06-19 09:03:53,Very Hot
Bengaluru,28.87,30.82,60,overcast clouds,3.85,2026-06-19 09:03:53,Warm
Hyderabad,37.75,37.8,26,broken clouds,3.04,2026-06-19 09:03:53,Hot
Tirunelveli,36.8,38.64,34,overcast clouds,5.54,2026-06-19 09:03:53,Very Hot
Madurai,33.3,36.03,47,overcast clouds,1.25,2026-06-19 09:03:53,Hot
Theni,32.14,34.87,51,overcast clouds,2.16,2026-06-19 09:03:53,Hot
Chennai,31.67,38.67,74,overcast clouds,0.89,2026-06-19 13:32:27,Very Hot
Mumbai,30.85,35.8,65,few clouds,5.41,2026-06-19 13:32:27,Hot
Delhi,39.78,40.02,23,few clouds,5.42,2026-06-19 13:32:27,Very Hot
Bengaluru,28.97,30.98,60,broken clouds,2.41,2026-06-19 13:32:27,Warm
Hyderabad,31.71,32.04,41,overcast clouds,3.77,2026-06-19 13:32:27,Hot
Tirunelveli,32.6,35.23,49,overcast clouds,4.79,2026-06-19 13:32:27,Hot
Madurai,28.5,32.15,73,overcast clouds,5.07,2026-06-19 13:32:27,Hot
Theni,27.98,30.89,72,heavy intensity rain,2.09,2026-06-19 13:32:27,Warm
Chennai,29.97,36.97,79,overcast clouds,0.89,2026-06-19 16:30:27,Hot
Mumbai,30.49,34.97,65,scattered clouds,4.23,2026-06-19 16:30:28,Hot
Delhi,38.84,38.89,24,few clouds,4.74,2026-06-19 16:30:28,Very Hot
Bengaluru,24.1,24.63,79,overcast clouds,2.23,2026-06-19 16:30:28,Comfortable
Hyderabad,31.8,31.99,40,light rain,4.08,2026-06-19 16:30:28,Warm
Tirunelveli,30.07,32.77,59,scattered clouds,4.61,2026-06-19 16:30:28,Hot
Madurai,22.75,23.51,93,light rain,8.31,2026-06-19 16:30:28,Comfortable
Theni,25.13,25.92,85,light rain,2.96,2026-06-19 16:30:28,Comfortable
Chennai,29.51,36.51,84,overcast clouds,1.34,2026-06-19 18:51:55,Hot
Mumbai,30.08,35.23,70,few clouds,4.12,2026-06-19 18:51:55,Hot
Delhi,35.5,36.39,34,clear sky,4.17,2026-06-19 18:51:55,Hot
Bengaluru,22.07,22.66,89,overcast clouds,3.16,2026-06-19 18:51:55,Comfortable
Hyderabad,30.04,30.95,49,overcast clouds,3.51,2026-06-19 18:51:55,Warm
Tirunelveli,29.02,31.22,61,overcast clouds,4.76,2026-06-19 18:51:56,Warm
Madurai,24.16,24.77,82,overcast clouds,5.37,2026-06-19 18:51:56,Comfortable
Theni,24.62,25.49,90,overcast clouds,1.01,2026-06-19 18:51:56,Comfortable
Chennai,29.3,36.3,85,overcast clouds,0.89,2026-06-19 20:25:10,Hot
Mumbai,29.79,34.76,71,few clouds,4.71,2026-06-19 20:25:10,Hot
Delhi,35.09,35.98,35,clear sky,3.79,2026-06-19 20:25:10,Hot
Bengaluru,23.25,23.85,85,overcast clouds,3.31,2026-06-19 20:25:11,Comfortable
Hyderabad,30.17,30.83,47,overcast clouds,3.61,2026-06-19 20:25:11,Warm
Tirunelveli,28.57,30.6,62,broken clouds,3.87,2026-06-19 20:25:11,Warm
Madurai,24.77,25.34,78,overcast clouds,3.99,2026-06-19 20:25:11,Comfortable
Theni,24.95,25.77,87,overcast clouds,1.58,2026-06-19 20:25:11,Comfortable
Chennai,29.25,36.16,83,overcast clouds,0.89,2026-06-19 22:01:08,Hot
Mumbai,29.56,34.43,72,few clouds,4.47,2026-06-19 22:01:08,Hot
Delhi,34.54,35.33,36,clear sky,2.73,2026-06-19 22:01:08,Hot
Bengaluru,20.64,21.21,94,overcast clouds,2.86,2026-06-19 22:01:09,Comfortable
Hyderabad,29.54,30.39,50,overcast clouds,3.82,2026-06-19 22:01:09,Warm
Tirunelveli,27.98,29.64,62,scattered clouds,2.11,2026-06-19 22:01:09,Warm
Madurai,25.54,26.24,80,overcast clouds,2.41,2026-06-19 22:01:09,Comfortable
Theni,25.41,26.15,82,overcast clouds,1.99,2026-06-19 22:01:09,Comfortable
Chennai,27.67,31.56,82,overcast clouds,4.66,2026-06-20 00:05:01,Warm
Mumbai,29.48,34.24,72,scattered clouds,3.96,2026-06-20 00:05:01,Hot
Delhi,34.13,34.91,37,clear sky,2.56,2026-06-20 00:05:01,Hot
Bengaluru,22.43,23.05,89,overcast clouds,3.62,2026-06-20 00:05:01,Comfortable
Hyderabad,29.34,30.11,50,overcast clouds,4.42,2026-06-20 00:05:01,Warm
Tirunelveli,27.14,28.66,65,broken clouds,2.64,2026-06-20 00:05:02,Warm
Madurai,25.94,26.65,79,overcast clouds,2.0,2026-06-20 00:05:02,Comfortable
Theni,25.25,25.92,80,overcast clouds,1.74,2026-06-20 00:05:02,Comfortable
Chennai,31.97,38.97,72,overcast clouds,0.45,2026-06-20 05:08:35,Very Hot
Mumbai,30.28,34.26,64,overcast clouds,4.21,2026-06-20 05:08:35,Hot
Delhi,37.19,38.37,31,clear sky,4.12,2026-06-20 05:08:35,Very Hot
Bengaluru,28.54,31.43,68,overcast clouds,3.53,2026-06-20 05:08:35,Warm
Hyderabad,34.8,35.03,33,overcast clouds,6.22,2026-06-20 05:08:35,Hot
Tirunelveli,33.29,32.85,33,overcast clouds,2.03,2026-06-20 05:08:35,Hot
Madurai,30.92,33.09,53,overcast clouds,2.4,2026-06-20 05:08:36,Hot
Theni,31.03,32.47,49,overcast clouds,3.33,2026-06-20 05:08:36,Hot
Chennai,34.91,41.91,62,overcast clouds,0.89,2026-06-20 08:48:03,Very Hot
Mumbai,30.6,35.47,66,scattered clouds,5.04,2026-06-20 08:48:03,Hot
Delhi,41.49,41.56,20,clear sky,4.76,2026-06-20 08:48:03,Very Hot
Bengaluru,28.98,31.64,64,overcast clouds,1.87,2026-06-20 08:48:03,Warm
Hyderabad,38.1,37.78,24,overcast clouds,3.47,2026-06-20 08:48:03,Hot
Tirunelveli,38.17,37.36,22,broken clouds,3.32,2026-06-20 08:48:03,Hot
Madurai,34.5,35.27,36,broken clouds,1.18,2026-06-20 08:48:03,Hot
Theni,33.82,34.64,38,broken clouds,3.19,2026-06-20 08:48:03,Hot
Chennai,33.98,40.98,68,overcast clouds,0.89,2026-06-20 11:12:58,Very Hot
Mumbai,30.76,35.59,65,scattered clouds,5.57,2026-06-20 11:12:58,Hot
Delhi,42.14,41.36,17,clear sky,4.91,2026-06-20 11:12:58,Very Hot
Bengaluru,28.77,31.73,67,heavy intensity rain,1.16,2026-06-20 11:12:58,Warm
Hyderabad,37.46,36.85,24,overcast clouds,3.58,2026-06-20 11:12:58,Hot
Tirunelveli,37.97,37.86,25,scattered clouds,6.54,2026-06-20 11:12:58,Hot
Madurai,35.31,36.08,34,broken clouds,1.02,2026-06-20 11:12:58,Hot
Theni,32.59,34.0,44,scattered clouds,4.89,2026-06-20 11:12:58,Hot
Chennai,31.65,38.65,77,overcast clouds,0.89,2026-06-20 13:51:11,Very Hot
Mumbai,30.73,35.26,64,clear sky,4.65,2026-06-20 13:51:11,Hot
Delhi,40.5,39.46,18,clear sky,5.27,2026-06-20 13:51:11,Very Hot
Bengaluru,22.18,22.86,92,overcast clouds,4.3,2026-06-20 13:51:11,Comfortable
Hyderabad,32.36,33.4,43,overcast clouds,3.0,2026-06-20 13:51:11,Hot
Tirunelveli,33.04,35.54,47,overcast clouds,6.06,2026-06-20 13:51:11,Hot
Madurai,31.02,33.48,54,overcast clouds,3.48,2026-06-20 13:51:12,Hot
Theni,28.48,30.59,63,overcast clouds,2.98,2026-06-20 13:51:12,Warm
Chennai,30.81,37.81,80,overcast clouds,0.89,2026-06-20 15:43:24,Hot
Mumbai,30.35,36.17,71,clear sky,4.58,2026-06-20 15:43:24,Hot
Delhi,39.15,38.47,21,few clouds,4.86,2026-06-20 15:43:24,Very Hot
Bengaluru,22.18,22.83,91,overcast clouds,2.04,2026-06-20 15:43:24,Comfortable
Hyderabad,30.4,31.83,51,overcast clouds,4.01,2026-06-20 15:43:24,Warm
Tirunelveli,30.29,33.18,59,overcast clouds,5.06,2026-06-20 15:43:24,Hot
Madurai,29.37,32.76,66,overcast clouds,2.83,2026-06-20 15:43:24,Hot
Theni,27.36,29.48,70,overcast clouds,2.7,2026-06-20 15:43:24,Warm
Chennai,29.42,36.42,86,overcast clouds,6.4,2026-06-20 17:21:36,Hot
Mumbai,30.18,36.26,73,few clouds,4.67,2026-06-20 17:21:36,Hot
Delhi,38.12,37.81,24,few clouds,4.51,2026-06-20 17:21:36,Hot
Bengaluru,22.18,22.83,91,overcast clouds,3.5,2026-06-20 17:21:36,Comfortable
Hyderabad,30.4,31.83,51,overcast clouds,3.85,2026-06-20 17:21:36,Warm
Tirunelveli,29.81,32.67,61,overcast clouds,4.24,2026-06-20 17:21:36,Hot
Madurai,29.2,32.78,68,overcast clouds,2.13,2026-06-20 17:21:37,Hot
Theni,26.96,29.12,74,overcast clouds,2.28,2026-06-20 17:21:37,Warm
Chennai,28.9,35.33,84,overcast clouds,5.89,2026-06-20 19:18:02,Hot
Mumbai,29.77,35.43,74,broken clouds,3.94,2026-06-20 19:18:02,Hot
Delhi,36.5,37.22,31,scattered clouds,4.5,2026-06-20 19:18:03,Hot
Bengaluru,22.45,23.0,86,overcast clouds,4.35,2026-06-20 19:18:03,Comfortable
Hyderabad,30.75,32.02,49,overcast clouds,4.94,2026-06-20 19:18:03,Hot
Tirunelveli,29.31,31.91,62,overcast clouds,3.7,2026-06-20 19:18:03,Warm
Madurai,28.18,31.6,74,overcast clouds,1.66,2026-06-20 19:18:03,Warm
Theni,26.72,28.75,75,overcast clouds,1.89,2026-06-20 19:18:03,Warm
Chennai,28.78,34.34,81,overcast clouds,5.62,2026-06-20 21:11:47,Hot
Mumbai,29.75,35.14,73,scattered clouds,4.44,2026-06-20 21:11:47,Hot
Delhi,35.35,35.89,33,scattered clouds,4.61,2026-06-20 21:11:47,Hot
Bengaluru,22.16,22.73,88,overcast clouds,4.68,2026-06-20 21:11:47,Comfortable
Hyderabad,29.18,30.87,57,overcast clouds,6.14,2026-06-20 21:11:47,Warm
Tirunelveli,28.6,31.09,65,broken clouds,3.31,2026-06-20 21:11:47,Warm
Madurai,28.26,31.47,72,overcast clouds,1.83,2026-06-20 21:11:47,Warm
Theni,26.23,26.23,76,overcast clouds,2.17,2026-06-20 21:11:47,Comfortable
Chennai,29.12,35.3,81,overcast clouds,0.89,2026-06-20 23:02:56,Hot
Mumbai,29.55,34.86,74,scattered clouds,4.73,2026-06-20 23:02:57,Hot
Delhi,34.42,35.14,36,broken clouds,4.15,2026-06-20 23:02:57,Hot
Bengaluru,21.61,22.12,88,overcast clouds,5.37,2026-06-20 23:02:57,Comfortable
Hyderabad,27.07,28.56,65,overcast clouds,7.11,2026-06-20 23:02:57,Warm
Tirunelveli,28.04,30.35,67,broken clouds,2.4,2026-06-20 23:02:57,Warm
Madurai,27.94,30.81,72,broken clouds,1.41,2026-06-20 23:02:57,Warm
Theni,25.68,26.31,77,overcast clouds,2.11,2026-06-20 23:02:57,Comfortable
Chennai,30.96,37.96,74,overcast clouds,4.88,2026-06-21 03:37:15,Hot
Mumbai,30.29,35.5,69,few clouds,3.75,2026-06-21 03:37:16,Hot
Delhi,34.84,35.57,35,clear sky,4.08,2026-06-21 03:37:16,Hot
Bengaluru,24.69,25.3,80,overcast clouds,3.88,2026-06-21 03:37:16,Comfortable
Hyderabad,27.92,29.33,60,overcast clouds,6.6,2026-06-21 03:37:16,Warm
Tirunelveli,31.71,34.07,51,scattered clouds,1.58,2026-06-21 03:37:16,Hot
Madurai,30.62,33.61,58,overcast clouds,2.24,2026-06-21 03:37:16,Hot
Theni,30.12,32.66,58,overcast clouds,2.46,2026-06-21 03:37:16,Hot
Chennai,34.98,41.98,64,overcast clouds,0.89,2026-06-21 08:25:20,Very Hot
Mumbai,30.85,36.07,66,clear sky,4.95,2026-06-21 08:25:20,Hot
Delhi,40.41,40.65,22,clear sky,2.72,2026-06-21 08:25:20,Very Hot
Bengaluru,29.08,31.65,63,overcast clouds,3.07,2026-06-21 08:25:20,Warm
Hyderabad,34.65,34.8,33,overcast clouds,3.52,2026-06-21 08:25:21,Hot
Tirunelveli,37.96,40.07,32,broken clouds,0.93,2026-06-21 08:25:21,Very Hot
Madurai,34.56,37.29,43,overcast clouds,2.73,2026-06-21 08:25:21,Hot
Theni,33.76,36.64,46,overcast clouds,4.39,2026-06-21 08:25:21,Hot
Chennai,30.51,37.51,76,overcast clouds,5.88,2026-06-21 11:42:19,Hot
Mumbai,30.94,36.85,68,clear sky,5.53,2026-06-21 11:42:19,Hot
Delhi,40.01,40.38,23,few clouds,6.12,2026-06-21 11:42:19,Very Hot
Bengaluru,28.83,31.52,65,overcast clouds,4.56,2026-06-21 11:42:19,Warm
Hyderabad,34.24,34.4,34,overcast clouds,5.13,2026-06-21 11:42:19,Hot
Tirunelveli,35.47,37.79,39,overcast clouds,6.23,2026-06-21 11:42:19,Hot
Madurai,34.26,36.72,43,overcast clouds,4.18,2026-06-21 11:42:19,Hot
Theni,31.11,34.1,56,overcast clouds,3.55,2026-06-21 11:42:19,Hot
Chennai,28.87,35.02,83,overcast clouds,1.34,2026-06-21 13:58:50,Hot
Mumbai,30.65,36.67,70,scattered clouds,5.57,2026-06-21 13:58:50,Hot
Delhi,40.35,39.88,20,few clouds,5.22,2026-06-21 13:58:50,Very Hot
Bengaluru,28.59,31.22,66,light rain,1.63,2026-06-21 13:58:50,Warm
Hyderabad,29.13,29.24,45,overcast clouds,4.84,2026-06-21 13:58:50,Warm
Tirunelveli,32.22,34.77,50,overcast clouds,4.16,2026-06-21 13:58:50,Hot
Madurai,30.54,34.59,63,overcast clouds,4.7,2026-06-21 13:58:50,Hot
Theni,28.04,30.74,70,overcast clouds,3.33,2026-06-21 13:58:51,Warm
Chennai,28.31,33.24,82,overcast clouds,1.34,2026-06-21 15:57:29,Hot
Mumbai,30.63,36.35,69,scattered clouds,4.38,2026-06-21 15:57:29,Hot
Delhi,38.9,38.12,21,clear sky,4.74,2026-06-21 15:57:29,Very Hot
Bengaluru,28.98,31.97,66,overcast clouds,0.99,2026-06-21 15:57:29,Warm
Hyderabad,27.41,29.07,65,overcast clouds,7.04,2026-06-21 15:57:29,Warm
Tirunelveli,30.18,32.97,59,overcast clouds,5.31,2026-06-21 15:57:29,Hot
Madurai,30.6,34.72,63,overcast clouds,2.86,2026-06-21 15:57:29,Hot
Theni,27.02,29.32,75,overcast clouds,2.34,2026-06-21 15:57:29,Warm
Chennai,29.05,33.42,73,overcast clouds,1.34,2026-06-21 17:40:02,Hot
Mumbai,30.41,36.33,71,scattered clouds,4.68,2026-06-21 17:40:02,Hot
Delhi,35.39,35.71,32,scattered clouds,5.32,2026-06-21 17:40:02,Hot
Bengaluru,24.38,24.96,80,overcast clouds,2.44,2026-06-21 17:40:02,Comfortable
Hyderabad,25.24,25.86,78,overcast clouds,5.24,2026-06-21 17:40:02,Comfortable
Tirunelveli,29.25,31.63,61,overcast clouds,4.56,2026-06-21 17:40:02,Warm
Madurai,28.94,32.6,70,overcast clouds,3.3,2026-06-21 17:40:02,Hot
Theni,26.34,26.34,77,overcast clouds,3.41,2026-06-21 17:40:03,Comfortable
Chennai,29.07,35.85,84,overcast clouds,1.34,2026-06-21 19:23:48,Hot
Mumbai,29.96,35.68,73,clear sky,4.45,2026-06-21 19:23:48,Hot
Delhi,34.51,34.81,34,clear sky,4.22,2026-06-21 19:23:48,Hot
Bengaluru,23.27,23.85,84,overcast clouds,4.73,2026-06-21 19:23:48,Comfortable
Hyderabad,27.14,28.75,66,overcast clouds,1.21,2026-06-21 19:23:48,Warm
Tirunelveli,29.04,31.58,63,overcast clouds,4.01,2026-06-21 19:23:48,Warm
Madurai,29.18,33.12,70,overcast clouds,1.73,2026-06-21 19:23:48,Hot
Theni,26.46,26.46,77,overcast clouds,2.85,2026-06-21 19:23:49,Comfortable
Chennai,27.52,31.44,84,overcast clouds,1.79,2026-06-21 21:09:45,Warm
Mumbai,29.56,34.89,74,few clouds,4.33,2026-06-21 21:09:45,Hot
Delhi,33.51,33.94,37,clear sky,1.53,2026-06-21 21:09:45,Hot
Bengaluru,22.72,23.27,85,overcast clouds,5.81,2026-06-21 21:09:45,Comfortable
Hyderabad,27.88,29.6,63,overcast clouds,3.41,2026-06-21 21:09:46,Warm
Tirunelveli,28.48,30.87,65,overcast clouds,3.62,2026-06-21 21:09:46,Warm
Madurai,28.12,31.33,73,overcast clouds,2.81,2026-06-21 21:09:46,Warm
Theni,25.79,26.46,78,overcast clouds,2.8,2026-06-21 21:09:46,Comfortable
Chennai,27.13,30.34,83,overcast clouds,2.24,2026-06-21 23:07:37,Warm
Mumbai,29.67,34.47,71,few clouds,4.05,2026-06-21 23:07:37,Hot
Delhi,33.63,34.12,37,scattered clouds,1.23,2026-06-21 23:07:37,Hot
Bengaluru,22.16,22.7,87,overcast clouds,4.08,2026-06-21 23:07:37,Comfortable
Hyderabad,27.27,28.6,62,overcast clouds,4.26,2026-06-21 23:07:37,Warm
Tirunelveli,27.98,30.12,66,overcast clouds,3.14,2026-06-21 23:07:37,Warm
Madurai,27.72,30.5,73,overcast clouds,2.18,2026-06-21 23:07:37,Warm
Theni,25.54,26.21,79,overcast clouds,3.04,2026-06-21 23:07:37,Comfortable
Chennai,29.77,36.18,77,overcast clouds,1.34,2026-06-22 03:41:24,Hot
Mumbai,29.81,34.81,71,few clouds,4.59,2026-06-22 03:41:24,Hot
Delhi,35.34,35.63,32,scattered clouds,4.23,2026-06-22 03:41:24,Hot
Bengaluru,28.12,30.36,66,overcast clouds,4.87,2026-06-22 03:41:24,Warm
Hyderabad,32.4,33.47,43,scattered clouds,5.62,2026-06-22 03:41:25,Hot
Tirunelveli,31.12,33.02,51,overcast clouds,2.21,2026-06-22 03:41:25,Hot
Madurai,30.76,33.44,56,overcast clouds,2.21,2026-06-22 03:41:25,Hot
Theni,29.67,32.21,60,overcast clouds,3.97,2026-06-22 03:41:25,Hot
Chennai,34.4,41.4,68,overcast clouds,1.79,2026-06-22 09:44:33,Very Hot
Mumbai,30.37,36.22,71,clear sky,5.87,2026-06-22 09:44:33,Hot
Delhi,40.58,39.57,18,scattered clouds,3.81,2026-06-22 09:44:34,Very Hot
Bengaluru,29.02,31.38,62,overcast clouds,4.13,2026-06-22 09:44:34,Warm
Hyderabad,35.49,36.11,33,scattered clouds,5.44,2026-06-22 09:44:34,Hot
Tirunelveli,34.72,36.7,40,overcast clouds,5.91,2026-06-22 09:44:34,Hot
Madurai,33.5,35.86,45,overcast clouds,2.77,2026-06-22 09:44:34,Hot
Theni,32.39,35.35,51,broken clouds,6.02,2026-06-22 09:44:34,Hot
Chennai,29.49,34.26,72,overcast clouds,0.45,2026-06-22 15:20:25,Hot
Mumbai,29.98,36.24,75,clear sky,6.6,2026-06-22 15:20:25,Hot
Delhi,35.03,35.63,34,broken clouds,7.98,2026-06-22 15:20:25,Hot
Bengaluru,26.02,26.02,75,overcast clouds,6.4,2026-06-22 15:20:25,Comfortable
Hyderabad,31.21,32.97,50,overcast clouds,4.23,2026-06-22 15:20:25,Hot
Tirunelveli,28.82,30.88,61,overcast clouds,6.29,2026-06-22 15:20:25,Warm
Madurai,29.54,31.3,56,light rain,6.06,2026-06-22 15:20:25,Warm
Theni,26.48,26.48,72,overcast clouds,5.81,2026-06-22 15:20:25,Comfortable
Chennai,29.79,34.76,71,overcast clouds,0.89,2026-06-22 19:22:01,Hot
Mumbai,29.64,35.09,74,scattered clouds,5.52,2026-06-22 19:22:01,Hot
Delhi,35.22,34.02,25,scattered clouds,3.08,2026-06-22 19:22:01,Hot
Bengaluru,22.72,23.24,84,overcast clouds,5.46,2026-06-22 19:22:01,Comfortable
Hyderabad,27.0,28.69,68,overcast clouds,4.49,2026-06-22 19:22:02,Warm
Tirunelveli,29.13,30.94,58,overcast clouds,4.07,2026-06-22 19:22:02,Warm
Madurai,27.11,28.78,67,overcast clouds,4.49,2026-06-22 19:22:02,Warm
Theni,25.66,26.27,76,overcast clouds,3.14,2026-06-22 19:22:02,Comfortable
Chennai,29.12,33.79,74,overcast clouds,1.34,2026-06-22 21:59:16,Hot
Mumbai,29.08,33.89,75,broken clouds,4.3,2026-06-22 21:59:16,Hot
Delhi,34.26,33.64,30,broken clouds,2.92,2026-06-22 21:59:16,Hot
Bengaluru,21.88,22.34,85,overcast clouds,5.64,2026-06-22 21:59:16,Comfortable
Hyderabad,25.81,26.4,75,light rain,3.31,2026-06-22 21:59:16,Comfortable
Tirunelveli,27.96,29.61,62,overcast clouds,5.01,2026-06-22 21:59:16,Warm
Madurai,27.14,28.92,68,overcast clouds,2.74,2026-06-22 21:59:16,Warm
Theni,25.9,26.4,71,overcast clouds,3.5,2026-06-22 21:59:16,Comfortable
Chennai,29.03,33.77,75,overcast clouds,0.89,2026-06-22 23:25:21,Hot
Mumbai,28.59,33.06,77,broken clouds,3.94,2026-06-22 23:25:21,Hot
Delhi,33.93,33.55,32,broken clouds,2.76,2026-06-22 23:25:22,Hot
Bengaluru,21.61,22.1,87,overcast clouds,5.46,2026-06-22 23:25:22,Comfortable
Hyderabad,25.5,26.12,77,overcast clouds,2.19,2026-06-22 23:25:22,Comfortable
Tirunelveli,27.76,29.52,64,overcast clouds,5.28,2026-06-22 23:25:22,Warm
Madurai,26.9,28.61,69,overcast clouds,2.62,2026-06-22 23:25:22,Warm
Theni,25.83,26.3,70,overcast clouds,4.86,2026-06-22 23:25:22,Comfortable
Chennai,31.29,36.57,64,overcast clouds,2.24,2026-06-23 02:46:23,Hot
Mumbai,27.02,30.38,86,moderate rain,7.08,2026-06-23 02:46:23,Warm
Delhi,34.6,34.51,32,clear sky,2.79,2026-06-23 02:46:24,Hot
Bengaluru,22.16,22.65,85,overcast clouds,6.3,2026-06-23 02:46:24,Comfortable
Hyderabad,25.8,26.45,77,overcast clouds,5.08,2026-06-23 02:46:24,Comfortable
Tirunelveli,28.61,30.39,60,overcast clouds,5.81,2026-06-23 02:46:24,Warm
Madurai,29.5,30.77,53,overcast clouds,3.33,2026-06-23 02:46:24,Warm
Theni,28.3,30.15,62,overcast clouds,4.69,2026-06-23 02:46:24,Warm
Chennai,35.45,42.45,52,overcast clouds,2.24,2026-06-23 06:46:13,Very Hot
Mumbai,27.86,31.61,79,light rain,6.39,2026-06-23 06:46:13,Warm
Delhi,39.43,39.48,23,clear sky,3.36,2026-06-23 06:46:13,Very Hot
Bengaluru,28.04,29.86,63,overcast clouds,7.46,2026-06-23 06:46:13,Warm
Hyderabad,32.32,34.23,47,broken clouds,7.17,2026-06-23 06:46:13,Hot
Tirunelveli,28.84,30.34,57,overcast clouds,4.99,2026-06-23 06:46:13,Warm
Madurai,34.44,35.67,38,overcast clouds,4.59,2026-06-23 06:46:13,Hot
Theni,33.25,35.4,45,overcast clouds,5.58,2026-06-23 06:46:13,Hot
Chennai,35.08,42.08,61,overcast clouds,0.89,2026-06-23 10:34:05,Very Hot
Mumbai,27.82,31.51,79,light rain,6.08,2026-06-23 10:34:05,Warm
Delhi,41.66,40.7,17,clear sky,4.87,2026-06-23 10:34:05,Very Hot
Bengaluru,28.99,30.57,57,overcast clouds,6.81,2026-06-23 10:34:05,Warm
Hyderabad,33.06,34.56,43,overcast clouds,6.26,2026-06-23 10:34:05,Hot
Tirunelveli,33.32,35.52,45,overcast clouds,6.03,2026-06-23 10:34:06,Hot
Madurai,31.9,33.5,47,overcast clouds,5.38,2026-06-23 10:34:06,Hot
Theni,31.5,34.15,53,overcast clouds,4.3,2026-06-23 10:34:06,Hot
Chennai,31.62,38.62,73,overcast clouds,1.34,2026-06-23 13:41:34,Very Hot
Mumbai,27.07,30.61,87,overcast clouds,7.77,2026-06-23 13:41:34,Warm
Delhi,39.06,38.34,21,clear sky,4.34,2026-06-23 13:41:34,Very Hot
Bengaluru,24.69,25.09,72,overcast clouds,6.73,2026-06-23 13:41:34,Comfortable
Hyderabad,30.71,31.78,48,overcast clouds,6.16,2026-06-23 13:41:34,Warm
Tirunelveli,30.55,32.64,54,scattered clouds,5.09,2026-06-23 13:41:34,Hot
Madurai,29.76,32.01,58,overcast clouds,2.93,2026-06-23 13:41:34,Hot
Theni,27.76,29.86,67,overcast clouds,4.96,2026-06-23 13:41:34,Warm
Chennai,29.47,36.47,82,overcast clouds,1.34,2026-06-23 16:25:14,Hot
Mumbai,27.6,31.52,83,overcast clouds,8.14,2026-06-23 16:25:15,Warm
Delhi,37.65,37.38,25,scattered clouds,3.78,2026-06-23 16:25:15,Hot
Bengaluru,23.56,23.9,74,overcast clouds,6.47,2026-06-23 16:25:15,Comfortable
Hyderabad,28.19,29.73,60,overcast clouds,7.5,2026-06-23 16:25:15,Warm
Tirunelveli,28.98,31.47,63,broken clouds,4.53,2026-06-23 16:25:15,Warm
Madurai,27.68,29.83,68,overcast clouds,4.34,2026-06-23 16:25:15,Warm
Theni,27.23,28.97,67,overcast clouds,3.69,2026-06-23 16:25:15,Warm
Chennai,29.4,36.4,86,moderate rain,0.89,2026-06-23 19:07:54,Hot
Mumbai,27.11,29.99,80,heavy intensity rain,7.35,2026-06-23 19:07:54,Warm
Delhi,35.51,35.2,29,scattered clouds,1.62,2026-06-23 19:07:54,Hot
Bengaluru,22.16,22.47,78,overcast clouds,5.75,2026-06-23 19:07:54,Comfortable
Hyderabad,26.88,27.93,60,broken clouds,6.95,2026-06-23 19:07:54,Warm
Tirunelveli,27.8,29.7,65,overcast clouds,4.63,2026-06-23 19:07:54,Warm
Madurai,27.5,29.42,67,overcast clouds,3.21,2026-06-23 19:07:55,Warm
Theni,26.46,26.46,68,overcast clouds,1.39,2026-06-23 19:07:55,Comfortable
Chennai,29.6,36.6,82,overcast clouds,0.45,2026-06-23 21:28:30,Hot
Mumbai,26.72,29.37,83,moderate rain,6.49,2026-06-23 21:28:30,Warm
Delhi,35.09,34.8,30,scattered clouds,0.78,2026-06-23 21:28:30,Hot
Bengaluru,21.61,21.94,81,overcast clouds,5.22,2026-06-23 21:28:30,Comfortable
Hyderabad,25.39,25.68,65,overcast clouds,7.37,2026-06-23 21:28:30,Comfortable
Tirunelveli,27.35,28.89,64,overcast clouds,4.58,2026-06-23 21:28:30,Warm
Madurai,27.36,29.18,67,overcast clouds,2.42,2026-06-23 21:28:31,Warm
Theni,25.65,26.12,71,overcast clouds,1.43,2026-06-23 21:28:31,Comfortable
Chennai,30.32,35.57,69,overcast clouds,1.79,2026-06-23 23:04:44,Hot
Mumbai,26.56,26.56,87,moderate rain,6.51,2026-06-23 23:04:45,Comfortable
Delhi,34.54,34.42,32,scattered clouds,0.71,2026-06-23 23:04:45,Hot
Bengaluru,21.05,21.35,82,overcast clouds,5.4,2026-06-23 23:04:45,Comfortable
Hyderabad,24.96,25.34,70,overcast clouds,6.42,2026-06-23 23:04:45,Comfortable
Tirunelveli,27.02,28.48,65,overcast clouds,4.51,2026-06-23 23:04:45,Warm
Madurai,26.99,28.6,67,overcast clouds,2.03,2026-06-23 23:04:45,Warm
Theni,25.15,25.57,71,overcast clouds,1.18,2026-06-23 23:04:45,Comfortable
Chennai,30.62,34.52,62,overcast clouds,1.79,2026-06-24 02:47:00,Hot
Mumbai,26.25,26.25,86,moderate rain,5.77,2026-06-24 02:47:00,Comfortable
Delhi,35.4,35.48,31,clear sky,0.99,2026-06-24 02:47:00,Hot
Bengaluru,22.73,23.2,82,overcast clouds,6.19,2026-06-24 02:47:00,Comfortable
Hyderabad,26.91,28.25,64,overcast clouds,7.51,2026-06-24 02:47:00,Warm
Tirunelveli,30.9,31.9,47,overcast clouds,4.54,2026-06-24 02:47:00,Warm
Madurai,29.18,30.43,54,overcast clouds,2.92,2026-06-24 02:47:00,Warm
Theni,27.59,28.77,59,overcast clouds,2.96,2026-06-24 02:47:00,Warm
Chennai,35.08,40.47,49,broken clouds,1.34,2026-06-24 06:43:13,Very Hot
Mumbai,26.56,26.56,85,light rain,4.11,2026-06-24 06:43:14,Comfortable
Delhi,39.68,39.86,23,clear sky,1.83,2026-06-24 06:43:14,Very Hot
Bengaluru,26.09,26.09,60,overcast clouds,6.88,2026-06-24 06:43:14,Comfortable
Hyderabad,29.68,31.2,54,overcast clouds,6.85,2026-06-24 06:43:14,Warm
Tirunelveli,35.46,36.33,34,overcast clouds,5.95,2026-06-24 06:43:14,Hot
Madurai,33.58,34.49,39,overcast clouds,2.41,2026-06-24 06:43:14,Hot
Theni,33.18,34.77,43,overcast clouds,3.62,2026-06-24 06:43:14,Hot
Chennai,35.66,42.66,52,overcast clouds,2.24,2026-06-24 10:18:54,Very Hot
Mumbai,27.9,30.6,71,overcast clouds,3.75,2026-06-24 10:18:54,Warm
Delhi,41.55,40.9,18,few clouds,1.83,2026-06-24 10:18:54,Very Hot
Bengaluru,29.07,30.85,58,overcast clouds,7.19,2026-06-24 10:18:54,Warm
Hyderabad,29.83,31.27,53,overcast clouds,6.96,2026-06-24 10:18:54,Warm
Tirunelveli,36.05,37.61,35,overcast clouds,7.56,2026-06-24 10:18:54,Hot
Madurai,35.23,36.21,35,overcast clouds,0.95,2026-06-24 10:18:54,Hot
Theni,33.07,35.59,47,overcast clouds,5.28,2026-06-24 10:18:54,Hot
Chennai,32.77,39.77,67,overcast clouds,2.68,2026-06-24 13:17:28,Very Hot
Mumbai,28.02,30.84,71,overcast clouds,5.72,2026-06-24 13:17:29,Warm
Delhi,39.85,38.87,19,clear sky,1.3,2026-06-24 13:17:29,Very Hot
Bengaluru,25.68,26.05,67,overcast clouds,7.36,2026-06-24 13:17:29,Comfortable
Hyderabad,28.42,30.09,60,overcast clouds,6.53,2026-06-24 13:17:29,Warm
Tirunelveli,32.56,33.95,44,overcast clouds,6.97,2026-06-24 13:17:29,Hot
Madurai,31.93,33.77,48,broken clouds,4.8,2026-06-24 13:17:29,Hot
Theni,28.04,30.48,68,overcast clouds,4.67,2026-06-24 13:17:29,Warm
Chennai,32.6,38.18,59,broken clouds,1.34,2026-06-24 16:14:07,Very Hot
Mumbai,27.44,30.28,76,overcast clouds,4.44,2026-06-24 16:14:07,Warm
Delhi,37.8,38.47,28,few clouds,5.71,2026-06-24 16:14:07,Very Hot
Bengaluru,24.38,24.81,74,overcast clouds,6.56,2026-06-24 16:14:07,Comfortable
Hyderabad,26.81,28.18,65,overcast clouds,6.87,2026-06-24 16:14:07,Warm
Tirunelveli,29.28,31.19,58,overcast clouds,6.54,2026-06-24 16:14:07,Warm
Madurai,29.73,31.78,57,overcast clouds,2.84,2026-06-24 16:14:08,Warm
Theni,26.58,26.58,71,overcast clouds,3.13,2026-06-24 16:14:08,Comfortable
Chennai,32.31,37.81,60,overcast clouds,0.89,2026-06-24 18:48:06,Hot
Mumbai,28.02,30.57,69,overcast clouds,4.44,2026-06-24 18:48:06,Warm
Delhi,36.56,36.52,28,broken clouds,3.65,2026-06-24 18:48:06,Hot
Bengaluru,21.3,21.71,85,broken clouds,5.54,2026-06-24 18:48:06,Comfortable
Hyderabad,24.98,25.47,74,broken clouds,6.56,2026-06-24 18:48:06,Comfortable
Tirunelveli,29.02,30.77,58,overcast clouds,4.32,2026-06-24 18:48:06,Warm
Madurai,28.1,29.95,63,overcast clouds,3.73,2026-06-24 18:48:06,Warm
Theni,25.48,26.02,74,overcast clouds,2.71,2026-06-24 18:48:06,Comfortable
Chennai,31.54,36.88,63,overcast clouds,1.79,2026-06-24 20:44:56,Hot
Mumbai,27.86,31.05,75,overcast clouds,3.56,2026-06-24 20:44:56,Warm
Delhi,36.2,35.98,28,scattered clouds,1.9,2026-06-24 20:44:56,Hot
Bengaluru,21.88,22.34,85,overcast clouds,5.63,2026-06-24 20:44:56,Comfortable
Hyderabad,24.34,24.87,78,overcast clouds,6.05,2026-06-24 20:44:56,Comfortable
Tirunelveli,28.66,30.47,60,overcast clouds,3.88,2026-06-24 20:44:56,Warm
Madurai,27.58,29.34,65,overcast clouds,3.9,2026-06-24 20:44:56,Warm
Theni,24.82,25.29,74,overcast clouds,2.37,2026-06-24 20:44:56,Comfortable
Chennai,30.97,36.08,65,overcast clouds,2.68,2026-06-24 22:13:03,Hot
Mumbai,27.54,30.85,79,overcast clouds,2.78,2026-06-24 22:13:03,Warm
Delhi,35.66,35.88,31,scattered clouds,1.69,2026-06-24 22:13:03,Hot
Bengaluru,21.32,21.78,87,overcast clouds,5.38,2026-06-24 22:13:03,Comfortable
Hyderabad,24.37,24.9,78,overcast clouds,5.85,2026-06-24 22:13:03,Comfortable
Tirunelveli,28.39,30.17,61,overcast clouds,3.46,2026-06-24 22:13:03,Warm
Madurai,27.51,29.23,65,overcast clouds,3.3,2026-06-24 22:13:03,Warm
Theni,24.46,24.92,75,overcast clouds,2.6,2026-06-24 22:13:03,Comfortable
Chennai,30.25,34.43,65,overcast clouds,1.34,2026-06-25 00:05:29,Hot
Mumbai,27.2,30.4,82,overcast clouds,2.85,2026-06-25 00:05:29,Warm
Delhi,35.36,35.91,33,scattered clouds,0.89,2026-06-25 00:05:30,Hot
Bengaluru,20.77,21.2,88,overcast clouds,4.74,2026-06-25 00:05:30,Comfortable
Hyderabad,24.29,24.63,71,overcast clouds,5.79,2026-06-25 00:05:30,Comfortable
Tirunelveli,27.52,28.95,62,overcast clouds,3.38,2026-06-25 00:05:31,Warm
Madurai,26.95,28.38,65,overcast clouds,3.54,2026-06-25 00:05:32,Warm
Theni,24.17,24.63,76,overcast clouds,2.38,2026-06-25 00:05:32,Comfortable
Chennai,35.05,41.6,52,overcast clouds,3.13,2026-06-25 05:00:48,Very Hot
Mumbai,27.75,31.35,79,overcast clouds,2.7,2026-06-25 05:00:48,Warm
Delhi,38.2,38.5,26,few clouds,2.08,2026-06-25 05:00:48,Very Hot
Bengaluru,28.17,30.07,63,broken clouds,7.1,2026-06-25 05:00:48,Warm
Hyderabad,28.81,30.03,55,overcast clouds,5.44,2026-06-25 05:00:48,Warm
Tirunelveli,34.95,36.01,36,overcast clouds,4.16,2026-06-25 05:00:48,Hot
Madurai,32.53,33.68,43,broken clouds,3.68,2026-06-25 05:00:48,Hot
Theni,31.6,33.21,48,overcast clouds,3.65,2026-06-25 05:00:48,Hot
Chennai,37.93,44.93,45,overcast clouds,1.34,2026-06-25 08:53:33,Very Hot
Mumbai,28.83,32.9,73,overcast clouds,3.84,2026-06-25 08:53:33,Hot
Delhi,41.54,41.25,19,clear sky,1.9,2026-06-25 08:53:33,Very Hot
Bengaluru,28.95,31.42,63,overcast clouds,6.59,2026-06-25 08:53:33,Warm
Hyderabad,29.3,31.07,57,overcast clouds,6.43,2026-06-25 08:53:34,Warm
Tirunelveli,37.65,39.51,32,overcast clouds,8.23,2026-06-25 08:53:34,Very Hot
Madurai,36.11,37.72,35,overcast clouds,1.51,2026-06-25 08:53:34,Hot
Theni,32.99,35.44,47,overcast clouds,5.22,2026-06-25 08:53:34,Hot
Chennai,32.35,39.35,68,overcast clouds,2.24,2026-06-25 11:37:02,Very Hot
Mumbai,29.29,33.78,72,overcast clouds,4.57,2026-06-25 11:37:02,Hot
Delhi,42.09,41.29,17,clear sky,0.49,2026-06-25 11:37:02,Very Hot
Bengaluru,28.67,31.22,65,overcast clouds,6.01,2026-06-25 11:37:02,Warm
Hyderabad,28.9,30.57,58,overcast clouds,5.73,2026-06-25 11:37:02,Warm
Tirunelveli,34.33,36.0,40,overcast clouds,8.11,2026-06-25 11:37:02,Hot
Madurai,34.15,35.95,41,overcast clouds,4.79,2026-06-25 11:37:02,Hot
Theni,29.97,32.58,59,overcast clouds,4.74,2026-06-25 11:37:02,Hot
Chennai,31.09,38.09,74,overcast clouds,2.68,2026-06-25 14:16:44,Very Hot
Mumbai,29.55,33.97,70,overcast clouds,5.15,2026-06-25 14:16:44,Hot
Delhi,40.72,39.76,18,clear sky,1.38,2026-06-25 14:16:44,Very Hot
Bengaluru,28.67,30.92,63,overcast clouds,6.9,2026-06-25 14:16:44,Warm
Hyderabad,28.44,29.99,59,overcast clouds,3.48,2026-06-25 14:16:44,Warm
Tirunelveli,31.39,33.07,49,clear sky,6.47,2026-06-25 14:16:45,Hot
Madurai,30.49,32.34,53,overcast clouds,3.7,2026-06-25 14:16:45,Hot
Theni,27.01,28.96,71,overcast clouds,4.54,2026-06-25 14:16:45,Warm
Chennai,28.75,35.54,87,overcast clouds,2.24,2026-06-25 17:08:43,Hot
Mumbai,29.38,34.65,75,overcast clouds,5.02,2026-06-25 17:08:43,Hot
Delhi,37.82,39.47,31,clear sky,5.33,2026-06-25 17:08:43,Very Hot
Bengaluru,21.84,22.3,85,overcast clouds,5.67,2026-06-25 17:08:43,Comfortable
Hyderabad,27.7,29.43,64,overcast clouds,4.88,2026-06-25 17:08:43,Warm
Tirunelveli,29.14,31.27,60,scattered clouds,5.35,2026-06-25 17:08:43,Warm
Madurai,29.2,31.06,58,overcast clouds,3.87,2026-06-25 17:08:44,Warm
Theni,25.77,26.33,74,broken clouds,3.36,2026-06-25 17:08:44,Comfortable
Chennai,29.37,35.31,78,very heavy rain,0.45,2026-06-25 19:52:16,Hot
Mumbai,28.81,33.42,76,few clouds,4.27,2026-06-25 19:52:16,Hot
Delhi,37.12,37.95,30,clear sky,3.98,2026-06-25 19:52:16,Hot
Bengaluru,21.59,22.0,84,overcast clouds,5.26,2026-06-25 19:52:17,Comfortable
Hyderabad,26.08,26.08,72,overcast clouds,6.39,2026-06-25 19:52:17,Comfortable
Tirunelveli,28.11,29.97,63,broken clouds,4.45,2026-06-25 19:52:17,Warm
Madurai,27.87,29.59,63,overcast clouds,3.81,2026-06-25 19:52:17,Warm
Theni,25.03,25.49,73,overcast clouds,2.44,2026-06-25 19:52:17,Comfortable
Chennai,29.23,34.49,76,heavy intensity rain,0.89,2026-06-25 21:27:42,Hot
Mumbai,28.36,32.67,78,overcast clouds,3.63,2026-06-25 21:27:42,Hot
Delhi,36.3,36.37,29,clear sky,1.33,2026-06-25 21:27:43,Hot
Bengaluru,21.59,22.02,85,overcast clouds,5.21,2026-06-25 21:27:43,Comfortable
Hyderabad,25.6,26.2,76,overcast clouds,6.32,2026-06-25 21:27:43,Comfortable
Tirunelveli,27.81,29.71,65,scattered clouds,4.58,2026-06-25 21:27:43,Warm
Madurai,27.74,29.38,63,overcast clouds,3.71,2026-06-25 21:27:43,Warm
Theni,24.7,25.13,73,overcast clouds,2.42,2026-06-25 21:27:43,Comfortable
Chennai,28.61,33.49,79,light rain,0.45,2026-06-25 23:13:24,Hot
Mumbai,28.05,31.91,78,overcast clouds,2.97,2026-06-25 23:13:24,Warm
Delhi,35.45,35.8,32,clear sky,2.49,2026-06-25 23:13:24,Hot
Bengaluru,21.32,21.78,87,overcast clouds,5.12,2026-06-25 23:13:24,Comfortable
Hyderabad,24.79,25.44,81,overcast clouds,5.1,2026-06-25 23:13:24,Comfortable
Tirunelveli,27.38,29.12,66,broken clouds,3.46,2026-06-25 23:13:25,Warm
Madurai,27.21,28.68,64,overcast clouds,3.69,2026-06-25 23:13:25,Warm
Theni,24.29,24.63,71,broken clouds,2.49,2026-06-25 23:13:25,Comfortable
Chennai,30.26,37.02,75,overcast clouds,1.34,2026-06-26 02:51:47,Hot
Mumbai,28.44,32.35,75,overcast clouds,3.27,2026-06-26 02:51:47,Hot
Delhi,36.99,38.34,32,few clouds,1.14,2026-06-26 02:51:47,Very Hot
Bengaluru,22.99,23.49,82,overcast clouds,5.87,2026-06-26 02:51:47,Comfortable
Hyderabad,26.4,26.4,71,overcast clouds,4.81,2026-06-26 02:51:47,Comfortable
Tirunelveli,30.91,32.28,49,scattered clouds,4.71,2026-06-26 02:51:47,Hot
Madurai,29.71,30.93,52,overcast clouds,3.22,2026-06-26 02:51:47,Warm
Theni,28.27,29.28,55,overcast clouds,3.85,2026-06-26 02:51:47,Warm
Chennai,34.38,41.13,55,overcast clouds,2.24,2026-06-26 06:52:05,Very Hot
Mumbai,28.98,33.06,72,broken clouds,4.12,2026-06-26 06:52:05,Hot
Delhi,40.95,41.88,23,clear sky,1.96,2026-06-26 06:52:05,Very Hot
Bengaluru,27.9,29.75,64,overcast clouds,6.22,2026-06-26 06:52:05,Warm
Hyderabad,29.06,31.14,60,overcast clouds,7.03,2026-06-26 06:52:05,Warm
Tirunelveli,36.76,37.65,31,few clouds,6.48,2026-06-26 06:52:05,Hot
Madurai,33.66,34.62,39,overcast clouds,2.49,2026-06-26 06:52:05,Hot
Theni,33.53,34.41,39,overcast clouds,3.43,2026-06-26 06:52:05,Hot
Chennai,31.79,38.79,69,overcast clouds,6.87,2026-06-26 10:20:20,Very Hot
Mumbai,29.09,33.51,73,overcast clouds,4.68,2026-06-26 10:20:20,Hot
Delhi,41.5,42.79,23,clear sky,2.36,2026-06-26 10:20:20,Very Hot
Bengaluru,29.13,31.1,59,overcast clouds,5.56,2026-06-26 10:20:20,Warm
Hyderabad,27.33,29.04,66,overcast clouds,7.08,2026-06-26 10:20:20,Warm
Tirunelveli,37.2,38.08,30,broken clouds,7.93,2026-06-26 10:20:20,Very Hot
Madurai,35.35,36.15,34,overcast clouds,0.25,2026-06-26 10:20:20,Hot
Theni,31.89,33.93,49,overcast clouds,7.29,2026-06-26 10:20:20,Hot
Chennai,31.44,38.44,70,overcast clouds,1.79,2026-06-26 13:07:23,Very Hot
Mumbai,29.23,33.85,73,broken clouds,5.01,2026-06-26 13:07:23,Hot
Delhi,41.23,42.34,23,clear sky,5.57,2026-06-26 13:07:23,Very Hot
Bengaluru,28.41,30.07,60,overcast clouds,5.87,2026-06-26 13:07:23,Warm
Hyderabad,28.94,30.78,59,scattered clouds,5.32,2026-06-26 13:07:23,Warm
Tirunelveli,32.63,34.07,44,overcast clouds,7.0,2026-06-26 13:07:24,Hot
Madurai,34.23,35.57,39,overcast clouds,2.57,2026-06-26 13:07:24,Hot
Theni,28.34,30.62,65,overcast clouds,4.96,2026-06-26 13:07:24,Warm
Chennai,30.39,37.39,78,overcast clouds,1.79,2026-06-26 16:12:04,Hot
Mumbai,29.34,34.55,75,broken clouds,4.35,2026-06-26 16:12:04,Hot
Delhi,40.3,41.2,24,few clouds,3.24,2026-06-26 16:12:05,Very Hot
Bengaluru,27.68,29.29,63,overcast clouds,5.28,2026-06-26 16:12:05,Warm
Hyderabad,27.01,28.79,69,scattered clouds,3.7,2026-06-26 16:12:05,Warm
Tirunelveli,29.83,31.96,57,overcast clouds,4.7,2026-06-26 16:12:05,Warm
Madurai,30.4,32.58,55,overcast clouds,1.82,2026-06-26 16:12:05,Hot
Theni,26.63,26.63,70,overcast clouds,3.75,2026-06-26 16:12:05,Comfortable
Chennai,30.43,37.43,77,overcast clouds,1.79,2026-06-26 18:27:49,Hot
Mumbai,29.22,34.46,76,broken clouds,4.75,2026-06-26 18:27:49,Hot
Delhi,39.0,40.13,27,few clouds,3.33,2026-06-26 18:27:49,Very Hot
Bengaluru,24.1,24.58,77,broken clouds,5.22,2026-06-26 18:27:49,Comfortable
Hyderabad,26.38,26.38,71,scattered clouds,4.04,2026-06-26 18:27:49,Comfortable
Tirunelveli,28.75,30.76,61,overcast clouds,4.44,2026-06-26 18:27:49,Warm
Madurai,30.13,31.93,54,overcast clouds,1.92,2026-06-26 18:27:50,Warm
Theni,26.14,26.14,70,overcast clouds,3.12,2026-06-26 18:27:50,Comfortable
Chennai,30.15,35.92,72,overcast clouds,0.45,2026-06-26 20:43:27,Hot
Mumbai,28.81,33.42,76,overcast clouds,4.21,2026-06-26 20:43:28,Hot
Delhi,38.02,38.52,27,clear sky,3.33,2026-06-26 20:43:28,Very Hot
Bengaluru,22.7,23.14,81,overcast clouds,4.44,2026-06-26 20:43:28,Comfortable
Hyderabad,25.85,26.42,74,overcast clouds,4.02,2026-06-26 20:43:28,Comfortable
Tirunelveli,27.68,29.61,66,overcast clouds,3.95,2026-06-26 20:43:28,Warm
Madurai,28.1,29.37,58,overcast clouds,3.72,2026-06-26 20:43:28,Warm
Theni,25.02,25.51,74,overcast clouds,3.25,2026-06-26 20:43:28,Comfortable
Chennai,29.6,34.76,73,overcast clouds,1.34,2026-06-26 22:07:56,Hot
Mumbai,28.56,32.99,77,overcast clouds,3.82,2026-06-26 22:07:56,Hot
Delhi,37.64,38.51,29,clear sky,3.36,2026-06-26 22:07:56,Very Hot
Bengaluru,22.14,22.63,85,scattered clouds,4.78,2026-06-26 22:07:56,Comfortable
Hyderabad,25.66,26.19,73,overcast clouds,4.56,2026-06-26 22:07:57,Comfortable
Tirunelveli,27.58,29.44,66,overcast clouds,4.37,2026-06-26 22:07:57,Warm
Madurai,27.95,29.27,59,overcast clouds,4.65,2026-06-26 22:07:57,Warm
Theni,24.93,25.36,72,broken clouds,3.35,2026-06-26 22:07:57,Comfortable
Chennai,28.82,34.04,79,broken clouds,0.89,2026-06-27 00:01:25,Hot
Mumbai,28.52,32.89,77,overcast clouds,3.09,2026-06-27 00:01:26,Hot
Delhi,36.56,37.32,31,clear sky,1.95,2026-06-27 00:01:26,Hot
Bengaluru,21.32,21.81,88,broken clouds,4.59,2026-06-27 00:01:26,Comfortable
Hyderabad,25.12,25.75,79,overcast clouds,4.0,2026-06-27 00:01:26,Comfortable
Tirunelveli,27.0,28.86,70,overcast clouds,3.89,2026-06-27 00:01:26,Warm
Madurai,27.24,28.55,62,overcast clouds,3.87,2026-06-27 00:01:26,Warm
Theni,24.32,24.74,74,overcast clouds,2.54,2026-06-27 00:01:26,Comfortable
Chennai,35.03,41.55,52,broken clouds,0.89,2026-06-27 04:48:24,Very Hot
Mumbai,29.28,33.97,73,scattered clouds,3.15,2026-06-27 04:48:24,Hot
Delhi,40.52,41.57,24,clear sky,2.28,2026-06-27 04:48:25,Very Hot
Bengaluru,26.88,28.43,67,scattered clouds,5.92,2026-06-27 04:48:25,Warm
Hyderabad,28.9,31.49,64,light rain,6.54,2026-06-27 04:48:25,Warm
Tirunelveli,33.6,34.52,39,overcast clouds,5.65,2026-06-27 04:48:25,Hot
Madurai,33.13,33.99,40,overcast clouds,3.27,2026-06-27 04:48:25,Hot
Theni,31.53,31.95,42,overcast clouds,4.09,2026-06-27 04:48:25,Warm
Chennai,37.07,44.07,51,overcast clouds,0.89,2026-06-27 07:45:25,Very Hot
Mumbai,29.61,34.33,71,overcast clouds,4.55,2026-06-27 07:45:25,Hot
Delhi,42.77,43.54,20,clear sky,1.98,2026-06-27 07:45:25,Very Hot
Bengaluru,29.06,31.14,60,broken clouds,5.25,2026-06-27 07:45:25,Warm
Hyderabad,27.49,30.04,73,overcast clouds,6.85,2026-06-27 07:45:25,Warm
Tirunelveli,34.65,36.02,38,overcast clouds,6.84,2026-06-27 07:45:25,Hot
Madurai,36.04,36.48,31,overcast clouds,1.1,2026-06-27 07:45:25,Hot
Theni,33.69,34.44,38,overcast clouds,4.57,2026-06-27 07:45:26,Hot
Chennai,34.45,41.45,57,overcast clouds,3.58,2026-06-27 10:01:17,Very Hot
Mumbai,30.1,35.28,70,overcast clouds,4.51,2026-06-27 10:01:17,Hot
Delhi,43.21,43.77,19,clear sky,1.89,2026-06-27 10:01:17,Very Hot
Bengaluru,29.05,30.96,59,broken clouds,6.09,2026-06-27 10:01:17,Warm
Hyderabad,28.34,30.9,67,overcast clouds,6.45,2026-06-27 10:01:17,Warm
Tirunelveli,36.31,37.77,34,overcast clouds,7.58,2026-06-27 10:01:17,Hot
Madurai,36.31,36.91,31,broken clouds,2.08,2026-06-27 10:01:17,Hot
Theni,31.27,32.67,48,overcast clouds,5.5,2026-06-27 10:01:17,Hot
Chennai,32.96,39.96,63,overcast clouds,1.34,2026-06-27 12:06:06,Very Hot
Mumbai,29.9,35.03,71,overcast clouds,4.75,2026-06-27 12:06:06,Hot
Delhi,42.94,43.35,19,scattered clouds,3.09,2026-06-27 12:06:06,Very Hot
Bengaluru,29.52,31.6,58,overcast clouds,6.33,2026-06-27 12:06:07,Warm
Hyderabad,26.99,29.01,72,overcast clouds,7.47,2026-06-27 12:06:07,Warm
Tirunelveli,33.43,34.95,42,overcast clouds,7.95,2026-06-27 12:06:07,Hot
Madurai,33.98,34.67,37,overcast clouds,4.82,2026-06-27 12:06:07,Hot
Theni,29.25,30.83,56,overcast clouds,6.15,2026-06-27 12:06:07,Warm
Chennai,31.41,38.41,73,broken clouds,1.79,2026-06-27 14:25:20,Very Hot
Mumbai,30.2,36.05,72,broken clouds,4.29,2026-06-27 14:25:20,Hot
Delhi,42.02,42.37,20,clear sky,5.03,2026-06-27 14:25:21,Very Hot
Bengaluru,28.24,29.93,61,overcast clouds,6.75,2026-06-27 14:25:21,Warm
Hyderabad,25.49,26.21,81,broken clouds,5.95,2026-06-27 14:25:21,Comfortable
Tirunelveli,30.44,32.85,56,scattered clouds,5.84,2026-06-27 14:25:21,Hot
Madurai,31.88,33.69,48,broken clouds,1.81,2026-06-27 14:25:21,Hot
Theni,28.05,30.12,65,heavy intensity rain,4.4,2026-06-27 14:25:21,Warm
Chennai,30.74,37.74,78,overcast clouds,2.24,2026-06-27 16:01:08,Hot
Mumbai,30.0,35.78,73,broken clouds,4.79,2026-06-27 16:01:08,Hot
Delhi,41.63,41.77,20,clear sky,4.21,2026-06-27 16:01:08,Very Hot
Bengaluru,25.73,26.29,74,overcast clouds,6.42,2026-06-27 16:01:08,Comfortable
Hyderabad,24.43,25.17,86,overcast clouds,5.64,2026-06-27 16:01:08,Comfortable
Tirunelveli,29.49,31.89,60,scattered clouds,4.81,2026-06-27 16:01:08,Warm
Madurai,31.09,33.39,53,overcast clouds,1.66,2026-06-27 16:01:09,Hot
Theni,27.26,29.02,67,overcast clouds,3.45,2026-06-27 16:01:09,Warm
Chennai,30.98,37.98,75,broken clouds,1.34,2026-06-27 17:57:46,Hot
Mumbai,29.73,35.82,76,broken clouds,4.33,2026-06-27 17:57:46,Hot
Delhi,40.55,40.51,21,scattered clouds,1.09,2026-06-27 17:57:46,Very Hot
Bengaluru,24.62,25.15,77,overcast clouds,5.4,2026-06-27 17:57:46,Comfortable
Hyderabad,24.2,24.95,87,overcast clouds,3.77,2026-06-27 17:57:46,Comfortable
Tirunelveli,28.77,31.25,64,scattered clouds,3.96,2026-06-27 17:57:46,Warm
Madurai,29.45,31.31,57,overcast clouds,0.93,2026-06-27 17:57:47,Warm
Theni,26.34,26.34,68,overcast clouds,3.15,2026-06-27 17:57:47,Comfortable
Chennai,29.53,36.26,80,broken clouds,1.34,2026-06-27 19:23:21,Hot
Mumbai,29.5,35.43,77,overcast clouds,4.14,2026-06-27 19:23:21,Hot
Delhi,40.03,40.41,23,clear sky,3.26,2026-06-27 19:23:21,Very Hot
Bengaluru,24.38,24.91,78,heavy intensity rain,5.77,2026-06-27 19:23:21,Comfortable
Hyderabad,24.02,24.78,88,overcast clouds,4.25,2026-06-27 19:23:21,Comfortable
Tirunelveli,28.43,30.78,65,overcast clouds,3.96,2026-06-27 19:23:21,Warm
Madurai,29.57,31.18,55,broken clouds,2.6,2026-06-27 19:23:21,Warm
Theni,25.68,26.13,70,clear sky,3.08,2026-06-27 19:23:21,Comfortable
Chennai,26.63,26.63,89,overcast clouds,8.0,2026-06-27 20:56:21,Comfortable
Mumbai,29.28,34.84,77,overcast clouds,4.51,2026-06-27 20:56:21,Hot
Delhi,38.47,39.25,27,scattered clouds,1.44,2026-06-27 20:56:21,Very Hot
Bengaluru,23.25,23.72,80,light rain,5.27,2026-06-27 20:56:22,Comfortable
Hyderabad,25.61,26.26,78,overcast clouds,4.3,2026-06-27 20:56:22,Comfortable
Tirunelveli,28.02,30.31,67,scattered clouds,3.9,2026-06-27 20:56:22,Warm
Madurai,29.47,31.03,55,overcast clouds,2.74,2026-06-27 20:56:22,Warm
Theni,25.19,25.7,74,broken clouds,2.88,2026-06-27 20:56:22,Comfortable
Chennai,27.08,31.42,94,overcast clouds,0.89,2026-06-27 22:01:41,Warm
Mumbai,29.06,34.26,77,broken clouds,4.14,2026-06-27 22:01:41,Hot
Delhi,38.11,38.97,28,scattered clouds,0.88,2026-06-27 22:01:41,Very Hot
Bengaluru,22.43,22.87,82,overcast clouds,4.87,2026-06-27 22:01:41,Comfortable
Hyderabad,25.34,25.99,79,overcast clouds,4.57,2026-06-27 22:01:41,Comfortable
Tirunelveli,27.66,29.91,69,scattered clouds,4.28,2026-06-27 22:01:41,Warm
Madurai,28.85,30.22,56,overcast clouds,3.11,2026-06-27 22:01:41,Warm
Theni,24.96,25.47,75,broken clouds,2.71,2026-06-27 22:01:42,Comfortable
Chennai,27.29,31.7,91,broken clouds,0.45,2026-06-27 23:57:29,Warm
Mumbai,28.55,33.33,79,scattered clouds,3.24,2026-06-27 23:57:29,Hot
Delhi,37.51,38.29,29,few clouds,2.6,2026-06-27 23:57:29,Very Hot
Bengaluru,21.88,22.37,86,overcast clouds,4.28,2026-06-27 23:57:30,Comfortable
Hyderabad,24.99,25.63,80,overcast clouds,4.03,2026-06-27 23:57:30,Comfortable
Tirunelveli,27.1,29.03,70,scattered clouds,3.91,2026-06-27 23:57:30,Warm
Madurai,27.81,29.17,60,broken clouds,3.61,2026-06-27 23:57:30,Warm
Theni,24.48,24.99,77,few clouds,2.51,2026-06-27 23:57:30,Comfortable
Chennai,32.53,39.53,70,overcast clouds,0.89,2026-06-28 03:56:51,Very Hot
Mumbai,28.87,33.38,75,few clouds,2.08,2026-06-28 03:56:51,Hot
Delhi,39.12,41.07,29,clear sky,2.62,2026-06-28 03:56:51,Very Hot
Bengaluru,27.04,28.67,67,broken clouds,5.93,2026-06-28 03:56:51,Warm
Hyderabad,29.07,31.64,63,overcast clouds,6.14,2026-06-28 03:56:51,Warm
Tirunelveli,33.02,34.73,44,broken clouds,4.45,2026-06-28 03:56:51,Hot
Madurai,31.77,32.87,45,scattered clouds,3.15,2026-06-28 03:56:51,Hot
Theni,30.51,32.19,52,few clouds,3.95,2026-06-28 03:56:51,Hot
Chennai,37.15,44.15,48,overcast clouds,1.34,2026-06-28 07:51:17,Very Hot
Mumbai,30.02,35.09,70,scattered clouds,4.45,2026-06-28 07:51:17,Hot
Delhi,42.72,43.46,20,clear sky,1.56,2026-06-28 07:51:17,Very Hot
Bengaluru,28.83,31.2,63,broken clouds,5.63,2026-06-28 07:51:17,Warm
Hyderabad,32.31,34.94,50,overcast clouds,5.36,2026-06-28 07:51:18,Hot
Tirunelveli,37.02,39.38,35,broken clouds,7.74,2026-06-28 07:51:18,Very Hot
Madurai,36.69,38.13,33,scattered clouds,2.62,2026-06-28 07:51:18,Very Hot
Theni,34.11,37.02,45,scattered clouds,5.94,2026-06-28 07:51:18,Hot
Chennai,34.46,41.46,62,overcast clouds,0.89,2026-06-28 10:24:00,Very Hot
Mumbai,29.86,34.94,71,scattered clouds,5.63,2026-06-28 10:24:00,Hot
Delhi,44.38,44.58,17,clear sky,1.75,2026-06-28 10:24:00,Very Hot
Bengaluru,29.6,31.91,59,overcast clouds,5.45,2026-06-28 10:24:00,Warm
Hyderabad,32.52,35.08,49,heavy intensity rain,5.34,2026-06-28 10:24:00,Hot
Tirunelveli,35.5,38.83,42,broken clouds,8.74,2026-06-28 10:24:01,Very Hot
Madurai,34.63,36.26,39,broken clouds,5.94,2026-06-28 10:24:01,Hot
Theni,30.78,33.69,57,broken clouds,5.33,2026-06-28 10:24:01,Hot
Chennai,33.0,40.0,65,overcast clouds,2.24,2026-06-28 12:14:26,Very Hot
Mumbai,29.49,34.71,74,light rain,5.54,2026-06-28 12:14:26,Hot
Delhi,44.68,45.03,17,clear sky,0.96,2026-06-28 12:14:26,Dangerous
Bengaluru,29.22,31.58,61,overcast clouds,5.81,2026-06-28 12:14:26,Warm
Hyderabad,30.85,33.39,55,overcast clouds,6.61,2026-06-28 12:14:27,Hot
Tirunelveli,32.91,34.79,45,broken clouds,8.36,2026-06-28 12:14:27,Hot
Madurai,32.28,34.39,48,broken clouds,8.37,2026-06-28 12:14:27,Hot
Theni,28.63,31.3,66,broken clouds,5.36,2026-06-28 12:14:27,Warm
Chennai,30.91,37.91,79,broken clouds,2.68,2026-06-28 14:46:00,Hot
Mumbai,28.64,33.76,80,overcast clouds,8.42,2026-06-28 14:46:00,Hot
Delhi,41.77,42.81,22,few clouds,7.47,2026-06-28 14:46:00,Very Hot
Bengaluru,25.48,25.96,72,broken clouds,7.19,2026-06-28 14:46:00,Comfortable
Hyderabad,27.63,29.97,70,overcast clouds,3.3,2026-06-28 14:46:00,Warm
Tirunelveli,29.42,31.59,59,scattered clouds,6.3,2026-06-28 14:46:01,Warm
Madurai,29.13,31.42,61,light rain,5.97,2026-06-28 14:46:01,Warm
Theni,26.52,26.52,74,moderate rain,4.13,2026-06-28 14:46:01,Comfortable
Chennai,30.37,37.37,81,overcast clouds,3.13,2026-06-28 16:06:36,Hot
Mumbai,28.55,33.52,80,overcast clouds,8.67,2026-06-28 16:06:36,Hot
Delhi,41.33,42.51,23,few clouds,5.7,2026-06-28 16:06:36,Very Hot
Bengaluru,24.65,25.05,72,broken clouds,6.78,2026-06-28 16:06:36,Comfortable
Hyderabad,27.4,29.65,71,overcast clouds,2.58,2026-06-28 16:06:36,Warm
Tirunelveli,29.12,31.4,61,broken clouds,6.26,2026-06-28 16:06:36,Warm
Madurai,28.63,30.85,63,scattered clouds,5.3,2026-06-28 16:06:36,Warm
Theni,26.43,26.43,73,broken clouds,3.91,2026-06-28 16:06:37,Comfortable
Chennai,30.72,37.72,80,broken clouds,2.24,2026-06-28 18:01:54,Hot
Mumbai,28.39,33.28,81,overcast clouds,8.4,2026-06-28 18:01:55,Hot
Delhi,39.76,40.69,25,scattered clouds,3.85,2026-06-28 18:01:55,Very Hot
Bengaluru,22.99,23.36,77,scattered clouds,5.66,2026-06-28 18:01:55,Comfortable
Hyderabad,26.98,29.16,74,overcast clouds,5.04,2026-06-28 18:01:55,Warm
Tirunelveli,29.03,31.4,62,overcast clouds,5.73,2026-06-28 18:01:55,Warm
Madurai,26.17,26.17,75,scattered clouds,3.39,2026-06-28 18:01:55,Comfortable
Theni,26.15,26.15,72,scattered clouds,2.19,2026-06-28 18:01:55,Comfortable
Chennai,29.88,36.49,77,broken clouds,0.89,2026-06-28 20:09:44,Hot
Mumbai,28.64,33.37,78,light rain,7.89,2026-06-28 20:09:44,Hot
Delhi,39.71,40.6,25,overcast clouds,1.3,2026-06-28 20:09:44,Very Hot
Bengaluru,22.16,22.55,81,scattered clouds,5.47,2026-06-28 20:09:45,Comfortable
Hyderabad,24.53,25.28,86,overcast clouds,8.3,2026-06-28 20:09:45,Comfortable
Tirunelveli,28.84,30.77,60,overcast clouds,6.11,2026-06-28 20:09:45,Warm
Madurai,26.56,26.56,72,overcast clouds,3.24,2026-06-28 20:09:45,Comfortable
Theni,26.03,26.03,69,broken clouds,2.8,2026-06-28 20:09:45,Comfortable
Chennai,28.41,33.15,80,broken clouds,0.45,2026-06-28 21:59:10,Hot
Mumbai,28.31,32.72,79,light rain,6.12,2026-06-28 21:59:10,Hot
Delhi,39.31,40.3,26,broken clouds,1.58,2026-06-28 21:59:10,Very Hot
Bengaluru,21.32,21.7,84,broken clouds,5.49,2026-06-28 21:59:10,Comfortable
Hyderabad,23.38,23.97,84,overcast clouds,6.8,2026-06-28 21:59:11,Comfortable
Tirunelveli,28.42,30.09,60,overcast clouds,6.08,2026-06-28 21:59:11,Warm
Madurai,27.23,28.88,66,broken clouds,2.69,2026-06-28 21:59:11,Warm
Theni,25.41,25.86,71,scattered clouds,3.43,2026-06-28 21:59:11,Comfortable
Chennai,28.4,33.3,81,broken clouds,0.45,2026-06-28 23:10:18,Hot
Mumbai,28.19,32.41,79,overcast clouds,5.21,2026-06-28 23:10:18,Hot
Delhi,38.76,39.73,27,broken clouds,1.7,2026-06-28 23:10:18,Very Hot
Bengaluru,21.32,21.73,85,broken clouds,5.32,2026-06-28 23:10:18,Comfortable
Hyderabad,23.82,24.42,83,overcast clouds,5.87,2026-06-28 23:10:18,Comfortable
Tirunelveli,28.33,30.07,61,overcast clouds,5.46,2026-06-28 23:10:19,Warm
Madurai,27.27,28.86,65,broken clouds,2.87,2026-06-28 23:10:19,Warm
Theni,25.16,25.64,73,scattered clouds,3.45,2026-06-28 23:10:19,Comfortable
Chennai,32.17,39.11,65,broken clouds,1.34,2026-06-29 02:57:56,Very Hot
Mumbai,27.53,31.08,81,overcast clouds,1.88,2026-06-29 02:57:56,Warm
Delhi,36.62,38.64,35,overcast clouds,3.51,2026-06-29 02:57:56,Very Hot
Bengaluru,23.0,23.44,80,broken clouds,6.51,2026-06-29 02:57:57,Comfortable
Hyderabad,26.29,26.29,74,overcast clouds,5.82,2026-06-29 02:57:57,Comfortable
Tirunelveli,30.47,32.5,54,broken clouds,5.63,2026-06-29 02:57:57,Hot
Madurai,29.58,31.04,54,broken clouds,3.54,2026-06-29 02:57:57,Warm
Theni,28.28,30.0,61,scattered clouds,3.47,2026-06-29 02:57:57,Warm
Chennai,36.67,43.67,50,overcast clouds,1.79,2026-06-29 08:15:36,Very Hot
Mumbai,27.27,30.69,83,overcast clouds,5.19,2026-06-29 08:15:36,Warm
Delhi,41.55,43.32,24,broken clouds,2.69,2026-06-29 08:15:36,Very Hot
Bengaluru,29.37,31.18,57,overcast clouds,6.62,2026-06-29 08:15:36,Warm
Hyderabad,30.82,32.91,53,overcast clouds,5.25,2026-06-29 08:15:36,Hot
Tirunelveli,35.09,36.79,38,broken clouds,7.56,2026-06-29 08:15:36,Hot
Madurai,35.47,37.18,37,scattered clouds,2.97,2026-06-29 08:15:37,Hot
Theni,33.64,36.12,45,scattered clouds,4.1,2026-06-29 08:15:37,Hot
Chennai,31.68,38.68,72,overcast clouds,2.68,2026-06-29 13:02:50,Very Hot
Mumbai,27.52,31.58,85,overcast clouds,5.46,2026-06-29 13:02:50,Warm
Delhi,41.49,43.21,24,scattered clouds,5.82,2026-06-29 13:02:50,Very Hot
Bengaluru,22.87,23.51,88,overcast clouds,3.89,2026-06-29 13:02:50,Comfortable
Hyderabad,28.1,30.72,69,overcast clouds,5.09,2026-06-29 13:02:50,Warm
Tirunelveli,30.55,32.07,51,overcast clouds,6.87,2026-06-29 13:02:50,Hot
Madurai,29.37,31.67,60,overcast clouds,7.27,2026-06-29 13:02:50,Warm
Theni,27.26,29.4,71,scattered clouds,5.27,2026-06-29 13:02:50,Warm
Chennai,31.08,38.08,76,overcast clouds,2.68,2026-06-29 16:51:19,Very Hot
Mumbai,28.32,32.57,78,overcast clouds,6.48,2026-06-29 16:51:19,Hot
Delhi,40.6,41.7,24,scattered clouds,3.42,2026-06-29 16:51:19,Very Hot
Bengaluru,21.41,22.01,92,broken clouds,6.54,2026-06-29 16:51:19,Comfortable
Hyderabad,26.63,26.63,75,overcast clouds,6.66,2026-06-29 16:51:19,Comfortable
Tirunelveli,28.61,30.26,59,overcast clouds,6.5,2026-06-29 16:51:19,Warm
Madurai,27.0,28.86,70,broken clouds,3.97,2026-06-29 16:51:19,Warm
Theni,26.1,26.1,72,broken clouds,3.26,2026-06-29 16:51:19,Comfortable
Chennai,31.93,38.48,65,overcast clouds,1.34,2026-06-29 19:02:23,Very Hot
Mumbai,28.16,32.5,80,overcast clouds,6.84,2026-06-29 19:02:23,Hot
Delhi,39.28,40.98,28,overcast clouds,1.86,2026-06-29 19:02:23,Very Hot
Bengaluru,22.43,22.9,83,overcast clouds,6.77,2026-06-29 19:02:24,Comfortable
Hyderabad,26.12,26.12,77,overcast clouds,7.08,2026-06-29 19:02:24,Comfortable
Tirunelveli,28.39,29.79,58,overcast clouds,6.06,2026-06-29 19:02:24,Warm
Madurai,26.69,28.28,69,overcast clouds,4.52,2026-06-29 19:02:24,Warm
Theni,26.18,26.18,69,overcast clouds,3.06,2026-06-29 19:02:24,Comfortable
Chennai,31.13,36.47,65,overcast clouds,0.45,2026-06-29 21:21:27,Hot
Mumbai,28.21,32.63,80,light rain,6.31,2026-06-29 21:21:27,Hot
Delhi,39.07,40.61,28,broken clouds,1.61,2026-06-29 21:21:27,Very Hot
Bengaluru,21.88,22.29,83,overcast clouds,6.81,2026-06-29 21:21:27,Comfortable
Hyderabad,25.29,25.89,77,overcast clouds,8.0,2026-06-29 21:21:27,Comfortable
Tirunelveli,28.29,29.65,58,overcast clouds,5.89,2026-06-29 21:21:27,Warm
Madurai,26.51,26.51,68,overcast clouds,3.78,2026-06-29 21:21:27,Comfortable
Theni,25.75,26.21,70,overcast clouds,2.97,2026-06-29 21:21:27,Comfortable
Chennai,30.36,34.92,66,overcast clouds,1.34,2026-06-29 22:51:42,Hot
Mumbai,27.01,30.87,91,overcast clouds,8.09,2026-06-29 22:51:42,Warm
Delhi,38.32,40.01,30,broken clouds,2.02,2026-06-29 22:51:42,Very Hot
Bengaluru,21.05,21.4,84,overcast clouds,6.33,2026-06-29 22:51:42,Comfortable
Hyderabad,24.17,24.76,81,overcast clouds,8.01,2026-06-29 22:51:42,Comfortable
Tirunelveli,27.59,28.96,61,broken clouds,5.04,2026-06-29 22:51:42,Warm
Madurai,26.7,28.09,66,broken clouds,3.47,2026-06-29 22:51:42,Warm
Theni,25.84,26.31,70,overcast clouds,3.37,2026-06-29 22:51:42,Comfortable
Chennai,30.26,34.45,65,overcast clouds,0.89,2026-06-29 23:59:09,Hot
Mumbai,27.04,31.07,92,overcast clouds,9.06,2026-06-29 23:59:09,Warm
Delhi,37.75,39.69,32,broken clouds,2.77,2026-06-29 23:59:09,Very Hot
Bengaluru,21.05,21.4,84,overcast clouds,6.32,2026-06-29 23:59:09,Comfortable
Hyderabad,24.19,24.81,82,overcast clouds,7.56,2026-06-29 23:59:09,Comfortable
Tirunelveli,27.12,28.39,62,broken clouds,4.9,2026-06-29 23:59:09,Warm
Madurai,26.78,28.14,65,broken clouds,3.4,2026-06-29 23:59:09,Warm
Theni,25.73,26.19,70,overcast clouds,3.48,2026-06-29 23:59:09,Comfortable
Chennai,32.73,37.84,57,overcast clouds,1.34,2026-06-30 04:07:37,Hot
Mumbai,27.2,30.96,87,moderate rain,4.84,2026-06-30 04:07:37,Warm
Delhi,38.05,40.24,32,broken clouds,5.73,2026-06-30 04:07:37,Very Hot
Bengaluru,26.52,26.52,67,overcast clouds,8.09,2026-06-30 04:07:37,Comfortable
Hyderabad,25.14,25.75,78,overcast clouds,7.13,2026-06-30 04:07:37,Comfortable
Tirunelveli,32.67,33.91,43,broken clouds,7.12,2026-06-30 04:07:37,Hot
Madurai,31.37,32.83,48,overcast clouds,3.58,2026-06-30 04:07:38,Hot
Theni,30.49,31.97,51,overcast clouds,3.33,2026-06-30 04:07:38,Warm
Chennai,37.31,44.31,46,overcast clouds,0.89,2026-06-30 08:25:56,Very Hot
Mumbai,28.69,33.89,80,overcast clouds,6.27,2026-06-30 08:25:56,Hot
Delhi,42.58,43.69,21,overcast clouds,4.22,2026-06-30 08:25:56,Very Hot
Bengaluru,28.07,30.03,64,overcast clouds,8.44,2026-06-30 08:25:56,Warm
Hyderabad,29.55,31.65,58,overcast clouds,7.33,2026-06-30 08:25:57,Warm
Tirunelveli,36.11,37.72,35,overcast clouds,8.07,2026-06-30 08:25:57,Hot
Madurai,35.41,36.79,36,overcast clouds,3.27,2026-06-30 08:25:57,Hot
Theni,34.72,36.42,39,overcast clouds,4.5,2026-06-30 08:25:57,Hot
Chennai,30.25,37.25,81,overcast clouds,1.34,2026-06-30 11:41:50,Hot
Mumbai,28.79,34.37,81,overcast clouds,7.48,2026-06-30 11:41:51,Hot
Delhi,42.98,43.88,20,overcast clouds,2.74,2026-06-30 11:41:51,Very Hot
Bengaluru,28.97,30.69,58,overcast clouds,7.19,2026-06-30 11:41:51,Warm
Hyderabad,27.86,30.03,67,overcast clouds,5.45,2026-06-30 11:41:51,Warm
Tirunelveli,33.41,34.44,40,broken clouds,8.21,2026-06-30 11:41:51,Hot
Madurai,32.54,33.91,44,overcast clouds,8.0,2026-06-30 11:41:51,Hot
Theni,30.95,32.93,52,overcast clouds,4.34,2026-06-30 11:41:52,Hot
Chennai,29.93,36.93,82,overcast clouds,0.45,2026-06-30 14:08:31,Hot
Mumbai,29.26,35.71,81,overcast clouds,7.89,2026-06-30 14:08:32,Hot
Delhi,42.46,43.5,21,overcast clouds,4.94,2026-06-30 14:08:32,Very Hot
Bengaluru,24.38,24.86,76,overcast clouds,6.86,2026-06-30 14:08:32,Comfortable
Hyderabad,26.62,26.62,75,overcast clouds,4.46,2026-06-30 14:08:32,Comfortable
Tirunelveli,30.63,32.39,52,few clouds,5.89,2026-06-30 14:08:32,Hot
Madurai,29.74,31.46,55,broken clouds,5.85,2026-06-30 14:08:32,Warm
Theni,27.77,29.65,65,overcast clouds,4.47,2026-06-30 14:08:32,Warm
Chennai,30.74,37.74,77,overcast clouds,4.12,2026-06-30 17:02:30,Hot
Mumbai,29.12,35.3,81,overcast clouds,8.56,2026-06-30 17:02:30,Hot
Delhi,41.39,41.79,21,broken clouds,4.04,2026-06-30 17:02:30,Very Hot
Bengaluru,23.0,23.42,79,overcast clouds,6.68,2026-06-30 17:02:30,Comfortable
Hyderabad,25.71,26.37,78,overcast clouds,6.1,2026-06-30 17:02:30,Comfortable
Tirunelveli,29.15,30.98,58,broken clouds,6.4,2026-06-30 17:02:31,Warm
Madurai,27.2,29.02,68,overcast clouds,4.59,2026-06-30 17:02:31,Warm
Theni,26.61,26.61,69,overcast clouds,4.32,2026-06-30 17:02:31,Comfortable
Chennai,31.66,36.01,59,overcast clouds,0.89,2026-06-30 19:49:46,Hot
Mumbai,27.87,33.17,89,light rain,9.73,2026-06-30 19:49:46,Hot
Delhi,35.66,37.83,38,scattered clouds,5.74,2026-06-30 19:49:46,Hot
Bengaluru,22.16,22.6,83,overcast clouds,6.59,2026-06-30 19:49:46,Comfortable
Hyderabad,24.52,25.22,84,light rain,6.66,2026-06-30 19:49:46,Comfortable
Tirunelveli,28.34,30.09,61,overcast clouds,5.0,2026-06-30 19:49:46,Warm
Madurai,27.46,28.96,63,overcast clouds,4.05,2026-06-30 19:49:46,Warm
Theni,25.51,26.05,74,overcast clouds,4.45,2026-06-30 19:49:47,Comfortable
Chennai,31.17,35.21,60,overcast clouds,1.79,2026-06-30 21:24:25,Hot
Mumbai,27.74,32.62,88,heavy intensity rain,9.4,2026-06-30 21:24:26,Hot
Delhi,34.98,37.18,40,scattered clouds,5.33,2026-06-30 21:24:26,Hot
Bengaluru,21.61,22.02,84,overcast clouds,6.87,2026-06-30 21:24:26,Comfortable
Hyderabad,24.35,25.03,84,moderate rain,7.21,2026-06-30 21:24:26,Comfortable
Tirunelveli,28.29,30.01,61,overcast clouds,4.49,2026-06-30 21:24:26,Warm
Madurai,27.16,28.61,64,overcast clouds,3.94,2026-06-30 21:24:26,Warm
Theni,25.38,25.91,74,overcast clouds,4.09,2026-06-30 21:24:26,Comfortable
Chennai,30.36,34.2,63,overcast clouds,1.79,2026-06-30 23:06:13,Hot
Mumbai,27.52,32.12,89,moderate rain,8.91,2026-06-30 23:06:13,Hot
Delhi,35.11,37.42,40,broken clouds,4.01,2026-06-30 23:06:13,Hot
Bengaluru,21.34,21.72,84,overcast clouds,6.56,2026-06-30 23:06:13,Comfortable
Hyderabad,24.29,24.94,83,overcast clouds,6.72,2026-06-30 23:06:13,Comfortable
Tirunelveli,28.01,29.81,63,overcast clouds,4.86,2026-06-30 23:06:13,Warm
Madurai,27.27,28.77,64,overcast clouds,3.18,2026-06-30 23:06:14,Warm
Theni,25.53,26.04,73,overcast clouds,3.3,2026-06-30 23:06:14,Comfortable
Chennai,30.62,34.77,63,overcast clouds,1.34,2026-07-01 02:56:45,Hot
Mumbai,27.11,30.83,88,light rain,7.92,2026-07-01 02:56:45,Warm
Delhi,33.91,37.87,49,broken clouds,3.85,2026-07-01 02:56:45,Hot
Bengaluru,21.34,21.75,85,overcast clouds,8.46,2026-07-01 02:56:46,Comfortable
Hyderabad,25.53,26.15,77,overcast clouds,7.63,2026-07-01 02:56:46,Comfortable
Tirunelveli,29.69,31.21,54,overcast clouds,5.79,2026-07-01 02:56:46,Warm
Madurai,29.4,30.62,53,overcast clouds,4.08,2026-07-01 02:56:46,Warm
Theni,28.03,29.49,60,overcast clouds,3.51,2026-07-01 02:56:46,Warm
Chennai,34.3,40.93,55,overcast clouds,1.34,2026-07-01 07:11:46,Very Hot
Mumbai,27.44,30.86,81,heavy intensity rain,6.18,2026-07-01 07:11:46,Warm
Delhi,36.7,40.97,41,overcast clouds,3.22,2026-07-01 07:11:46,Very Hot
Bengaluru,27.99,29.89,64,overcast clouds,9.78,2026-07-01 07:11:46,Warm
Hyderabad,28.12,30.11,64,overcast clouds,8.2,2026-07-01 07:11:46,Warm
Tirunelveli,35.9,37.06,34,scattered clouds,7.12,2026-07-01 07:11:46,Hot
Madurai,34.21,35.28,38,overcast clouds,6.12,2026-07-01 07:11:46,Hot
Theni,30.98,32.99,52,overcast clouds,4.31,2026-07-01 07:11:47,Hot
Chennai,34.34,41.34,59,overcast clouds,7.46,2026-07-01 11:20:11,Very Hot
Mumbai,27.67,31.16,79,moderate rain,5.18,2026-07-01 11:20:11,Warm
Delhi,39.09,43.09,34,broken clouds,0.86,2026-07-01 11:20:12,Very Hot
Bengaluru,26.45,26.45,66,overcast clouds,9.02,2026-07-01 11:20:12,Comfortable
Hyderabad,26.54,26.54,71,overcast clouds,6.14,2026-07-01 11:20:12,Comfortable
Tirunelveli,34.12,35.38,39,broken clouds,7.44,2026-07-01 11:20:12,Hot
Madurai,33.15,34.24,41,overcast clouds,6.82,2026-07-01 11:20:12,Hot
Theni,28.28,30.25,63,overcast clouds,3.8,2026-07-01 11:20:12,Warm
Chennai,33.32,38.21,54,overcast clouds,1.34,2026-07-01 14:24:41,Very Hot
Mumbai,27.08,30.43,85,overcast clouds,8.83,2026-07-01 14:24:41,Warm
Delhi,29.5,32.27,62,overcast clouds,6.36,2026-07-01 14:24:41,Hot
Bengaluru,23.83,24.1,70,overcast clouds,7.85,2026-07-01 14:24:41,Comfortable
Hyderabad,25.93,26.48,73,overcast clouds,6.29,2026-07-01 14:24:41,Comfortable
Tirunelveli,30.39,31.99,52,few clouds,5.85,2026-07-01 14:24:42,Warm
Madurai,29.15,30.68,56,overcast clouds,6.28,2026-07-01 14:24:42,Warm
Theni,26.64,26.64,69,overcast clouds,3.64,2026-07-01 14:24:42,Comfortable
Chennai,33.22,38.66,56,overcast clouds,1.34,2026-07-01 17:09:56,Very Hot
Mumbai,27.3,30.76,83,overcast clouds,7.53,2026-07-01 17:09:56,Warm
Delhi,34.76,37.07,41,overcast clouds,3.35,2026-07-01 17:09:56,Hot
Bengaluru,22.72,23.11,79,overcast clouds,7.43,2026-07-01 17:09:56,Comfortable
Hyderabad,25.44,26.0,75,overcast clouds,6.91,2026-07-01 17:09:56,Comfortable
Tirunelveli,28.55,30.29,60,scattered clouds,4.98,2026-07-01 17:09:56,Warm
Madurai,28.33,29.7,58,overcast clouds,3.97,2026-07-01 17:09:56,Warm
Theni,25.87,26.37,71,overcast clouds,3.41,2026-07-01 17:09:56,Comfortable
Chennai,32.04,35.45,54,overcast clouds,2.24,2026-07-01 19:46:33,Hot
Mumbai,28.29,33.54,84,overcast clouds,8.99,2026-07-01 19:46:33,Hot
Delhi,32.57,36.56,54,overcast clouds,2.75,2026-07-01 19:46:33,Hot
Bengaluru,21.61,21.99,83,overcast clouds,6.95,2026-07-01 19:46:33,Comfortable
Hyderabad,24.73,25.24,76,overcast clouds,8.94,2026-07-01 19:46:33,Comfortable
Tirunelveli,27.3,28.9,65,scattered clouds,4.23,2026-07-01 19:46:33,Warm
Madurai,27.98,29.31,59,overcast clouds,3.41,2026-07-01 19:46:33,Warm
Theni,25.71,26.24,73,overcast clouds,3.41,2026-07-01 19:46:33,Comfortable
Chennai,31.09,34.54,58,overcast clouds,0.89,2026-07-01 21:23:12,Hot
Mumbai,28.38,33.43,82,overcast clouds,9.13,2026-07-01 21:23:13,Hot
Delhi,32.42,36.24,54,overcast clouds,2.71,2026-07-01 21:23:13,Hot
Bengaluru,21.05,21.43,85,overcast clouds,7.0,2026-07-01 21:23:13,Comfortable
Hyderabad,24.51,25.0,76,overcast clouds,8.91,2026-07-01 21:23:13,Comfortable
Tirunelveli,27.12,28.63,65,scattered clouds,4.36,2026-07-01 21:23:13,Warm
Madurai,27.88,29.17,59,overcast clouds,3.0,2026-07-01 21:23:13,Warm
Theni,25.67,26.22,74,overcast clouds,3.13,2026-07-01 21:23:13,Comfortable
Chennai,30.54,33.89,60,overcast clouds,1.79,2026-07-01 23:08:56,Hot
Mumbai,28.52,33.63,81,light rain,9.62,2026-07-01 23:08:56,Hot
Delhi,32.12,35.89,55,broken clouds,1.41,2026-07-01 23:08:56,Hot
Bengaluru,21.34,21.78,86,overcast clouds,6.57,2026-07-01 23:08:56,Comfortable
Hyderabad,23.9,24.43,80,overcast clouds,9.17,2026-07-01 23:08:57,Comfortable
Tirunelveli,26.6,26.6,68,scattered clouds,4.53,2026-07-01 23:08:57,Comfortable
Madurai,27.5,28.92,62,overcast clouds,2.68,2026-07-01 23:08:57,Warm
Theni,25.39,25.86,72,overcast clouds,3.66,2026-07-01 23:08:57,Comfortable
Chennai,31.43,35.78,60,overcast clouds,1.79,2026-07-02 02:47:15,Hot
Mumbai,27.71,32.24,86,overcast clouds,8.19,2026-07-02 02:47:15,Hot
Delhi,32.76,36.97,54,scattered clouds,1.8,2026-07-02 02:47:15,Hot
Bengaluru,23.0,23.47,81,overcast clouds,7.41,2026-07-02 02:47:15,Comfortable
Hyderabad,24.26,24.83,80,overcast clouds,7.17,2026-07-02 02:47:15,Comfortable
Tirunelveli,30.24,31.93,53,few clouds,5.27,2026-07-02 02:47:15,Warm
Madurai,29.93,31.43,53,scattered clouds,4.23,2026-07-02 02:47:15,Warm
Theni,28.25,30.07,62,broken clouds,4.08,2026-07-02 02:47:16,Warm
Chennai,34.57,41.21,54,overcast clouds,0.89,2026-07-02 06:36:54,Very Hot
Mumbai,27.56,31.82,86,light rain,7.39,2026-07-02 06:36:54,Warm
Delhi,36.4,39.96,40,broken clouds,1.11,2026-07-02 06:36:54,Very Hot
Bengaluru,26.68,28.19,68,overcast clouds,8.27,2026-07-02 06:36:54,Warm
Hyderabad,27.87,29.16,59,overcast clouds,9.7,2026-07-02 06:36:54,Warm
Tirunelveli,36.16,37.51,34,few clouds,6.96,2026-07-02 06:36:54,Hot
Madurai,35.7,37.29,36,broken clouds,4.8,2026-07-02 06:36:55,Hot
Theni,33.98,36.48,44,overcast clouds,5.56,2026-07-02 06:36:55,Hot
Chennai,35.54,41.56,49,overcast clouds,1.34,2026-07-02 09:57:55,Very Hot
Mumbai,26.98,30.27,86,overcast clouds,6.82,2026-07-02 09:57:55,Warm
Delhi,37.63,41.33,37,broken clouds,3.94,2026-07-02 09:57:55,Very Hot
Bengaluru,28.19,30.36,65,overcast clouds,8.16,2026-07-02 09:57:55,Warm
Hyderabad,25.25,25.68,71,overcast clouds,7.32,2026-07-02 09:57:55,Comfortable
Tirunelveli,35.52,37.27,37,few clouds,7.92,2026-07-02 09:57:55,Hot
Madurai,36.32,38.1,35,broken clouds,7.13,2026-07-02 09:57:55,Very Hot
Theni,33.59,35.75,44,broken clouds,5.48,2026-07-02 09:57:55,Hot
Chennai,34.93,41.3,52,overcast clouds,0.45,2026-07-02 12:12:51,Very Hot
Mumbai,27.38,30.96,83,overcast clouds,7.84,2026-07-02 12:12:51,Warm
Delhi,37.29,40.64,37,scattered clouds,2.52,2026-07-02 12:12:51,Very Hot
Bengaluru,27.63,29.53,66,overcast clouds,7.52,2026-07-02 12:12:51,Warm
Hyderabad,25.13,25.66,75,overcast clouds,5.07,2026-07-02 12:12:51,Comfortable
Tirunelveli,33.32,34.76,42,few clouds,7.24,2026-07-02 12:12:52,Hot
Madurai,32.93,34.82,45,scattered clouds,7.72,2026-07-02 12:12:52,Hot
Theni,30.92,33.52,55,broken clouds,6.19,2026-07-02 12:12:52,Hot
Chennai,31.07,38.07,72,overcast clouds,1.9,2026-07-02 15:10:54,Very Hot
Mumbai,28.63,33.54,79,overcast clouds,7.84,2026-07-02 15:10:54,Hot
Delhi,36.93,40.67,39,clear sky,3.01,2026-07-02 15:10:55,Very Hot
Bengaluru,22.87,23.33,81,overcast clouds,6.76,2026-07-02 15:10:55,Comfortable
Hyderabad,23.79,24.31,80,overcast clouds,5.22,2026-07-02 15:10:55,Comfortable
Tirunelveli,29.75,31.82,57,scattered clouds,6.36,2026-07-02 15:10:55,Warm
Madurai,30.37,32.14,53,scattered clouds,5.67,2026-07-02 15:10:55,Hot
Theni,27.18,29.07,69,few clouds,4.52,2026-07-02 15:10:55,Warm
Chennai,32.74,37.86,57,overcast clouds,2.24,2026-07-02 17:41:45,Hot
Mumbai,28.91,34.07,78,overcast clouds,9.25,2026-07-02 17:41:45,Hot
Delhi,35.95,39.76,42,clear sky,3.33,2026-07-02 17:41:45,Very Hot
Bengaluru,22.72,23.14,80,overcast clouds,6.41,2026-07-02 17:41:45,Comfortable
Hyderabad,23.97,24.51,80,overcast clouds,6.3,2026-07-02 17:41:45,Comfortable
Tirunelveli,27.92,29.78,64,broken clouds,6.14,2026-07-02 17:41:45,Warm
Madurai,29.08,30.71,57,broken clouds,4.55,2026-07-02 17:41:45,Warm
Theni,26.18,26.18,71,scattered clouds,4.09,2026-07-02 17:41:45,Comfortable
Chennai,32.48,37.89,59,overcast clouds,0.89,2026-07-02 19:17:27,Hot
Mumbai,28.57,33.96,82,heavy intensity rain,9.69,2026-07-02 19:17:27,Hot
Delhi,33.34,37.93,53,few clouds,3.1,2026-07-02 19:17:28,Hot
Bengaluru,21.71,22.16,85,overcast clouds,6.56,2026-07-02 19:17:28,Comfortable
Hyderabad,23.95,24.49,80,overcast clouds,6.72,2026-07-02 19:17:28,Comfortable
Tirunelveli,27.75,29.62,65,overcast clouds,6.05,2026-07-02 19:17:28,Warm
Madurai,29.08,30.57,56,overcast clouds,4.63,2026-07-02 19:17:28,Warm
Theni,26.22,26.22,72,overcast clouds,4.62,2026-07-02 19:17:28,Comfortable
Chennai,31.47,36.14,61,overcast clouds,3.13,2026-07-02 20:59:25,Hot
Mumbai,28.45,33.62,82,light rain,9.69,2026-07-02 20:59:26,Hot
Delhi,32.04,36.87,59,few clouds,2.9,2026-07-02 20:59:26,Hot
Bengaluru,21.61,22.02,84,overcast clouds,6.45,2026-07-02 20:59:26,Comfortable
Hyderabad,23.75,24.35,83,overcast clouds,6.96,2026-07-02 20:59:26,Comfortable
Tirunelveli,27.16,28.78,66,overcast clouds,5.57,2026-07-02 20:59:26,Warm
Madurai,28.36,29.87,59,overcast clouds,4.35,2026-07-02 20:59:26,Warm
Theni,25.67,26.22,74,overcast clouds,4.67,2026-07-02 20:59:26,Comfortable
Chennai,30.93,35.2,62,overcast clouds,0.89,2026-07-02 22:13:06,Hot
Mumbai,28.52,33.63,81,overcast clouds,9.89,2026-07-02 22:13:06,Hot
Delhi,31.52,36.26,61,few clouds,2.62,2026-07-02 22:13:06,Hot
Bengaluru,21.61,22.02,84,overcast clouds,6.56,2026-07-02 22:13:07,Comfortable
Hyderabad,23.63,24.24,84,overcast clouds,6.94,2026-07-02 22:13:07,Comfortable
Tirunelveli,27.0,28.53,66,overcast clouds,5.21,2026-07-02 22:13:07,Warm
Madurai,28.03,29.49,60,overcast clouds,4.18,2026-07-02 22:13:07,Warm
Theni,25.35,25.93,76,overcast clouds,4.61,2026-07-02 22:13:07,Comfortable
Chennai,29.98,33.62,64,overcast clouds,3.58,2026-07-03 00:01:41,Hot
Mumbai,28.48,33.71,82,overcast clouds,9.21,2026-07-03 00:01:41,Hot
Delhi,30.96,35.79,64,scattered clouds,2.78,2026-07-03 00:01:41,Hot
Bengaluru,21.32,21.75,86,overcast clouds,6.98,2026-07-03 00:01:41,Comfortable
Hyderabad,23.77,24.34,82,overcast clouds,7.42,2026-07-03 00:01:41,Comfortable
Tirunelveli,26.69,28.14,67,overcast clouds,5.19,2026-07-03 00:01:41,Warm
Madurai,27.66,29.16,62,overcast clouds,3.34,2026-07-03 00:01:41,Warm
Theni,25.15,25.76,78,overcast clouds,4.59,2026-07-03 00:01:41,Comfortable
Chennai,32.7,38.09,58,overcast clouds,1.79,2026-07-03 04:38:11,Very Hot
Mumbai,28.6,33.84,81,light rain,9.61,2026-07-03 04:38:11,Hot
Delhi,34.12,38.66,50,few clouds,2.41,2026-07-03 04:38:11,Very Hot
Bengaluru,26.84,28.44,68,overcast clouds,9.68,2026-07-03 04:38:11,Warm
Hyderabad,24.86,25.41,77,overcast clouds,8.93,2026-07-03 04:38:11,Comfortable
Tirunelveli,33.53,34.88,41,overcast clouds,6.05,2026-07-03 04:38:11,Hot
Madurai,32.77,35.29,48,overcast clouds,5.97,2026-07-03 04:38:11,Hot
Theni,29.09,32.01,65,overcast clouds,6.66,2026-07-03 04:38:11,Hot
Chennai,33.94,40.41,56,overcast clouds,1.34,2026-07-03 07:58:32,Very Hot
Mumbai,28.56,33.93,82,overcast clouds,11.05,2026-07-03 07:58:32,Hot
Delhi,37.12,41.47,40,overcast clouds,3.25,2026-07-03 07:58:32,Very Hot
Bengaluru,27.63,29.32,64,overcast clouds,9.81,2026-07-03 07:58:32,Warm
Hyderabad,26.94,28.6,68,overcast clouds,9.16,2026-07-03 07:58:33,Warm
Tirunelveli,36.38,37.89,34,broken clouds,7.62,2026-07-03 07:58:33,Hot
Madurai,35.29,37.15,38,broken clouds,8.52,2026-07-03 07:58:33,Hot
Theni,30.84,34.04,58,overcast clouds,7.13,2026-07-03 07:58:33,Hot
Chennai,34.95,41.76,53,overcast clouds,1.34,2026-07-03 10:40:12,Very Hot
Mumbai,27.05,30.66,88,overcast clouds,10.23,2026-07-03 10:40:12,Warm
Delhi,38.92,42.73,34,overcast clouds,1.85,2026-07-03 10:40:12,Very Hot
Bengaluru,27.45,28.94,63,overcast clouds,9.59,2026-07-03 10:40:12,Warm
Hyderabad,24.48,25.07,80,overcast clouds,8.2,2026-07-03 10:40:12,Comfortable
Tirunelveli,33.87,36.85,46,broken clouds,7.55,2026-07-03 10:40:12,Hot
Madurai,32.75,34.5,45,overcast clouds,10.91,2026-07-03 10:40:12,Hot
Theni,28.91,31.19,62,overcast clouds,6.38,2026-07-03 10:40:12,Warm
Chennai,34.34,40.64,54,overcast clouds,1.79,2026-07-03 12:53:47,Very Hot
Mumbai,27.3,31.11,86,overcast clouds,9.43,2026-07-03 12:53:47,Warm
Delhi,38.33,41.95,35,overcast clouds,0.2,2026-07-03 12:53:47,Very Hot
Bengaluru,24.96,25.42,73,overcast clouds,8.89,2026-07-03 12:53:47,Comfortable
Hyderabad,23.59,24.12,81,overcast clouds,9.79,2026-07-03 12:53:47,Comfortable
Tirunelveli,31.13,32.44,48,overcast clouds,6.04,2026-07-03 12:53:47,Hot
Madurai,28.94,30.93,60,overcast clouds,9.04,2026-07-03 12:53:47,Warm
Theni,26.18,26.18,72,overcast clouds,5.73,2026-07-03 12:53:47,Comfortable
Chennai,29.93,32.32,58,overcast clouds,6.33,2026-07-03 15:06:23,Hot
Mumbai,27.5,31.52,85,overcast clouds,8.23,2026-07-03 15:06:23,Warm
Delhi,37.9,41.48,36,overcast clouds,0.91,2026-07-03 15:06:24,Very Hot
Bengaluru,22.82,23.27,81,overcast clouds,8.24,2026-07-03 15:06:24,Comfortable
Hyderabad,23.61,24.17,82,overcast clouds,9.29,2026-07-03 15:06:24,Comfortable
Tirunelveli,29.03,30.63,57,overcast clouds,5.8,2026-07-03 15:06:24,Warm
Madurai,27.98,30.0,65,overcast clouds,7.11,2026-07-03 15:06:24,Warm
Theni,26.54,26.54,72,overcast clouds,5.12,2026-07-03 15:06:24,Comfortable
Chennai,33.04,39.26,59,overcast clouds,1.79,2026-07-03 17:19:47,Very Hot
Mumbai,27.5,31.52,85,overcast clouds,7.96,2026-07-03 17:19:47,Warm
Delhi,37.21,40.86,38,broken clouds,0.85,2026-07-03 17:19:47,Very Hot
Bengaluru,22.16,22.65,85,overcast clouds,7.86,2026-07-03 17:19:47,Comfortable
Hyderabad,23.57,24.2,85,overcast clouds,9.83,2026-07-03 17:19:47,Comfortable
Tirunelveli,28.07,29.79,62,overcast clouds,4.77,2026-07-03 17:19:47,Warm
Madurai,28.26,30.09,62,overcast clouds,5.55,2026-07-03 17:19:48,Warm
Theni,26.08,26.08,71,overcast clouds,4.51,2026-07-03 17:19:48,Comfortable
Chennai,31.67,36.03,59,overcast clouds,1.34,2026-07-03 19:11:48,Hot
Mumbai,28.0,32.41,82,overcast clouds,7.59,2026-07-03 19:11:48,Hot
Delhi,34.47,38.4,47,overcast clouds,3.18,2026-07-03 19:11:48,Very Hot
Bengaluru,21.88,22.34,85,overcast clouds,7.87,2026-07-03 19:11:48,Comfortable
Hyderabad,23.6,24.21,84,overcast clouds,9.63,2026-07-03 19:11:48,Comfortable
Tirunelveli,27.59,29.25,64,overcast clouds,4.65,2026-07-03 19:11:48,Warm
Madurai,27.84,29.54,63,overcast clouds,4.25,2026-07-03 19:11:48,Warm
Theni,25.87,26.31,69,overcast clouds,4.75,2026-07-03 19:11:48,Comfortable
Chennai,31.38,35.4,59,overcast clouds,1.79,2026-07-03 20:59:00,Hot
Mumbai,27.74,31.88,83,overcast clouds,8.89,2026-07-03 20:59:00,Warm
Delhi,33.89,37.83,49,overcast clouds,3.19,2026-07-03 20:59:00,Hot
Bengaluru,21.61,22.02,84,overcast clouds,7.97,2026-07-03 20:59:00,Comfortable
Hyderabad,23.49,24.11,85,overcast clouds,9.77,2026-07-03 20:59:00,Comfortable
Tirunelveli,27.23,28.8,65,overcast clouds,4.22,2026-07-03 20:59:01,Warm
Madurai,27.82,29.08,59,overcast clouds,4.44,2026-07-03 20:59:01,Warm
Theni,25.35,25.79,71,overcast clouds,5.32,2026-07-03 20:59:01,Comfortable
Chennai,30.84,34.75,61,overcast clouds,3.13,2026-07-03 22:09:11,Hot
Mumbai,27.93,32.23,82,overcast clouds,9.47,2026-07-03 22:09:11,Hot
Delhi,33.7,37.43,49,broken clouds,3.03,2026-07-03 22:09:11,Hot
Bengaluru,20.78,21.26,90,overcast clouds,7.93,2026-07-03 22:09:11,Comfortable
Hyderabad,23.4,24.02,85,overcast clouds,9.75,2026-07-03 22:09:11,Comfortable
Tirunelveli,27.2,28.67,64,overcast clouds,3.94,2026-07-03 22:09:11,Warm
Madurai,27.45,28.76,61,overcast clouds,3.94,2026-07-03 22:09:11,Warm
Theni,25.35,25.79,71,overcast clouds,4.49,2026-07-03 22:09:11,Comfortable
Chennai,30.26,34.45,65,overcast clouds,1.79,2026-07-04 00:00:33,Hot
Mumbai,27.32,31.41,88,light rain,10.02,2026-07-04 00:00:33,Warm
Delhi,33.33,37.27,51,broken clouds,1.58,2026-07-04 00:00:34,Hot
Bengaluru,20.77,21.28,91,overcast clouds,5.95,2026-07-04 00:00:34,Comfortable
Hyderabad,23.63,24.22,83,light rain,9.59,2026-07-04 00:00:34,Comfortable
Tirunelveli,27.27,28.77,64,overcast clouds,4.1,2026-07-04 00:00:34,Warm
Madurai,27.05,28.22,61,overcast clouds,3.86,2026-07-04 00:00:34,Warm
Theni,25.22,25.6,69,overcast clouds,4.71,2026-07-04 00:00:34,Comfortable
Chennai,30.34,35.37,68,overcast clouds,0.89,2026-07-04 04:30:48,Hot
Mumbai,26.88,30.39,90,moderate rain,11.26,2026-07-04 04:30:48,Warm
Delhi,34.98,39.14,46,overcast clouds,1.38,2026-07-04 04:30:48,Very Hot
Bengaluru,22.45,22.92,83,overcast clouds,7.59,2026-07-04 04:30:48,Comfortable
Hyderabad,23.93,24.57,84,light rain,9.96,2026-07-04 04:30:48,Comfortable
Tirunelveli,30.95,33.14,53,overcast clouds,5.87,2026-07-04 04:30:48,Hot
Madurai,28.8,30.01,55,overcast clouds,4.59,2026-07-04 04:30:48,Warm
Theni,28.24,29.81,60,overcast clouds,4.07,2026-07-04 04:30:49,Warm
Chennai,31.65,37.76,65,overcast clouds,2.24,2026-07-04 07:40:55,Hot
Mumbai,26.5,26.5,96,heavy intensity rain,13.72,2026-07-04 07:40:55,Comfortable
Delhi,40.24,43.6,30,moderate rain,1.16,2026-07-04 07:40:55,Very Hot
Bengaluru,26.05,26.05,69,overcast clouds,9.25,2026-07-04 07:40:56,Comfortable
Hyderabad,24.46,25.1,82,overcast clouds,10.07,2026-07-04 07:40:56,Comfortable
Tirunelveli,30.84,32.95,53,overcast clouds,7.03,2026-07-04 07:40:56,Hot
Madurai,30.02,31.4,52,overcast clouds,6.45,2026-07-04 07:40:56,Warm
Theni,30.28,31.99,53,overcast clouds,6.08,2026-07-04 07:40:56,Warm
Chennai,31.18,36.59,65,light rain,0.45,2026-07-04 10:04:01,Hot
Mumbai,26.61,26.61,92,overcast clouds,14.69,2026-07-04 10:04:01,Comfortable
Delhi,39.42,42.87,32,light rain,2.6,2026-07-04 10:04:01,Very Hot
Bengaluru,27.62,29.1,62,overcast clouds,10.37,2026-07-04 10:04:01,Warm
Hyderabad,23.57,24.23,86,light rain,10.58,2026-07-04 10:04:01,Comfortable
Tirunelveli,31.58,34.54,54,overcast clouds,6.39,2026-07-04 10:04:01,Hot
Madurai,29.61,30.63,51,overcast clouds,7.82,2026-07-04 10:04:01,Warm
Theni,30.98,31.84,46,overcast clouds,6.5,2026-07-04 10:04:01,Warm
Chennai,31.35,36.15,62,overcast clouds,1.79,2026-07-04 12:03:26,Hot
Mumbai,26.79,30.23,91,overcast clouds,13.3,2026-07-04 12:03:26,Warm
Delhi,39.05,42.57,33,moderate rain,1.33,2026-07-04 12:03:26,Very Hot
Bengaluru,26.18,26.18,67,overcast clouds,9.52,2026-07-04 12:03:26,Comfortable
Hyderabad,23.62,24.18,82,light rain,10.75,2026-07-04 12:03:26,Comfortable
Tirunelveli,30.92,32.49,50,overcast clouds,6.25,2026-07-04 12:03:26,Hot
Madurai,30.36,30.8,45,overcast clouds,6.68,2026-07-04 12:03:26,Warm
Theni,29.18,30.03,51,overcast clouds,6.62,2026-07-04 12:03:26,Warm
Chennai,31.1,35.58,62,overcast clouds,2.24,2026-07-04 14:25:00,Hot
Mumbai,26.75,30.12,91,overcast clouds,13.34,2026-07-04 14:25:00,Warm
Delhi,38.75,41.97,33,overcast clouds,0.63,2026-07-04 14:25:00,Very Hot
Bengaluru,24.67,25.07,72,overcast clouds,8.52,2026-07-04 14:25:00,Comfortable
Hyderabad,23.08,23.77,89,overcast clouds,9.37,2026-07-04 14:25:00,Comfortable
Tirunelveli,28.57,30.33,60,overcast clouds,4.64,2026-07-04 14:25:00,Warm
Madurai,28.45,28.97,50,overcast clouds,7.42,2026-07-04 14:25:00,Warm
Theni,26.66,26.66,62,overcast clouds,6.27,2026-07-04 14:25:00,Comfortable
Chennai,31.49,35.91,60,overcast clouds,2.24,2026-07-04 15:57:18,Hot
Mumbai,26.82,30.41,92,overcast clouds,10.96,2026-07-04 15:57:18,Warm
Delhi,38.23,41.34,34,overcast clouds,1.67,2026-07-04 15:57:18,Very Hot
Bengaluru,23.56,23.96,76,overcast clouds,8.01,2026-07-04 15:57:18,Comfortable
Hyderabad,23.17,23.81,87,overcast clouds,9.64,2026-07-04 15:57:18,Comfortable
Tirunelveli,27.96,29.61,62,overcast clouds,3.44,2026-07-04 15:57:18,Warm
Madurai,27.69,28.53,55,overcast clouds,5.51,2026-07-04 15:57:18,Warm
Theni,25.91,26.25,65,overcast clouds,5.34,2026-07-04 15:57:18,Comfortable
Chennai,31.48,35.89,60,overcast clouds,1.34,2026-07-04 17:06:46,Hot
Mumbai,26.91,30.58,91,overcast clouds,11.2,2026-07-04 17:06:46,Warm
Delhi,37.94,41.16,35,overcast clouds,1.84,2026-07-04 17:06:46,Very Hot
Bengaluru,23.0,23.39,78,overcast clouds,7.69,2026-07-04 17:06:46,Comfortable
Hyderabad,23.34,23.92,84,overcast clouds,10.5,2026-07-04 17:06:47,Comfortable
Tirunelveli,27.72,29.46,64,overcast clouds,3.2,2026-07-04 17:06:47,Warm
Madurai,27.6,28.51,56,overcast clouds,5.17,2026-07-04 17:06:47,Warm
Theni,25.73,26.08,66,overcast clouds,4.73,2026-07-04 17:06:47,Comfortable
Chennai,31.39,35.16,58,overcast clouds,0.89,2026-07-04 19:02:59,Hot
Mumbai,27.24,31.31,89,overcast clouds,10.68,2026-07-04 19:02:59,Warm
Delhi,36.16,39.83,41,few clouds,1.77,2026-07-04 19:03:00,Very Hot
Bengaluru,22.16,22.55,81,overcast clouds,7.85,2026-07-04 19:03:00,Comfortable
Hyderabad,23.24,23.81,84,overcast clouds,11.12,2026-07-04 19:03:00,Comfortable
Tirunelveli,27.17,28.97,68,overcast clouds,3.35,2026-07-04 19:03:00,Warm
Madurai,26.66,26.66,61,overcast clouds,4.21,2026-07-04 19:03:00,Comfortable
Theni,24.96,25.34,70,overcast clouds,4.28,2026-07-04 19:03:00,Comfortable
Chennai,30.82,34.23,59,overcast clouds,0.45,2026-07-04 20:51:00,Hot
Mumbai,27.44,31.75,88,light rain,10.64,2026-07-04 20:51:00,Warm
Delhi,35.55,38.93,42,broken clouds,2.11,2026-07-04 20:51:00,Very Hot
Bengaluru,21.61,22.02,84,overcast clouds,7.74,2026-07-04 20:51:00,Comfortable
Hyderabad,23.01,23.53,83,overcast clouds,10.65,2026-07-04 20:51:00,Comfortable
Tirunelveli,26.21,26.21,73,overcast clouds,3.14,2026-07-04 20:51:01,Comfortable
Madurai,26.23,26.23,63,overcast clouds,4.01,2026-07-04 20:51:01,Comfortable
Theni,24.43,24.78,71,overcast clouds,4.27,2026-07-04 20:51:01,Comfortable
Chennai,30.27,33.35,60,overcast clouds,0.45,2026-07-04 21:54:22,Hot
Mumbai,27.32,31.79,91,moderate rain,11.0,2026-07-04 21:54:22,Warm
Delhi,35.39,38.95,43,broken clouds,2.31,2026-07-04 21:54:22,Very Hot
Bengaluru,21.34,21.72,84,overcast clouds,7.16,2026-07-04 21:54:22,Comfortable
Hyderabad,22.78,23.31,84,overcast clouds,10.3,2026-07-04 21:54:22,Comfortable
Tirunelveli,25.75,26.34,75,overcast clouds,2.94,2026-07-04 21:54:22,Comfortable
Madurai,25.98,25.98,64,overcast clouds,3.21,2026-07-04 21:54:22,Comfortable
Theni,24.37,24.74,72,overcast clouds,4.66,2026-07-04 21:54:22,Comfortable
Chennai,29.96,33.16,62,overcast clouds,0.89,2026-07-04 22:53:55,Hot
Mumbai,27.08,31.53,95,light rain,12.06,2026-07-04 22:53:55,Warm
Delhi,35.28,38.72,43,broken clouds,2.2,2026-07-04 22:53:56,Very Hot
Bengaluru,21.05,21.46,86,overcast clouds,7.38,2026-07-04 22:53:56,Comfortable
Hyderabad,22.82,23.3,82,overcast clouds,10.35,2026-07-04 22:53:56,Comfortable
Tirunelveli,25.66,26.24,75,overcast clouds,2.89,2026-07-04 22:53:56,Comfortable
Madurai,25.69,26.04,66,overcast clouds,3.63,2026-07-04 22:53:56,Comfortable
Theni,24.35,24.75,73,overcast clouds,4.8,2026-07-04 22:53:56,Comfortable
Chennai,29.71,32.86,63,overcast clouds,0.89,2026-07-04 23:57:42,Hot
Mumbai,27.13,31.46,93,moderate rain,10.86,2026-07-04 23:57:42,Warm
Delhi,35.13,38.76,44,broken clouds,2.25,2026-07-04 23:57:42,Very Hot
Bengaluru,21.05,21.48,87,overcast clouds,7.73,2026-07-04 23:57:42,Comfortable
Hyderabad,22.74,23.24,83,overcast clouds,10.32,2026-07-04 23:57:43,Comfortable
Tirunelveli,25.62,26.22,76,overcast clouds,3.03,2026-07-04 23:57:43,Comfortable
Madurai,25.67,26.04,67,overcast clouds,3.89,2026-07-04 23:57:43,Comfortable
Theni,24.31,24.73,74,overcast clouds,4.7,2026-07-04 23:57:43,Comfortable
Chennai,32.65,37.34,56,overcast clouds,1.79,2026-07-05 03:34:52,Hot
Mumbai,27.32,31.54,89,moderate rain,11.84,2026-07-05 03:34:52,Warm
Delhi,37.4,42.08,40,scattered clouds,1.99,2026-07-05 03:34:52,Very Hot
Bengaluru,22.45,22.81,79,overcast clouds,8.49,2026-07-05 03:34:52,Comfortable
Hyderabad,24.43,24.99,79,overcast clouds,10.39,2026-07-05 03:34:52,Comfortable
Tirunelveli,28.31,28.91,51,overcast clouds,4.05,2026-07-05 03:34:52,Warm
Madurai,30.17,30.98,48,overcast clouds,6.52,2026-07-05 03:34:52,Warm
Theni,28.57,29.69,55,overcast clouds,6.41,2026-07-05 03:34:52,Warm
Chennai,36.69,42.18,44,overcast clouds,4.02,2026-07-05 07:20:33,Very Hot
Mumbai,26.6,26.6,94,moderate rain,14.83,2026-07-05 07:20:33,Comfortable
Delhi,40.39,44.38,31,overcast clouds,2.43,2026-07-05 07:20:33,Very Hot
Bengaluru,27.23,28.54,62,overcast clouds,11.36,2026-07-05 07:20:33,Warm
Hyderabad,24.02,24.57,80,overcast clouds,9.4,2026-07-05 07:20:33,Comfortable
Tirunelveli,35.42,36.0,33,overcast clouds,6.86,2026-07-05 07:20:33,Hot
Madurai,34.57,35.38,36,overcast clouds,8.73,2026-07-05 07:20:33,Hot
Theni,30.75,32.02,49,overcast clouds,6.61,2026-07-05 07:20:33,Hot
Chennai,37.27,42.65,42,overcast clouds,2.24,2026-07-05 10:06:40,Very Hot
Mumbai,27.27,31.64,91,moderate rain,12.68,2026-07-05 10:06:40,Warm
Delhi,41.21,44.56,28,moderate rain,4.03,2026-07-05 10:06:40,Very Hot
Bengaluru,28.06,28.8,53,overcast clouds,11.5,2026-07-05 10:06:40,Warm
Hyderabad,25.9,26.45,73,overcast clouds,9.65,2026-07-05 10:06:40,Comfortable
Tirunelveli,34.84,35.33,34,overcast clouds,7.78,2026-07-05 10:06:40,Hot
Madurai,33.37,33.32,35,overcast clouds,9.98,2026-07-05 10:06:41,Hot
Theni,31.7,32.02,41,overcast clouds,7.44,2026-07-05 10:06:41,Hot
Chennai,36.08,40.03,42,overcast clouds,3.13,2026-07-05 12:12:09,Very Hot
Mumbai,26.61,26.61,96,light rain,15.46,2026-07-05 12:12:10,Comfortable
Delhi,40.7,44.04,29,overcast clouds,1.22,2026-07-05 12:12:10,Very Hot
Bengaluru,27.82,28.25,50,overcast clouds,10.07,2026-07-05 12:12:10,Warm
Hyderabad,25.63,26.08,70,overcast clouds,9.74,2026-07-05 12:12:10,Comfortable
Tirunelveli,31.75,33.04,46,overcast clouds,8.06,2026-07-05 12:12:10,Hot
Madurai,31.54,31.97,42,overcast clouds,8.99,2026-07-05 12:12:10,Warm
Theni,29.78,30.44,48,overcast clouds,7.5,2026-07-05 12:12:11,Warm
Chennai,34.89,37.62,42,overcast clouds,1.79,2026-07-05 14:27:53,Hot
Mumbai,27.02,30.9,91,overcast clouds,14.53,2026-07-05 14:27:53,Warm
Delhi,40.19,43.51,30,scattered clouds,1.84,2026-07-05 14:27:53,Very Hot
Bengaluru,24.53,24.79,67,overcast clouds,8.96,2026-07-05 14:27:53,Comfortable
Hyderabad,24.57,25.07,76,overcast clouds,10.37,2026-07-05 14:27:53,Comfortable
Tirunelveli,29.13,30.94,58,overcast clouds,5.54,2026-07-05 14:27:53,Warm
Madurai,29.04,29.59,49,overcast clouds,7.54,2026-07-05 14:27:53,Warm
Theni,26.27,26.27,64,overcast clouds,5.93,2026-07-05 14:27:53,Comfortable
Chennai,34.15,36.8,44,overcast clouds,1.34,2026-07-05 16:02:36,Hot
Mumbai,27.03,31.26,94,overcast clouds,14.52,2026-07-05 16:02:36,Warm
Delhi,39.19,42.42,32,broken clouds,1.29,2026-07-05 16:02:36,Very Hot
Bengaluru,23.0,23.24,72,overcast clouds,8.3,2026-07-05 16:02:36,Comfortable
Hyderabad,24.42,24.95,78,overcast clouds,11.22,2026-07-05 16:02:37,Comfortable
Tirunelveli,27.89,29.73,64,broken clouds,4.55,2026-07-05 16:02:37,Warm
Madurai,27.89,28.88,56,overcast clouds,6.1,2026-07-05 16:02:37,Warm
Theni,25.68,26.08,68,overcast clouds,5.09,2026-07-05 16:02:37,Comfortable
Chennai,33.03,34.75,44,overcast clouds,3.58,2026-07-05 17:58:28,Hot
Mumbai,26.94,30.87,93,overcast clouds,11.4,2026-07-05 17:58:28,Warm
Delhi,38.64,42.16,34,overcast clouds,3.09,2026-07-05 17:58:28,Very Hot
Bengaluru,22.16,22.47,78,overcast clouds,7.71,2026-07-05 17:58:28,Comfortable
Hyderabad,23.99,24.53,80,overcast clouds,10.42,2026-07-05 17:58:28,Comfortable
Tirunelveli,26.96,28.71,69,broken clouds,4.72,2026-07-05 17:58:28,Warm
Madurai,27.27,28.35,59,overcast clouds,4.19,2026-07-05 17:58:28,Warm
Theni,25.01,25.42,71,overcast clouds,4.73,2026-07-05 17:58:28,Comfortable
Chennai,31.93,33.34,46,overcast clouds,2.24,2026-07-05 19:23:29,Hot
Mumbai,27.21,31.22,89,overcast clouds,10.42,2026-07-05 19:23:29,Warm
Delhi,36.66,41.28,42,overcast clouds,3.17,2026-07-05 19:23:29,Very Hot
Bengaluru,21.34,21.62,80,overcast clouds,7.91,2026-07-05 19:23:29,Comfortable
Hyderabad,24.07,24.6,79,overcast clouds,10.12,2026-07-05 19:23:29,Comfortable
Tirunelveli,26.62,26.62,70,scattered clouds,4.62,2026-07-05 19:23:29,Comfortable
Madurai,26.96,28.03,60,overcast clouds,4.53,2026-07-05 19:23:29,Warm
Theni,24.93,25.38,73,overcast clouds,5.15,2026-07-05 19:23:29,Comfortable
Chennai,31.28,33.09,50,overcast clouds,1.34,2026-07-05 20:53:14,Hot
Mumbai,27.35,31.5,88,overcast clouds,12.69,2026-07-05 20:53:15,Warm
Delhi,35.94,39.74,42,overcast clouds,3.55,2026-07-05 20:53:15,Very Hot
Bengaluru,20.77,21.1,84,overcast clouds,7.73,2026-07-05 20:53:15,Comfortable
Hyderabad,23.55,24.1,82,overcast clouds,10.63,2026-07-05 20:53:15,Comfortable
Tirunelveli,25.9,26.45,73,few clouds,5.17,2026-07-05 20:53:15,Comfortable
Madurai,26.36,26.36,65,overcast clouds,4.82,2026-07-05 20:53:15,Comfortable
Theni,24.3,24.69,73,overcast clouds,4.94,2026-07-05 20:53:15,Comfortable
Chennai,29.91,31.56,54,overcast clouds,1.34,2026-07-05 21:57:10,Warm
Mumbai,27.38,31.84,90,moderate rain,13.91,2026-07-05 21:57:10,Warm
Delhi,35.24,38.99,44,overcast clouds,2.6,2026-07-05 21:57:10,Very Hot
Bengaluru,20.77,21.15,86,overcast clouds,7.83,2026-07-05 21:57:10,Comfortable
Hyderabad,23.8,24.32,80,overcast clouds,10.11,2026-07-05 21:57:10,Comfortable
Tirunelveli,25.58,26.1,73,scattered clouds,4.71,2026-07-05 21:57:10,Comfortable
Madurai,26.13,26.13,65,overcast clouds,4.47,2026-07-05 21:57:10,Comfortable
Theni,24.19,24.57,73,overcast clouds,4.59,2026-07-05 21:57:10,Comfortable
Chennai,29.21,30.92,57,overcast clouds,2.68,2026-07-05 23:01:08,Warm
Mumbai,27.26,31.37,89,heavy intensity rain,12.94,2026-07-05 23:01:08,Warm
Delhi,35.65,39.49,43,overcast clouds,2.48,2026-07-05 23:01:08,Very Hot
Bengaluru,20.5,20.88,87,overcast clouds,7.97,2026-07-05 23:01:08,Comfortable
Hyderabad,23.79,24.29,79,overcast clouds,9.64,2026-07-05 23:01:08,Comfortable
Tirunelveli,25.54,26.03,72,scattered clouds,4.62,2026-07-05 23:01:08,Comfortable
Madurai,25.86,26.2,65,overcast clouds,4.37,2026-07-05 23:01:08,Comfortable
Theni,24.19,24.54,72,overcast clouds,5.08,2026-07-05 23:01:08,Comfortable
Chennai,30.33,33.26,59,overcast clouds,3.58,2026-07-06 02:41:57,Hot
Mumbai,27.22,30.34,81,heavy intensity rain,11.45,2026-07-06 02:41:57,Warm
Delhi,35.07,39.33,46,broken clouds,2.45,2026-07-06 02:41:57,Very Hot
Bengaluru,22.18,22.59,82,overcast clouds,9.26,2026-07-06 02:41:57,Comfortable
Hyderabad,24.28,24.83,79,overcast clouds,8.89,2026-07-06 02:41:57,Comfortable
Tirunelveli,29.81,31.08,52,overcast clouds,5.89,2026-07-06 02:41:58,Warm
Madurai,29.2,29.8,49,overcast clouds,6.66,2026-07-06 02:41:58,Warm
Theni,27.72,28.57,55,overcast clouds,6.62,2026-07-06 02:41:58,Warm
Chennai,36.36,41.43,44,overcast clouds,3.13,2026-07-06 07:07:48,Very Hot
Mumbai,26.77,30.18,91,overcast clouds,12.68,2026-07-06 07:07:48,Warm
Delhi,39.59,42.35,30,clear sky,2.9,2026-07-06 07:07:48,Very Hot
Bengaluru,27.56,28.82,60,overcast clouds,8.86,2026-07-06 07:07:48,Warm
Hyderabad,27.03,28.82,69,overcast clouds,10.18,2026-07-06 07:07:48,Warm
Tirunelveli,35.66,35.88,31,scattered clouds,8.36,2026-07-06 07:07:48,Hot
Madurai,35.06,34.76,30,overcast clouds,9.77,2026-07-06 07:07:48,Hot
Theni,33.05,33.44,38,overcast clouds,7.86,2026-07-06 07:07:48,Hot
Chennai,37.09,42.24,42,overcast clouds,4.02,2026-07-06 11:59:06,Very Hot
Mumbai,27.48,31.6,86,overcast clouds,16.81,2026-07-06 11:59:06,Warm
Delhi,39.71,41.75,28,clear sky,4.0,2026-07-06 11:59:06,Very Hot
Bengaluru,27.29,28.54,61,overcast clouds,8.82,2026-07-06 11:59:07,Warm
Hyderabad,25.11,25.74,79,overcast clouds,8.83,2026-07-06 11:59:07,Comfortable
Tirunelveli,33.39,33.17,34,scattered clouds,7.89,2026-07-06 11:59:07,Hot
Madurai,32.33,32.76,40,broken clouds,8.62,2026-07-06 11:59:07,Hot
Theni,30.09,31.18,50,broken clouds,8.39,2026-07-06 11:59:07,Warm
Chennai,34.39,39.26,50,overcast clouds,2.24,2026-07-06 15:45:09,Very Hot
Mumbai,27.25,31.71,92,overcast clouds,12.75,2026-07-06 15:45:09,Warm
Delhi,38.62,40.92,31,clear sky,1.94,2026-07-06 15:45:10,Very Hot
Bengaluru,23.21,23.65,79,overcast clouds,7.81,2026-07-06 15:45:10,Comfortable
Hyderabad,26.2,26.2,72,overcast clouds,8.77,2026-07-06 15:45:10,Comfortable
Tirunelveli,28.59,30.36,60,broken clouds,4.51,2026-07-06 15:45:10,Warm
Madurai,28.58,29.46,53,broken clouds,5.5,2026-07-06 15:45:10,Warm
Theni,25.95,25.95,66,broken clouds,6.24,2026-07-06 15:45:10,Comfortable
Chennai,33.06,36.7,51,overcast clouds,1.34,2026-07-06 18:07:35,Hot
Mumbai,27.54,32.32,90,overcast clouds,11.2,2026-07-06 18:07:35,Hot
Delhi,38.13,40.39,32,few clouds,3.69,2026-07-06 18:07:35,Very Hot
Bengaluru,22.45,22.92,83,overcast clouds,7.77,2026-07-06 18:07:35,Comfortable
Hyderabad,25.33,25.9,76,overcast clouds,8.53,2026-07-06 18:07:35,Comfortable
Tirunelveli,27.55,29.29,65,overcast clouds,3.04,2026-07-06 18:07:35,Warm
Madurai,28.17,29.14,55,broken clouds,4.92,2026-07-06 18:07:36,Warm
Theni,25.74,26.12,67,broken clouds,5.38,2026-07-06 18:07:36,Comfortable
Chennai,31.91,35.72,56,overcast clouds,0.89,2026-07-06 20:49:18,Hot
Mumbai,27.6,31.93,86,overcast clouds,12.3,2026-07-06 20:49:18,Warm
Delhi,34.63,36.83,41,clear sky,3.74,2026-07-06 20:49:18,Hot
Bengaluru,22.16,22.62,84,overcast clouds,7.51,2026-07-06 20:49:18,Comfortable
Hyderabad,24.7,25.31,80,overcast clouds,9.14,2026-07-06 20:49:18,Comfortable
Tirunelveli,26.81,28.54,70,overcast clouds,2.14,2026-07-06 20:49:18,Warm
Madurai,27.44,28.48,58,overcast clouds,3.76,2026-07-06 20:49:18,Warm
Theni,24.86,25.26,71,overcast clouds,4.75,2026-07-06 20:49:18,Comfortable
Chennai,31.28,34.68,57,overcast clouds,0.89,2026-07-06 22:09:31,Hot
Mumbai,27.55,31.79,86,overcast clouds,11.75,2026-07-06 22:09:31,Warm
Delhi,34.52,36.91,42,clear sky,3.56,2026-07-06 22:09:31,Hot
Bengaluru,21.89,22.33,84,overcast clouds,7.29,2026-07-06 22:09:31,Comfortable
Hyderabad,24.62,25.2,79,overcast clouds,9.05,2026-07-06 22:09:31,Comfortable
Tirunelveli,26.5,26.5,72,overcast clouds,2.11,2026-07-06 22:09:31,Comfortable
Madurai,26.97,28.04,60,overcast clouds,3.3,2026-07-06 22:09:31,Warm
Theni,24.64,25.01,71,overcast clouds,5.21,2026-07-06 22:09:32,Comfortable
Chennai,30.69,34.43,61,overcast clouds,1.34,2026-07-07 00:03:03,Hot
Mumbai,27.71,32.09,85,light rain,13.25,2026-07-07 00:03:03,Hot
Delhi,33.77,37.26,48,clear sky,2.77,2026-07-07 00:03:03,Hot
Bengaluru,21.61,22.07,86,overcast clouds,7.25,2026-07-07 00:03:03,Comfortable
Hyderabad,24.34,24.94,81,overcast clouds,8.91,2026-07-07 00:03:03,Comfortable
Tirunelveli,26.13,26.13,73,broken clouds,2.29,2026-07-07 00:03:04,Comfortable
Madurai,26.55,26.55,62,overcast clouds,3.18,2026-07-07 00:03:04,Comfortable
Theni,24.7,25.08,71,overcast clouds,5.04,2026-07-07 00:03:04,Comfortable
Chennai,34.26,39.32,51,overcast clouds,1.34,2026-07-07 04:45:40,Very Hot
Mumbai,27.99,33.03,86,light rain,11.26,2026-07-07 04:45:40,Hot
Delhi,36.88,40.96,40,broken clouds,2.51,2026-07-07 04:45:40,Very Hot
Bengaluru,25.63,26.15,73,overcast clouds,10.02,2026-07-07 04:45:40,Comfortable
Hyderabad,29.29,31.53,60,overcast clouds,11.7,2026-07-07 04:45:40,Warm
Tirunelveli,34.19,34.33,34,scattered clouds,7.25,2026-07-07 04:45:40,Hot
Madurai,33.55,33.79,36,overcast clouds,7.46,2026-07-07 04:45:40,Hot
Theni,32.35,32.98,41,broken clouds,5.92,2026-07-07 04:45:41,Hot
Chennai,37.42,44.39,45,overcast clouds,1.34,2026-07-07 08:18:15,Very Hot
Mumbai,28.33,33.29,82,moderate rain,10.44,2026-07-07 08:18:15,Hot
Delhi,39.9,43.39,31,moderate rain,1.17,2026-07-07 08:18:15,Very Hot
Bengaluru,27.74,29.49,64,overcast clouds,10.97,2026-07-07 08:18:15,Warm
Hyderabad,29.11,31.71,63,overcast clouds,10.65,2026-07-07 08:18:16,Warm
Tirunelveli,35.71,36.21,32,broken clouds,8.74,2026-07-07 08:18:16,Hot
Madurai,36.26,36.83,31,broken clouds,7.24,2026-07-07 08:18:16,Hot
Theni,34.6,35.19,35,overcast clouds,6.72,2026-07-07 08:18:16,Hot
Chennai,37.66,44.66,45,overcast clouds,2.68,2026-07-07 11:43:05,Very Hot
Mumbai,28.58,33.79,81,overcast clouds,10.3,2026-07-07 11:43:05,Hot
Delhi,37.38,41.21,38,broken clouds,3.39,2026-07-07 11:43:05,Very Hot
Bengaluru,27.37,29.1,66,overcast clouds,9.48,2026-07-07 11:43:05,Warm
Hyderabad,29.54,31.8,59,overcast clouds,9.17,2026-07-07 11:43:05,Warm
Tirunelveli,33.29,33.4,36,scattered clouds,7.86,2026-07-07 11:43:05,Hot
Madurai,33.18,33.05,35,broken clouds,8.94,2026-07-07 11:43:05,Hot
Theni,30.86,31.18,43,broken clouds,7.53,2026-07-07 11:43:06,Warm
Chennai,31.9,38.9,69,overcast clouds,1.79,2026-07-07 14:20:25,Very Hot
Mumbai,28.44,33.78,83,overcast clouds,10.77,2026-07-07 14:20:25,Hot
Delhi,36.19,40.65,43,broken clouds,3.32,2026-07-07 14:20:25,Very Hot
Bengaluru,23.37,23.67,73,overcast clouds,9.03,2026-07-07 14:20:26,Comfortable
Hyderabad,27.92,29.66,63,overcast clouds,8.14,2026-07-07 14:20:26,Warm
Tirunelveli,30.73,31.81,48,broken clouds,5.15,2026-07-07 14:20:26,Warm
Madurai,29.91,30.07,44,scattered clouds,8.79,2026-07-07 14:20:26,Warm
Theni,27.16,28.06,57,broken clouds,6.1,2026-07-07 14:20:26,Warm
Chennai,32.06,39.06,67,overcast clouds,2.24,2026-07-07 17:08:58,Very Hot
Mumbai,27.74,32.32,86,overcast clouds,12.47,2026-07-07 17:08:58,Hot
Delhi,34.9,39.32,47,broken clouds,4.13,2026-07-07 17:08:58,Very Hot
Bengaluru,22.72,23.11,79,broken clouds,7.85,2026-07-07 17:08:58,Comfortable
Hyderabad,25.88,26.43,73,overcast clouds,8.43,2026-07-07 17:08:58,Comfortable
Tirunelveli,28.56,30.45,61,overcast clouds,3.71,2026-07-07 17:08:58,Warm
Madurai,28.42,28.94,50,broken clouds,6.34,2026-07-07 17:08:58,Warm
Theni,25.98,25.98,59,broken clouds,5.01,2026-07-07 17:08:58,Comfortable
Chennai,32.4,36.78,56,overcast clouds,1.79,2026-07-07 19:47:52,Hot
Mumbai,27.57,31.99,87,moderate rain,12.58,2026-07-07 19:47:52,Warm
Delhi,33.41,37.76,52,overcast clouds,2.17,2026-07-07 19:47:52,Hot
Bengaluru,21.61,22.02,84,overcast clouds,8.26,2026-07-07 19:47:52,Comfortable
Hyderabad,24.72,25.31,79,overcast clouds,8.26,2026-07-07 19:47:52,Comfortable
Tirunelveli,27.25,29.1,68,few clouds,3.67,2026-07-07 19:47:52,Warm
Madurai,27.83,28.35,51,broken clouds,3.81,2026-07-07 19:47:52,Warm
Theni,25.42,25.58,60,broken clouds,4.42,2026-07-07 19:47:53,Comfortable
Chennai,31.94,35.79,56,overcast clouds,1.79,2026-07-07 21:18:56,Hot
Mumbai,28.15,32.81,82,moderate rain,12.36,2026-07-07 21:18:56,Hot
Delhi,33.1,37.4,53,overcast clouds,2.69,2026-07-07 21:18:56,Hot
Bengaluru,21.34,21.75,85,overcast clouds,7.88,2026-07-07 21:18:56,Comfortable
Hyderabad,24.41,24.97,79,overcast clouds,8.57,2026-07-07 21:18:56,Comfortable
Tirunelveli,27.05,28.86,69,few clouds,2.95,2026-07-07 21:18:56,Warm
Madurai,27.63,28.21,52,broken clouds,3.79,2026-07-07 21:18:56,Warm
Theni,25.24,25.41,61,broken clouds,4.02,2026-07-07 21:18:56,Comfortable
Chennai,31.39,34.66,56,overcast clouds,0.89,2026-07-07 22:56:08,Hot
Mumbai,27.19,30.6,84,heavy intensity rain,12.86,2026-07-07 22:56:08,Warm
Delhi,32.13,36.48,57,overcast clouds,3.92,2026-07-07 22:56:09,Hot
Bengaluru,21.05,21.51,88,overcast clouds,7.98,2026-07-07 22:56:09,Comfortable
Hyderabad,24.02,24.54,79,overcast clouds,8.41,2026-07-07 22:56:09,Comfortable
Tirunelveli,26.58,26.58,71,few clouds,2.28,2026-07-07 22:56:09,Comfortable
Madurai,27.16,27.84,54,broken clouds,3.33,2026-07-07 22:56:09,Warm
Theni,24.95,25.12,62,broken clouds,4.28,2026-07-07 22:56:09,Comfortable
Chennai,30.83,34.02,58,overcast clouds,0.89,2026-07-07 23:56:04,Hot
Mumbai,26.84,30.19,89,heavy intensity rain,11.31,2026-07-07 23:56:04,Warm
Delhi,31.74,36.19,59,overcast clouds,3.6,2026-07-07 23:56:05,Hot
Bengaluru,20.77,21.23,89,overcast clouds,7.6,2026-07-07 23:56:05,Comfortable
Hyderabad,24.25,24.74,77,overcast clouds,8.34,2026-07-07 23:56:05,Comfortable
Tirunelveli,26.46,26.46,71,few clouds,2.37,2026-07-07 23:56:05,Comfortable
Madurai,26.92,27.65,55,broken clouds,2.58,2026-07-07 23:56:05,Warm
Theni,24.7,24.9,64,broken clouds,3.74,2026-07-07 23:56:05,Comfortable
Chennai,30.85,34.53,60,overcast clouds,1.79,2026-07-08 02:26:56,Hot
Mumbai,27.58,31.74,85,light rain,10.58,2026-07-08 02:26:56,Warm
Delhi,31.56,35.79,59,overcast clouds,4.11,2026-07-08 02:26:57,Hot
Bengaluru,21.89,22.38,86,overcast clouds,8.08,2026-07-08 02:26:57,Comfortable
Hyderabad,25.27,25.78,74,overcast clouds,8.86,2026-07-08 02:26:57,Comfortable
Tirunelveli,28.33,30.2,62,clear sky,2.82,2026-07-08 02:26:57,Warm
Madurai,28.5,29.25,52,scattered clouds,3.19,2026-07-08 02:26:57,Warm
Theni,27.18,28.23,59,few clouds,4.27,2026-07-08 02:26:57,Warm
Chennai,34.99,41.05,51,overcast clouds,2.24,2026-07-08 05:46:08,Very Hot
Mumbai,27.57,30.43,75,heavy intensity rain,8.41,2026-07-08 05:46:08,Warm
Delhi,32.94,38.0,56,overcast clouds,3.55,2026-07-08 05:46:08,Very Hot
Bengaluru,26.99,29.01,72,overcast clouds,10.68,2026-07-08 05:46:08,Warm
Hyderabad,29.93,31.95,56,broken clouds,10.27,2026-07-08 05:46:08,Warm
Tirunelveli,35.1,35.99,35,clear sky,7.93,2026-07-08 05:46:08,Hot
Madurai,34.65,35.03,34,scattered clouds,4.55,2026-07-08 05:46:08,Hot
Theni,34.64,35.49,36,few clouds,4.38,2026-07-08 05:46:08,Hot
Chennai,37.07,44.07,47,overcast clouds,3.13,2026-07-08 08:18:36,Very Hot
Mumbai,27.95,32.6,84,light rain,8.08,2026-07-08 08:18:36,Hot
Delhi,33.92,38.56,51,overcast clouds,3.42,2026-07-08 08:18:37,Very Hot
Bengaluru,27.78,29.78,66,overcast clouds,10.43,2026-07-08 08:18:37,Warm
Hyderabad,30.73,32.96,54,overcast clouds,10.06,2026-07-08 08:18:37,Hot
Tirunelveli,35.74,36.79,34,scattered clouds,8.98,2026-07-08 08:18:38,Hot
Madurai,36.51,36.96,30,clear sky,2.95,2026-07-08 08:18:38,Hot
Theni,35.37,36.44,35,scattered clouds,4.34,2026-07-08 08:18:38,Hot
Chennai,37.76,44.76,46,overcast clouds,3.58,2026-07-08 10:59:52,Very Hot
Mumbai,28.04,33.01,85,overcast clouds,9.65,2026-07-08 10:59:52,Hot
Delhi,32.52,37.35,57,overcast clouds,2.75,2026-07-08 10:59:52,Hot
Bengaluru,27.55,29.5,67,overcast clouds,9.56,2026-07-08 10:59:52,Warm
Hyderabad,31.2,32.95,50,overcast clouds,9.51,2026-07-08 10:59:52,Hot
Tirunelveli,34.64,35.25,35,scattered clouds,9.2,2026-07-08 10:59:52,Hot
Madurai,35.3,36.33,35,few clouds,7.52,2026-07-08 10:59:52,Hot
Theni,31.23,32.41,47,broken clouds,5.8,2026-07-08 10:59:52,Hot
Chennai,35.25,42.25,56,overcast clouds,1.34,2026-07-08 12:27:20,Very Hot
Mumbai,28.39,33.64,83,overcast clouds,7.98,2026-07-08 12:27:20,Hot
Delhi,31.02,35.93,64,overcast clouds,3.24,2026-07-08 12:27:20,Hot
Bengaluru,27.13,28.9,68,overcast clouds,8.91,2026-07-08 12:27:20,Warm
Hyderabad,30.58,32.5,53,overcast clouds,8.09,2026-07-08 12:27:20,Hot
Tirunelveli,33.34,33.68,37,few clouds,9.0,2026-07-08 12:27:20,Hot
Madurai,33.34,34.1,39,scattered clouds,9.49,2026-07-08 12:27:20,Hot
Theni,30.88,32.05,48,broken clouds,6.11,2026-07-08 12:27:20,Hot
Chennai,31.48,37.64,66,overcast clouds,3.58,2026-07-08 15:15:33,Hot
Mumbai,28.81,34.85,83,overcast clouds,7.6,2026-07-08 15:15:33,Hot
Delhi,29.3,34.02,73,moderate rain,3.88,2026-07-08 15:15:33,Hot
Bengaluru,24.11,24.64,79,overcast clouds,7.63,2026-07-08 15:15:33,Comfortable
Hyderabad,27.88,29.71,64,overcast clouds,6.6,2026-07-08 15:15:34,Warm
Tirunelveli,30.1,31.2,50,broken clouds,6.33,2026-07-08 15:15:34,Warm
Madurai,30.41,31.33,48,light rain,5.79,2026-07-08 15:15:34,Warm
Theni,27.18,28.47,62,overcast clouds,5.01,2026-07-08 15:15:34,Warm
Chennai,31.29,38.29,71,overcast clouds,2.24,2026-07-08 17:24:49,Very Hot
Mumbai,28.71,34.56,83,overcast clouds,7.31,2026-07-08 17:24:49,Hot
Delhi,29.04,33.79,75,overcast clouds,1.16,2026-07-08 17:24:49,Hot
Bengaluru,23.27,23.77,81,overcast clouds,6.89,2026-07-08 17:24:49,Comfortable
Hyderabad,27.23,28.97,67,overcast clouds,7.28,2026-07-08 17:24:49,Warm
Tirunelveli,29.13,30.5,55,broken clouds,5.53,2026-07-08 17:24:49,Warm
Madurai,29.24,30.11,51,overcast clouds,5.04,2026-07-08 17:24:49,Warm
Theni,26.71,27.72,60,overcast clouds,3.59,2026-07-08 17:24:49,Warm
Chennai,31.24,38.24,72,overcast clouds,1.34,2026-07-08 19:17:23,Very Hot
Mumbai,28.86,34.99,83,overcast clouds,9.11,2026-07-08 19:17:23,Hot
Delhi,28.93,33.33,74,overcast clouds,3.21,2026-07-08 19:17:23,Hot
Bengaluru,22.45,22.94,84,overcast clouds,6.5,2026-07-08 19:17:23,Comfortable
Hyderabad,26.2,26.2,73,overcast clouds,7.48,2026-07-08 19:17:23,Comfortable
Tirunelveli,28.74,30.32,58,overcast clouds,5.48,2026-07-08 19:17:23,Warm
Madurai,28.84,29.57,51,overcast clouds,4.5,2026-07-08 19:17:23,Warm
Theni,26.19,26.19,62,overcast clouds,3.38,2026-07-08 19:17:23,Comfortable
Chennai,31.29,38.07,69,overcast clouds,1.34,2026-07-08 21:01:46,Very Hot
Mumbai,28.55,34.49,85,overcast clouds,9.68,2026-07-08 21:01:46,Hot
Delhi,26.82,29.95,87,overcast clouds,4.34,2026-07-08 21:01:46,Warm
Bengaluru,22.16,22.65,85,overcast clouds,6.38,2026-07-08 21:01:46,Comfortable
Hyderabad,25.19,25.8,78,overcast clouds,6.82,2026-07-08 21:01:46,Comfortable
Tirunelveli,28.66,30.33,59,overcast clouds,5.38,2026-07-08 21:01:46,Warm
Madurai,28.45,29.18,52,overcast clouds,3.49,2026-07-08 21:01:46,Warm
Theni,25.5,25.75,63,overcast clouds,3.52,2026-07-08 21:01:47,Comfortable
Chennai,31.2,36.93,66,overcast clouds,1.34,2026-07-08 23:00:23,Hot
Mumbai,28.4,33.67,83,overcast clouds,9.08,2026-07-08 23:00:23,Hot
Delhi,25.96,25.96,95,heavy intensity rain,5.98,2026-07-08 23:00:23,Comfortable
Bengaluru,21.61,22.15,89,overcast clouds,6.07,2026-07-08 23:00:23,Comfortable
Hyderabad,24.86,25.49,80,overcast clouds,6.67,2026-07-08 23:00:23,Comfortable
Tirunelveli,28.49,30.07,59,overcast clouds,5.26,2026-07-08 23:00:23,Warm
Madurai,28.06,28.7,52,overcast clouds,3.19,2026-07-08 23:00:24,Warm
Theni,25.01,25.29,66,overcast clouds,3.79,2026-07-08 23:00:24,Comfortable
Chennai,32.29,38.41,62,overcast clouds,1.34,2026-07-09 02:29:38,Very Hot
Mumbai,28.55,33.9,82,overcast clouds,8.2,2026-07-09 02:29:38,Hot
Delhi,25.35,26.42,95,heavy intensity rain,5.24,2026-07-09 02:29:38,Comfortable
Bengaluru,22.45,22.94,84,overcast clouds,6.31,2026-07-09 02:29:38,Comfortable
Hyderabad,25.73,26.42,79,overcast clouds,7.48,2026-07-09 02:29:38,Comfortable
Tirunelveli,29.05,30.52,56,overcast clouds,5.81,2026-07-09 02:29:38,Warm
Madurai,28.02,29.05,56,overcast clouds,4.39,2026-07-09 02:29:38,Warm
Theni,26.45,26.45,66,overcast clouds,3.95,2026-07-09 02:29:38,Comfortable
Chennai,36.77,43.77,50,overcast clouds,2.24,2026-07-09 06:38:25,Very Hot
Mumbai,29.42,35.69,79,overcast clouds,7.57,2026-07-09 06:38:25,Hot
Delhi,26.99,29.44,77,light rain,5.51,2026-07-09 06:38:25,Warm
Bengaluru,27.18,29.35,72,overcast clouds,8.63,2026-07-09 06:38:25,Warm
Hyderabad,31.39,33.94,53,broken clouds,7.58,2026-07-09 06:38:25,Hot
Tirunelveli,35.61,37.14,36,overcast clouds,6.38,2026-07-09 06:38:25,Hot
Madurai,35.25,36.79,37,scattered clouds,2.31,2026-07-09 06:38:25,Hot
Theni,34.98,36.88,39,broken clouds,5.61,2026-07-09 06:38:25,Hot
Chennai,33.14,40.14,64,overcast clouds,4.02,2026-07-09 10:20:23,Very Hot
Mumbai,29.42,35.94,80,overcast clouds,8.39,2026-07-09 10:20:24,Hot
Delhi,28.41,31.79,72,overcast clouds,4.53,2026-07-09 10:20:24,Warm
Bengaluru,27.7,29.87,68,overcast clouds,7.13,2026-07-09 10:20:24,Warm
Hyderabad,31.94,34.25,50,broken clouds,8.18,2026-07-09 10:20:24,Hot
Tirunelveli,35.63,37.17,36,overcast clouds,7.86,2026-07-09 10:20:24,Hot
Madurai,36.84,38.08,32,broken clouds,5.07,2026-07-09 10:20:24,Very Hot
Theni,33.5,36.13,46,broken clouds,7.64,2026-07-09 10:20:24,Hot
Chennai,27.76,33.32,92,light rain,1.34,2026-07-09 13:45:18,Hot
Mumbai,28.92,35.17,83,overcast clouds,8.1,2026-07-09 13:45:18,Hot
Delhi,28.16,31.41,73,overcast clouds,4.1,2026-07-09 13:45:18,Warm
Bengaluru,27.73,30.04,69,light rain,6.5,2026-07-09 13:45:18,Warm
Hyderabad,29.24,31.12,58,overcast clouds,5.77,2026-07-09 13:45:18,Warm
Tirunelveli,30.4,32.01,52,overcast clouds,6.4,2026-07-09 13:45:18,Hot
Madurai,31.64,33.28,48,overcast clouds,4.86,2026-07-09 13:45:18,Hot
Theni,27.77,29.87,67,overcast clouds,5.23,2026-07-09 13:45:18,Warm
Chennai,28.39,33.46,82,moderate rain,0.45,2026-07-09 16:24:09,Hot
Mumbai,28.84,34.51,81,overcast clouds,8.04,2026-07-09 16:24:09,Hot
Delhi,26.86,29.43,80,overcast clouds,3.22,2026-07-09 16:24:09,Warm
Bengaluru,24.94,25.47,76,overcast clouds,5.94,2026-07-09 16:24:09,Comfortable
Hyderabad,28.35,30.37,63,overcast clouds,5.21,2026-07-09 16:24:09,Warm
Tirunelveli,28.9,30.43,57,overcast clouds,5.52,2026-07-09 16:24:09,Warm
Madurai,30.92,32.49,50,overcast clouds,3.36,2026-07-09 16:24:09,Hot
Theni,27.1,28.94,69,overcast clouds,4.44,2026-07-09 16:24:09,Warm
Chennai,28.91,34.71,81,overcast clouds,1.79,2026-07-09 18:47:03,Hot
Mumbai,28.9,34.25,79,overcast clouds,7.76,2026-07-09 18:47:04,Hot
Delhi,27.62,31.04,79,overcast clouds,1.7,2026-07-09 18:47:04,Warm
Bengaluru,23.56,24.06,80,overcast clouds,4.8,2026-07-09 18:47:04,Comfortable
Hyderabad,27.95,30.07,66,overcast clouds,5.69,2026-07-09 18:47:04,Warm
Tirunelveli,27.97,29.74,63,overcast clouds,5.23,2026-07-09 18:47:04,Warm
Madurai,29.02,31.07,60,overcast clouds,2.39,2026-07-09 18:47:04,Warm
Theni,26.28,26.28,73,overcast clouds,3.78,2026-07-09 18:47:04,Comfortable
Chennai,27.95,33.59,90,overcast clouds,2.24,2026-07-09 20:43:20,Hot
Mumbai,28.91,34.28,79,overcast clouds,7.52,2026-07-09 20:43:20,Hot
Delhi,27.47,30.69,79,overcast clouds,2.51,2026-07-09 20:43:20,Warm
Bengaluru,22.72,23.21,83,overcast clouds,4.94,2026-07-09 20:43:20,Comfortable
Hyderabad,26.43,26.43,73,overcast clouds,6.09,2026-07-09 20:43:20,Comfortable
Tirunelveli,27.58,29.34,65,overcast clouds,3.99,2026-07-09 20:43:20,Warm
Madurai,27.85,29.67,64,overcast clouds,4.56,2026-07-09 20:43:20,Warm
Theni,25.85,26.42,74,overcast clouds,3.67,2026-07-09 20:43:20,Comfortable
Chennai,28.68,35.68,89,moderate rain,1.79,2026-07-09 22:17:19,Hot
Mumbai,28.84,34.09,79,overcast clouds,7.2,2026-07-09 22:17:19,Hot
Delhi,27.28,30.37,80,overcast clouds,2.4,2026-07-09 22:17:19,Warm
Bengaluru,21.88,22.37,86,overcast clouds,5.07,2026-07-09 22:17:19,Comfortable
Hyderabad,26.0,26.0,74,overcast clouds,6.09,2026-07-09 22:17:19,Comfortable
Tirunelveli,27.3,28.99,66,overcast clouds,4.06,2026-07-09 22:17:19,Warm
Madurai,27.73,29.47,64,overcast clouds,4.41,2026-07-09 22:17:19,Warm
Theni,25.47,26.03,75,overcast clouds,3.78,2026-07-09 22:17:19,Comfortable
Chennai,28.68,35.68,90,overcast clouds,0.89,2026-07-10 00:00:17,Hot
Mumbai,28.95,33.77,76,overcast clouds,6.54,2026-07-10 00:00:17,Hot
Delhi,27.61,31.02,79,broken clouds,2.1,2026-07-10 00:00:17,Warm
Bengaluru,21.61,22.1,87,overcast clouds,4.97,2026-07-10 00:00:17,Comfortable
Hyderabad,24.83,25.43,79,overcast clouds,5.75,2026-07-10 00:00:17,Comfortable
Tirunelveli,27.02,28.72,68,overcast clouds,3.57,2026-07-10 00:00:17,Warm
Madurai,27.73,29.47,64,overcast clouds,3.47,2026-07-10 00:00:17,Warm
Theni,25.14,25.72,77,overcast clouds,3.67,2026-07-10 00:00:17,Comfortable
Chennai,30.42,37.42,81,overcast clouds,0.45,2026-07-10 04:04:52,Hot
Mumbai,29.26,34.56,76,overcast clouds,6.48,2026-07-10 04:04:52,Hot
Delhi,31.47,36.14,61,broken clouds,4.09,2026-07-10 04:04:52,Hot
Bengaluru,23.86,24.36,79,overcast clouds,6.69,2026-07-10 04:04:52,Comfortable
Hyderabad,28.22,30.15,63,overcast clouds,7.28,2026-07-10 04:04:52,Warm
Tirunelveli,32.04,35.45,54,overcast clouds,5.36,2026-07-10 04:04:52,Hot
Madurai,31.67,33.77,50,overcast clouds,4.28,2026-07-10 04:04:53,Hot
Theni,30.17,32.56,57,overcast clouds,3.79,2026-07-10 04:04:53,Hot
Chennai,34.22,41.22,59,overcast clouds,1.34,2026-07-10 08:17:16,Very Hot
Mumbai,29.32,34.72,76,overcast clouds,7.33,2026-07-10 08:17:17,Hot
Delhi,33.76,38.54,52,overcast clouds,5.96,2026-07-10 08:17:17,Very Hot
Bengaluru,28.21,30.52,66,overcast clouds,5.96,2026-07-10 08:17:17,Warm
Hyderabad,33.11,34.18,41,overcast clouds,6.93,2026-07-10 08:17:17,Hot
Tirunelveli,36.56,38.86,36,broken clouds,7.53,2026-07-10 08:17:17,Very Hot
Madurai,36.82,38.68,34,broken clouds,3.37,2026-07-10 08:17:17,Very Hot
Theni,34.12,36.46,43,broken clouds,6.16,2026-07-10 08:17:17,Hot
Chennai,33.94,40.94,70,overcast clouds,7.04,2026-07-10 11:46:17,Very Hot
Mumbai,29.24,34.73,77,overcast clouds,7.37,2026-07-10 11:46:17,Hot
Delhi,32.01,36.22,57,overcast clouds,5.66,2026-07-10 11:46:17,Hot
Bengaluru,28.18,31.02,70,overcast clouds,3.3,2026-07-10 11:46:17,Warm
Hyderabad,30.57,32.1,51,overcast clouds,7.54,2026-07-10 11:46:17,Hot
Tirunelveli,33.2,35.31,45,broken clouds,7.98,2026-07-10 11:46:17,Hot
Madurai,33.56,35.43,43,heavy intensity rain,2.64,2026-07-10 11:46:17,Hot
Theni,29.62,31.94,59,light rain,5.09,2026-07-10 11:46:18,Warm
Chennai,30.4,37.4,76,overcast clouds,0.89,2026-07-10 14:10:30,Hot
Mumbai,29.21,34.88,78,overcast clouds,7.36,2026-07-10 14:10:30,Hot
Delhi,30.26,34.45,65,overcast clouds,5.27,2026-07-10 14:10:30,Hot
Bengaluru,27.19,29.46,73,overcast clouds,3.46,2026-07-10 14:10:30,Warm
Hyderabad,28.4,30.19,61,overcast clouds,6.86,2026-07-10 14:10:30,Warm
Tirunelveli,30.21,32.24,55,overcast clouds,7.25,2026-07-10 14:10:30,Hot
Madurai,29.77,32.59,61,overcast clouds,2.91,2026-07-10 14:10:30,Hot
Theni,27.57,29.75,69,overcast clouds,3.74,2026-07-10 14:10:31,Warm
Chennai,30.29,37.29,79,overcast clouds,2.68,2026-07-10 16:51:39,Hot
Mumbai,29.17,34.55,77,overcast clouds,8.05,2026-07-10 16:51:39,Hot
Delhi,30.23,34.15,64,broken clouds,1.43,2026-07-10 16:51:39,Hot
Bengaluru,23.83,24.36,80,overcast clouds,5.18,2026-07-10 16:51:39,Comfortable
Hyderabad,27.76,29.52,64,overcast clouds,6.79,2026-07-10 16:51:39,Warm
Tirunelveli,28.68,30.79,62,overcast clouds,6.65,2026-07-10 16:51:39,Warm
Madurai,29.19,31.52,61,overcast clouds,3.44,2026-07-10 16:51:39,Warm
Theni,26.4,26.4,72,overcast clouds,2.19,2026-07-10 16:51:39,Comfortable
Chennai,30.14,37.14,77,overcast clouds,1.34,2026-07-10 18:19:46,Hot
Mumbai,29.21,34.65,77,overcast clouds,8.11,2026-07-10 18:19:47,Hot
Delhi,30.57,34.42,62,broken clouds,2.72,2026-07-10 18:19:47,Hot
Bengaluru,23.27,23.77,81,overcast clouds,5.19,2026-07-10 18:19:47,Comfortable
Hyderabad,27.49,29.2,65,overcast clouds,6.33,2026-07-10 18:19:47,Warm
Tirunelveli,28.45,30.54,63,overcast clouds,6.05,2026-07-10 18:19:47,Warm
Madurai,29.07,30.85,58,overcast clouds,4.3,2026-07-10 18:19:47,Warm
Theni,26.08,26.08,73,overcast clouds,2.88,2026-07-10 18:19:47,Comfortable
Chennai,29.08,34.53,78,overcast clouds,0.45,2026-07-10 20:18:34,Hot
Mumbai,29.04,34.21,77,overcast clouds,7.97,2026-07-10 20:18:34,Hot
Delhi,29.72,34.37,70,overcast clouds,1.96,2026-07-10 20:18:34,Hot
Bengaluru,22.16,22.65,85,broken clouds,4.88,2026-07-10 20:18:34,Comfortable
Hyderabad,27.02,28.64,67,overcast clouds,7.48,2026-07-10 20:18:34,Warm
Tirunelveli,27.49,29.4,67,overcast clouds,5.15,2026-07-10 20:18:34,Warm
Madurai,28.75,30.48,59,overcast clouds,2.89,2026-07-10 20:18:35,Warm
Theni,25.5,26.04,74,overcast clouds,2.53,2026-07-10 20:18:35,Comfortable
Chennai,28.52,33.07,78,overcast clouds,0.89,2026-07-10 21:56:47,Hot
Mumbai,29.03,33.77,75,overcast clouds,6.96,2026-07-10 21:56:47,Hot
Delhi,30.21,34.57,66,overcast clouds,1.23,2026-07-10 21:56:47,Hot
Bengaluru,21.61,22.07,86,overcast clouds,5.13,2026-07-10 21:56:47,Comfortable
Hyderabad,25.83,26.37,73,overcast clouds,6.88,2026-07-10 21:56:47,Comfortable
Tirunelveli,27.01,28.79,69,overcast clouds,4.97,2026-07-10 21:56:47,Warm
Madurai,28.08,29.46,59,overcast clouds,3.2,2026-07-10 21:56:47,Warm
Theni,25.02,25.56,76,overcast clouds,2.96,2026-07-10 21:56:48,Comfortable
Chennai,28.03,32.02,79,overcast clouds,1.34,2026-07-10 22:58:27,Hot
Mumbai,29.02,33.74,75,overcast clouds,7.73,2026-07-10 22:58:27,Hot
Delhi,30.39,34.74,65,overcast clouds,0.85,2026-07-10 22:58:27,Hot
Bengaluru,21.32,21.78,87,overcast clouds,4.92,2026-07-10 22:58:27,Comfortable
Hyderabad,25.27,25.84,76,overcast clouds,6.51,2026-07-10 22:58:27,Comfortable
Tirunelveli,26.89,28.67,70,overcast clouds,4.89,2026-07-10 22:58:27,Warm
Madurai,27.72,29.04,60,overcast clouds,3.17,2026-07-10 22:58:28,Warm
Theni,24.92,25.45,76,overcast clouds,3.49,2026-07-10 22:58:28,Comfortable
Chennai,28.05,32.07,79,overcast clouds,1.79,2026-07-11 00:01:44,Hot
Mumbai,29.07,33.87,75,overcast clouds,7.7,2026-07-11 00:01:44,Hot
Delhi,30.37,34.7,65,overcast clouds,1.04,2026-07-11 00:01:44,Hot
Bengaluru,21.05,21.48,87,overcast clouds,4.84,2026-07-11 00:01:45,Comfortable
Hyderabad,24.82,25.42,79,overcast clouds,6.18,2026-07-11 00:01:45,Comfortable
Tirunelveli,26.75,28.51,71,overcast clouds,4.37,2026-07-11 00:01:45,Warm
Madurai,27.37,28.74,62,broken clouds,3.07,2026-07-11 00:01:45,Warm
Theni,24.85,25.37,76,overcast clouds,3.13,2026-07-11 00:01:45,Comfortable
Chennai,32.71,39.49,62,overcast clouds,2.24,2026-07-11 04:09:01,Very Hot
Mumbai,29.13,34.23,76,overcast clouds,6.79,2026-07-11 04:09:01,Hot
Delhi,34.43,37.66,45,broken clouds,3.64,2026-07-11 04:09:01,Hot
Bengaluru,25.75,26.26,72,broken clouds,6.48,2026-07-11 04:09:01,Comfortable
Hyderabad,28.09,29.58,60,overcast clouds,7.07,2026-07-11 04:09:01,Warm
Tirunelveli,32.98,34.91,45,overcast clouds,5.98,2026-07-11 04:09:01,Hot
Madurai,31.31,32.93,49,broken clouds,3.06,2026-07-11 04:09:01,Hot
Theni,30.49,32.16,52,broken clouds,3.33,2026-07-11 04:09:01,Hot
Chennai,36.25,43.25,52,overcast clouds,1.79,2026-07-11 07:08:46,Very Hot
Mumbai,29.4,34.48,74,overcast clouds,7.76,2026-07-11 07:08:46,Hot
Delhi,37.69,41.06,36,scattered clouds,3.37,2026-07-11 07:08:46,Very Hot
Bengaluru,28.02,29.94,64,overcast clouds,6.08,2026-07-11 07:08:46,Warm
Hyderabad,32.01,32.85,43,overcast clouds,7.56,2026-07-11 07:08:46,Hot
Tirunelveli,36.78,39.28,36,overcast clouds,6.86,2026-07-11 07:08:46,Very Hot
Madurai,35.38,37.32,38,overcast clouds,1.96,2026-07-11 07:08:46,Hot
Theni,34.65,36.86,41,overcast clouds,3.17,2026-07-11 07:08:46,Hot
Chennai,38.08,45.08,48,overcast clouds,1.34,2026-07-11 09:22:57,Dangerous
Mumbai,29.41,34.73,75,overcast clouds,7.82,2026-07-11 09:22:57,Hot
Delhi,39.48,42.56,31,scattered clouds,3.46,2026-07-11 09:22:57,Very Hot
Bengaluru,29.17,31.16,59,overcast clouds,5.68,2026-07-11 09:22:57,Warm
Hyderabad,32.22,32.79,41,overcast clouds,7.95,2026-07-11 09:22:57,Hot
Tirunelveli,36.74,39.55,37,overcast clouds,8.12,2026-07-11 09:22:58,Very Hot
Madurai,37.22,39.07,33,overcast clouds,2.38,2026-07-11 09:22:58,Very Hot
Theni,32.83,35.41,48,overcast clouds,5.68,2026-07-11 09:22:58,Hot
Chennai,37.83,44.83,58,overcast clouds,6.47,2026-07-11 10:59:08,Very Hot
Mumbai,29.39,34.68,75,overcast clouds,7.74,2026-07-11 10:59:08,Hot
Delhi,40.48,43.16,28,scattered clouds,3.76,2026-07-11 10:59:09,Very Hot
Bengaluru,29.3,30.91,56,overcast clouds,5.96,2026-07-11 10:59:09,Warm
Hyderabad,30.87,31.68,46,overcast clouds,6.75,2026-07-11 10:59:09,Warm
Tirunelveli,35.06,37.64,41,overcast clouds,8.92,2026-07-11 10:59:09,Hot
Madurai,35.99,37.51,35,overcast clouds,3.47,2026-07-11 10:59:09,Hot
Theni,32.22,35.02,51,overcast clouds,4.41,2026-07-11 10:59:09,Hot
Chennai,34.44,41.44,58,overcast clouds,1.34,2026-07-11 11:56:09,Very Hot
Mumbai,29.4,34.93,76,overcast clouds,8.17,2026-07-11 11:56:09,Hot
Delhi,40.06,42.38,28,scattered clouds,3.45,2026-07-11 11:56:09,Very Hot
Bengaluru,28.94,30.64,58,overcast clouds,6.66,2026-07-11 11:56:09,Warm
Hyderabad,31.52,32.11,43,overcast clouds,6.42,2026-07-11 11:56:09,Hot
Tirunelveli,33.93,36.38,44,overcast clouds,8.27,2026-07-11 11:56:09,Hot
Madurai,35.15,37.19,39,overcast clouds,4.64,2026-07-11 11:56:09,Hot
Theni,31.24,34.36,56,overcast clouds,4.18,2026-07-11 11:56:09,Hot
Chennai,32.47,39.47,67,broken clouds,1.34,2026-07-11 13:12:59,Very Hot
Mumbai,29.33,34.75,76,overcast clouds,7.95,2026-07-11 13:12:59,Hot
Delhi,39.89,42.07,28,overcast clouds,3.84,2026-07-11 13:12:59,Very Hot
Bengaluru,28.6,30.37,60,overcast clouds,6.07,2026-07-11 13:12:59,Warm
Hyderabad,30.98,31.67,45,overcast clouds,5.87,2026-07-11 13:12:59,Warm
Tirunelveli,32.34,34.75,49,overcast clouds,7.28,2026-07-11 13:12:59,Hot
Madurai,33.69,35.94,44,overcast clouds,4.15,2026-07-11 13:13:00,Hot
Theni,29.68,32.61,62,overcast clouds,4.19,2026-07-11 13:13:00,Hot
Chennai,31.67,38.67,73,broken clouds,1.34,2026-07-11 14:47:57,Very Hot
Mumbai,29.36,34.83,76,overcast clouds,7.69,2026-07-11 14:47:58,Hot
Delhi,39.55,41.46,28,broken clouds,4.34,2026-07-11 14:47:58,Very Hot
Bengaluru,28.26,30.09,62,overcast clouds,6.01,2026-07-11 14:47:58,Warm
Hyderabad,29.93,30.65,48,overcast clouds,4.83,2026-07-11 14:47:58,Warm
Tirunelveli,29.88,32.6,60,overcast clouds,5.99,2026-07-11 14:47:58,Hot
Madurai,31.48,34.11,53,overcast clouds,1.89,2026-07-11 14:47:58,Hot
Theni,27.75,30.07,69,overcast clouds,3.2,2026-07-11 14:47:58,Warm
Chennai,31.31,38.31,77,broken clouds,0.89,2026-07-11 15:50:48,Very Hot
Mumbai,29.15,34.28,76,overcast clouds,7.76,2026-07-11 15:50:48,Hot
Delhi,38.23,40.95,33,broken clouds,2.26,2026-07-11 15:50:48,Very Hot
Bengaluru,27.14,28.83,67,overcast clouds,5.97,2026-07-11 15:50:48,Warm
Hyderabad,29.62,30.36,49,overcast clouds,6.0,2026-07-11 15:50:48,Warm
Tirunelveli,29.22,31.74,62,overcast clouds,5.65,2026-07-11 15:50:48,Warm
Madurai,30.53,33.01,56,overcast clouds,2.01,2026-07-11 15:50:48,Hot
Theni,27.24,29.27,70,overcast clouds,3.32,2026-07-11 15:50:49,Warm
Chennai,30.76,37.76,81,broken clouds,1.34,2026-07-11 16:51:13,Hot
Mumbai,29.23,34.71,77,overcast clouds,7.58,2026-07-11 16:51:13,Hot
Delhi,37.6,40.49,35,broken clouds,0.74,2026-07-11 16:51:13,Very Hot
Bengaluru,25.21,25.77,76,overcast clouds,5.22,2026-07-11 16:51:13,Comfortable
Hyderabad,28.53,29.63,55,overcast clouds,6.91,2026-07-11 16:51:13,Warm
Tirunelveli,28.92,31.2,62,overcast clouds,5.28,2026-07-11 16:51:14,Warm
Madurai,30.12,32.28,56,overcast clouds,3.26,2026-07-11 16:51:14,Hot
Theni,26.89,28.67,70,overcast clouds,3.19,2026-07-11 16:51:14,Warm
Chennai,30.75,37.75,81,broken clouds,3.58,2026-07-11 17:51:39,Hot
Mumbai,29.16,34.52,77,overcast clouds,7.94,2026-07-11 17:51:39,Hot
Delhi,37.62,39.8,33,scattered clouds,2.51,2026-07-11 17:51:39,Very Hot
Bengaluru,24.38,24.91,78,overcast clouds,4.55,2026-07-11 17:51:39,Comfortable
Hyderabad,27.78,29.03,59,overcast clouds,7.2,2026-07-11 17:51:39,Warm
Tirunelveli,28.5,30.62,63,overcast clouds,4.97,2026-07-11 17:51:39,Warm
Madurai,29.87,31.85,56,overcast clouds,2.41,2026-07-11 17:51:40,Warm
Theni,26.48,26.48,72,overcast clouds,2.84,2026-07-11 17:51:40,Comfortable
Chennai,30.56,37.56,82,overcast clouds,1.79,2026-07-11 18:54:28,Hot
Mumbai,29.38,35.11,77,overcast clouds,7.85,2026-07-11 18:54:28,Hot
Delhi,36.22,38.23,36,clear sky,2.08,2026-07-11 18:54:28,Very Hot
Bengaluru,23.83,24.36,80,overcast clouds,4.4,2026-07-11 18:54:28,Comfortable
Hyderabad,27.5,28.74,60,overcast clouds,7.09,2026-07-11 18:54:28,Warm
Tirunelveli,28.26,30.48,65,broken clouds,5.22,2026-07-11 18:54:29,Warm
Madurai,29.27,31.5,60,overcast clouds,2.51,2026-07-11 18:54:29,Warm
Theni,26.18,26.18,74,overcast clouds,2.43,2026-07-11 18:54:29,Comfortable
Chennai,30.45,37.45,80,overcast clouds,3.13,2026-07-11 20:03:27,Hot
Mumbai,29.23,34.71,77,overcast clouds,8.16,2026-07-11 20:03:27,Hot
Delhi,35.72,37.63,37,clear sky,0.91,2026-07-11 20:03:27,Hot
Bengaluru,23.27,23.79,82,overcast clouds,4.31,2026-07-11 20:03:28,Comfortable
Hyderabad,26.87,28.12,63,overcast clouds,6.95,2026-07-11 20:03:28,Warm
Tirunelveli,27.9,29.98,66,broken clouds,5.07,2026-07-11 20:03:28,Warm
Madurai,28.93,30.92,60,overcast clouds,2.75,2026-07-11 20:03:28,Warm
Theni,25.69,26.3,76,overcast clouds,2.76,2026-07-11 20:03:28,Comfortable
Chennai,30.2,37.2,80,overcast clouds,2.24,2026-07-11 21:43:39,Hot
Mumbai,28.72,33.78,79,overcast clouds,8.48,2026-07-11 21:43:39,Hot
Delhi,34.81,36.87,40,clear sky,3.28,2026-07-11 21:43:39,Hot
Bengaluru,22.43,22.92,84,overcast clouds,3.83,2026-07-11 21:43:39,Comfortable
Hyderabad,25.58,26.02,70,overcast clouds,6.78,2026-07-11 21:43:39,Comfortable
Tirunelveli,27.39,29.33,68,overcast clouds,4.01,2026-07-11 21:43:39,Warm
Madurai,28.28,30.12,62,overcast clouds,3.18,2026-07-11 21:43:39,Warm
Theni,25.3,25.87,76,overcast clouds,3.15,2026-07-11 21:43:40,Comfortable
Chennai,30.19,37.19,80,overcast clouds,3.13,2026-07-11 22:41:42,Hot
Mumbai,28.82,34.04,79,overcast clouds,8.1,2026-07-11 22:41:42,Hot
Delhi,34.22,36.64,43,clear sky,4.75,2026-07-11 22:41:42,Hot
Bengaluru,22.16,22.62,84,overcast clouds,4.17,2026-07-11 22:41:42,Comfortable
Hyderabad,25.03,25.52,74,overcast clouds,6.71,2026-07-11 22:41:42,Comfortable
Tirunelveli,27.23,29.06,68,broken clouds,4.04,2026-07-11 22:41:42,Warm
Madurai,27.9,29.63,63,overcast clouds,3.5,2026-07-11 22:41:42,Warm
Theni,25.19,25.72,75,overcast clouds,3.04,2026-07-11 22:41:42,Comfortable
Chennai,30.11,37.11,79,overcast clouds,0.89,2026-07-11 23:50:34,Hot
Mumbai,28.74,33.83,79,overcast clouds,8.04,2026-07-11 23:50:34,Hot
Delhi,33.62,36.36,46,clear sky,4.77,2026-07-11 23:50:34,Hot
Bengaluru,22.16,22.65,85,overcast clouds,4.35,2026-07-11 23:50:34,Comfortable
Hyderabad,24.49,25.01,77,overcast clouds,6.41,2026-07-11 23:50:34,Comfortable
Tirunelveli,27.04,28.76,68,broken clouds,3.91,2026-07-11 23:50:34,Warm
Madurai,27.55,29.29,65,overcast clouds,3.34,2026-07-11 23:50:34,Warm
Theni,24.98,25.52,76,overcast clouds,2.98,2026-07-11 23:50:35,Comfortable
Chennai,31.36,37.03,65,overcast clouds,1.34,2026-07-12 02:12:35,Hot
Mumbai,28.81,34.22,80,overcast clouds,8.39,2026-07-12 02:12:35,Hot
Delhi,33.55,35.95,45,clear sky,4.38,2026-07-12 02:12:35,Hot
Bengaluru,22.45,22.94,84,overcast clouds,4.91,2026-07-12 02:12:35,Comfortable
Hyderabad,25.23,25.69,72,overcast clouds,7.0,2026-07-12 02:12:35,Comfortable
Tirunelveli,28.36,30.25,62,overcast clouds,4.08,2026-07-12 02:12:35,Warm
Madurai,28.49,30.07,59,overcast clouds,3.62,2026-07-12 02:12:35,Warm
Theni,26.08,26.08,71,overcast clouds,3.52,2026-07-12 02:12:35,Comfortable
Chennai,35.46,42.21,51,overcast clouds,2.24,2026-07-12 05:52:15,Very Hot
Mumbai,29.1,34.58,78,broken clouds,9.21,2026-07-12 05:52:15,Hot
Delhi,37.99,40.87,34,clear sky,3.35,2026-07-12 05:52:15,Very Hot
Bengaluru,28.02,29.94,64,overcast clouds,6.07,2026-07-12 05:52:15,Warm
Hyderabad,31.59,32.22,43,overcast clouds,7.43,2026-07-12 05:52:15,Hot
Tirunelveli,35.74,37.37,36,overcast clouds,5.96,2026-07-12 05:52:15,Hot
Madurai,34.73,35.9,37,overcast clouds,3.17,2026-07-12 05:52:15,Hot
Theni,33.77,35.29,41,overcast clouds,4.92,2026-07-12 05:52:15,Hot
Chennai,37.46,44.46,47,broken clouds,1.34,2026-07-12 08:08:51,Very Hot
Mumbai,29.29,35.09,78,overcast clouds,9.35,2026-07-12 08:08:51,Hot
Delhi,39.97,42.64,29,few clouds,3.11,2026-07-12 08:08:52,Very Hot
Bengaluru,29.59,31.89,59,overcast clouds,6.32,2026-07-12 08:08:52,Warm
Hyderabad,33.78,33.72,34,overcast clouds,7.45,2026-07-12 08:08:52,Hot
Tirunelveli,36.71,38.48,34,overcast clouds,7.24,2026-07-12 08:08:52,Very Hot
Madurai,36.89,38.17,32,overcast clouds,3.55,2026-07-12 08:08:52,Very Hot
Theni,34.53,36.36,40,overcast clouds,5.34,2026-07-12 08:08:52,Hot
Chennai,34.44,41.44,57,broken clouds,0.89,2026-07-12 10:22:25,Very Hot
Mumbai,29.34,35.47,79,overcast clouds,9.09,2026-07-12 10:22:25,Hot
Delhi,41.42,43.09,24,few clouds,3.27,2026-07-12 10:22:25,Very Hot
Bengaluru,30.03,31.76,54,overcast clouds,5.89,2026-07-12 10:22:25,Warm
Hyderabad,34.64,34.57,32,overcast clouds,8.04,2026-07-12 10:22:25,Hot
Tirunelveli,35.94,38.03,37,overcast clouds,8.14,2026-07-12 10:22:25,Very Hot
Madurai,37.28,38.53,31,overcast clouds,5.32,2026-07-12 10:22:26,Very Hot
Theni,33.69,35.67,43,overcast clouds,7.28,2026-07-12 10:22:26,Hot
Chennai,33.34,40.34,63,overcast clouds,0.45,2026-07-12 11:55:04,Very Hot
Mumbai,29.31,35.38,79,overcast clouds,8.65,2026-07-12 11:55:04,Hot
Delhi,41.66,43.06,23,few clouds,3.97,2026-07-12 11:55:04,Very Hot
Bengaluru,29.49,31.54,58,overcast clouds,6.57,2026-07-12 11:55:04,Warm
Hyderabad,33.82,33.78,34,broken clouds,7.28,2026-07-12 11:55:04,Hot
Tirunelveli,33.45,35.24,43,overcast clouds,7.51,2026-07-12 11:55:04,Hot
Madurai,34.65,36.02,38,overcast clouds,7.12,2026-07-12 11:55:04,Hot
Theni,31.09,33.39,53,overcast clouds,5.85,2026-07-12 11:55:04,Hot
Chennai,31.88,38.88,71,overcast clouds,3.13,2026-07-12 13:08:29,Very Hot
Mumbai,29.37,35.08,77,broken clouds,8.53,2026-07-12 13:08:29,Hot
Delhi,40.75,42.36,25,few clouds,4.2,2026-07-12 13:08:29,Very Hot
Bengaluru,28.88,30.69,59,overcast clouds,6.96,2026-07-12 13:08:29,Warm
Hyderabad,32.42,32.89,40,overcast clouds,6.15,2026-07-12 13:08:29,Hot
Tirunelveli,32.1,33.84,47,overcast clouds,6.75,2026-07-12 13:08:30,Hot
Madurai,32.58,34.21,45,overcast clouds,5.71,2026-07-12 13:08:30,Hot
Theni,28.85,31.39,64,broken clouds,5.0,2026-07-12 13:08:30,Warm
Chennai,30.9,37.9,81,overcast clouds,1.34,2026-07-12 14:51:29,Hot
Mumbai,28.57,33.2,78,broken clouds,8.57,2026-07-12 14:51:29,Hot
Delhi,39.86,41.23,26,broken clouds,4.03,2026-07-12 14:51:29,Very Hot
Bengaluru,26.61,26.61,66,overcast clouds,6.86,2026-07-12 14:51:29,Comfortable
Hyderabad,30.87,31.19,43,overcast clouds,5.51,2026-07-12 14:51:29,Warm
Tirunelveli,29.73,32.14,59,overcast clouds,5.4,2026-07-12 14:51:29,Hot
Madurai,30.82,32.51,51,overcast clouds,3.45,2026-07-12 14:51:29,Hot
Theni,27.18,29.16,70,broken clouds,4.38,2026-07-12 14:51:29,Warm
Chennai,30.56,37.56,83,overcast clouds,2.68,2026-07-12 15:54:58,Hot
Mumbai,28.52,33.07,78,broken clouds,7.98,2026-07-12 15:54:58,Hot
Delhi,39.29,40.62,27,broken clouds,3.67,2026-07-12 15:54:58,Very Hot
Bengaluru,25.77,26.2,69,overcast clouds,6.5,2026-07-12 15:54:58,Comfortable
Hyderabad,30.56,30.92,44,overcast clouds,5.91,2026-07-12 15:54:58,Warm
Tirunelveli,29.1,31.53,62,overcast clouds,5.24,2026-07-12 15:54:58,Warm
Madurai,30.16,31.98,54,overcast clouds,4.24,2026-07-12 15:54:58,Warm
Theni,26.85,28.61,70,overcast clouds,4.55,2026-07-12 15:54:58,Warm
Chennai,30.35,37.35,85,broken clouds,2.68,2026-07-12 16:54:21,Hot
Mumbai,28.45,32.72,77,broken clouds,7.64,2026-07-12 16:54:21,Hot
Delhi,38.78,39.76,27,broken clouds,3.17,2026-07-12 16:54:21,Very Hot
Bengaluru,24.94,25.4,73,overcast clouds,5.97,2026-07-12 16:54:21,Comfortable
Hyderabad,30.13,30.49,45,overcast clouds,6.07,2026-07-12 16:54:21,Warm
Tirunelveli,28.44,30.66,64,overcast clouds,5.21,2026-07-12 16:54:21,Warm
Madurai,29.5,31.23,56,overcast clouds,4.71,2026-07-12 16:54:21,Warm
Theni,26.49,26.49,71,overcast clouds,4.35,2026-07-12 16:54:21,Comfortable
Chennai,30.35,37.35,85,overcast clouds,1.79,2026-07-12 17:56:17,Hot
Mumbai,28.87,33.57,76,broken clouds,7.5,2026-07-12 17:56:17,Hot
Delhi,38.37,39.41,28,broken clouds,4.13,2026-07-12 17:56:17,Very Hot
Bengaluru,24.1,24.55,76,overcast clouds,5.46,2026-07-12 17:56:18,Comfortable
Hyderabad,29.13,29.71,49,overcast clouds,6.6,2026-07-12 17:56:18,Warm
Tirunelveli,27.98,30.0,65,overcast clouds,5.12,2026-07-12 17:56:18,Warm
Madurai,29.03,30.78,58,overcast clouds,4.75,2026-07-12 17:56:18,Warm
Theni,26.2,26.2,70,overcast clouds,4.05,2026-07-12 17:56:18,Comfortable
Chennai,29.84,36.84,85,overcast clouds,2.24,2026-07-12 19:02:05,Hot
Mumbai,28.91,33.67,76,scattered clouds,7.45,2026-07-12 19:02:05,Hot
Delhi,36.5,38.42,35,broken clouds,4.3,2026-07-12 19:02:05,Very Hot
Bengaluru,23.27,23.69,78,overcast clouds,4.98,2026-07-12 19:02:05,Comfortable
Hyderabad,28.5,29.36,53,overcast clouds,7.38,2026-07-12 19:02:05,Warm
Tirunelveli,27.77,29.76,66,overcast clouds,4.98,2026-07-12 19:02:05,Warm
Madurai,28.62,30.41,60,overcast clouds,5.11,2026-07-12 19:02:05,Warm
Theni,25.9,26.4,71,overcast clouds,4.04,2026-07-12 19:02:05,Comfortable
Chennai,30.2,37.2,81,overcast clouds,0.89,2026-07-12 20:38:46,Hot
Mumbai,28.25,32.07,76,scattered clouds,7.89,2026-07-12 20:38:46,Hot
Delhi,35.73,37.06,35,broken clouds,4.78,2026-07-12 20:38:46,Hot
Bengaluru,22.16,22.55,81,overcast clouds,4.49,2026-07-12 20:38:46,Comfortable
Hyderabad,26.47,26.47,63,overcast clouds,7.01,2026-07-12 20:38:46,Comfortable
Tirunelveli,27.07,28.8,68,overcast clouds,4.84,2026-07-12 20:38:46,Warm
Madurai,27.95,29.27,59,overcast clouds,4.73,2026-07-12 20:38:47,Warm
Theni,24.91,25.34,72,overcast clouds,4.09,2026-07-12 20:38:47,Comfortable
Chennai,30.2,37.2,81,overcast clouds,1.34,2026-07-12 21:43:13,Hot
Mumbai,28.41,32.12,74,scattered clouds,7.94,2026-07-12 21:43:13,Hot
Delhi,35.37,37.0,37,scattered clouds,4.95,2026-07-12 21:43:13,Hot
Bengaluru,21.88,22.29,83,overcast clouds,4.66,2026-07-12 21:43:13,Comfortable
Hyderabad,25.69,26.12,69,overcast clouds,6.14,2026-07-12 21:43:13,Comfortable
Tirunelveli,26.84,28.44,68,overcast clouds,4.56,2026-07-12 21:43:13,Warm
Madurai,27.5,28.56,58,overcast clouds,4.75,2026-07-12 21:43:13,Warm
Theni,24.65,25.08,73,overcast clouds,4.41,2026-07-12 21:43:13,Comfortable
Chennai,29.73,36.73,82,overcast clouds,0.89,2026-07-12 22:41:40,Hot
Mumbai,28.6,31.87,70,broken clouds,7.75,2026-07-12 22:41:40,Warm
Delhi,34.7,36.67,40,scattered clouds,4.42,2026-07-12 22:41:40,Hot
Bengaluru,21.32,21.7,84,overcast clouds,4.45,2026-07-12 22:41:41,Comfortable
Hyderabad,25.15,25.6,72,overcast clouds,6.09,2026-07-12 22:41:41,Comfortable
Tirunelveli,26.66,26.66,68,overcast clouds,4.25,2026-07-12 22:41:41,Comfortable
Madurai,27.05,28.14,60,overcast clouds,4.96,2026-07-12 22:41:41,Warm
Theni,24.44,24.87,74,overcast clouds,4.6,2026-07-12 22:41:41,Comfortable
Chennai,29.71,36.71,80,overcast clouds,0.89,2026-07-12 23:48:16,Hot
Mumbai,28.13,31.64,75,broken clouds,7.45,2026-07-12 23:48:16,Warm
Delhi,34.37,36.35,41,scattered clouds,3.8,2026-07-12 23:48:16,Hot
Bengaluru,21.05,21.43,85,overcast clouds,4.75,2026-07-12 23:48:16,Comfortable
Hyderabad,24.55,25.02,75,overcast clouds,5.98,2026-07-12 23:48:16,Comfortable
Tirunelveli,26.5,26.5,69,overcast clouds,3.79,2026-07-12 23:48:17,Comfortable
Madurai,26.77,27.93,62,overcast clouds,4.93,2026-07-12 23:48:17,Warm
Theni,24.52,24.96,74,overcast clouds,4.37,2026-07-12 23:48:17,Comfortable
Chennai,30.98,34.8,60,overcast clouds,1.34,2026-07-13 02:14:14,Hot
Mumbai,28.0,31.95,79,overcast clouds,8.21,2026-07-13 02:14:14,Warm
Delhi,34.16,36.25,42,overcast clouds,4.66,2026-07-13 02:14:14,Hot
Bengaluru,21.89,22.28,82,broken clouds,5.99,2026-07-13 02:14:14,Comfortable
Hyderabad,25.6,26.1,72,overcast clouds,7.46,2026-07-13 02:14:14,Comfortable
Tirunelveli,27.8,29.59,64,overcast clouds,4.41,2026-07-13 02:14:14,Warm
Madurai,28.1,29.48,59,overcast clouds,5.22,2026-07-13 02:14:14,Warm
Theni,26.08,26.08,71,overcast clouds,4.32,2026-07-13 02:14:14,Comfortable
Chennai,36.0,42.26,48,overcast clouds,3.13,2026-07-13 06:10:45,Very Hot
Mumbai,29.07,33.46,73,overcast clouds,7.7,2026-07-13 06:10:45,Hot
Delhi,38.36,41.2,33,overcast clouds,3.03,2026-07-13 06:10:45,Very Hot
Bengaluru,28.41,30.2,61,broken clouds,6.34,2026-07-13 06:10:45,Warm
Hyderabad,32.43,32.72,39,broken clouds,7.71,2026-07-13 06:10:45,Hot
Tirunelveli,35.33,36.65,36,broken clouds,5.58,2026-07-13 06:10:45,Hot
Madurai,34.85,35.84,36,overcast clouds,3.79,2026-07-13 06:10:46,Hot
Theni,32.95,34.61,44,overcast clouds,4.54,2026-07-13 06:10:46,Hot
Chennai,36.77,43.77,50,broken clouds,0.89,2026-07-13 10:20:12,Very Hot
Mumbai,29.37,34.41,74,broken clouds,7.04,2026-07-13 10:20:13,Hot
Delhi,41.34,42.95,24,overcast clouds,3.03,2026-07-13 10:20:13,Very Hot
Bengaluru,31.96,33.83,48,overcast clouds,6.04,2026-07-13 10:20:13,Hot
Hyderabad,36.06,35.33,26,scattered clouds,7.89,2026-07-13 10:20:13,Hot
Tirunelveli,36.54,38.18,34,overcast clouds,7.95,2026-07-13 10:20:13,Very Hot
Madurai,37.43,38.47,30,overcast clouds,4.7,2026-07-13 10:20:13,Very Hot
Theni,33.23,36.18,48,overcast clouds,5.62,2026-07-13 10:20:13,Hot
Chennai,32.45,39.45,65,overcast clouds,1.79,2026-07-13 13:17:21,Very Hot
Mumbai,29.26,34.35,75,broken clouds,7.75,2026-07-13 13:17:21,Hot
Delhi,41.06,42.48,24,scattered clouds,3.49,2026-07-13 13:17:21,Very Hot
Bengaluru,29.54,30.83,53,overcast clouds,6.25,2026-07-13 13:17:21,Warm
Hyderabad,33.9,33.15,30,broken clouds,5.18,2026-07-13 13:17:22,Hot
Tirunelveli,32.28,34.16,47,broken clouds,6.51,2026-07-13 13:17:22,Hot
Madurai,33.71,35.44,42,overcast clouds,3.71,2026-07-13 13:17:22,Hot
Theni,28.9,31.49,64,overcast clouds,5.17,2026-07-13 13:17:22,Warm
Chennai,31.28,38.28,77,overcast clouds,2.68,2026-07-13 16:27:14,Very Hot
Mumbai,28.75,33.08,75,broken clouds,7.82,2026-07-13 16:27:14,Hot
Delhi,39.83,41.17,26,broken clouds,3.71,2026-07-13 16:27:14,Very Hot
Bengaluru,26.03,26.03,70,overcast clouds,6.54,2026-07-13 16:27:14,Comfortable
Hyderabad,31.23,30.78,37,overcast clouds,5.74,2026-07-13 16:27:14,Warm
Tirunelveli,29.25,31.46,60,overcast clouds,5.24,2026-07-13 16:27:14,Warm
Madurai,30.17,32.18,55,overcast clouds,1.1,2026-07-13 16:27:14,Hot
Theni,27.19,29.27,71,overcast clouds,4.21,2026-07-13 16:27:14,Warm
Chennai,30.56,37.56,81,overcast clouds,4.02,2026-07-13 18:39:55,Hot
Mumbai,28.82,33.25,75,overcast clouds,8.03,2026-07-13 18:39:55,Hot
Delhi,37.22,39.41,34,clear sky,3.71,2026-07-13 18:39:56,Very Hot
Bengaluru,24.1,24.5,74,broken clouds,5.37,2026-07-13 18:39:56,Comfortable
Hyderabad,29.59,29.67,44,overcast clouds,6.34,2026-07-13 18:39:56,Warm
Tirunelveli,28.2,29.99,62,overcast clouds,4.37,2026-07-13 18:39:56,Warm
Madurai,28.63,30.56,61,clear sky,3.83,2026-07-13 18:39:56,Warm
Theni,25.75,26.34,75,few clouds,3.88,2026-07-13 18:39:56,Comfortable
Chennai,30.39,37.39,79,overcast clouds,2.24,2026-07-13 20:09:46,Hot
Mumbai,28.52,32.54,75,overcast clouds,8.55,2026-07-13 20:09:46,Hot
Delhi,36.59,38.58,35,clear sky,4.21,2026-07-13 20:09:46,Very Hot
Bengaluru,22.99,23.33,76,overcast clouds,4.95,2026-07-13 20:09:46,Comfortable
Hyderabad,28.9,29.3,48,overcast clouds,6.77,2026-07-13 20:09:46,Warm
Tirunelveli,27.86,29.57,63,overcast clouds,4.47,2026-07-13 20:09:46,Warm
Madurai,28.03,29.72,62,scattered clouds,4.48,2026-07-13 20:09:46,Warm
Theni,25.33,25.85,74,scattered clouds,3.8,2026-07-13 20:09:46,Comfortable
Chennai,30.19,37.19,78,overcast clouds,1.79,2026-07-13 21:51:43,Hot
Mumbai,28.08,31.53,75,overcast clouds,7.28,2026-07-13 21:51:43,Warm
Delhi,34.81,37.47,42,few clouds,3.47,2026-07-13 21:51:43,Hot
Bengaluru,21.61,21.92,80,overcast clouds,4.77,2026-07-13 21:51:43,Comfortable
Hyderabad,27.19,28.09,57,overcast clouds,6.58,2026-07-13 21:51:43,Warm
Tirunelveli,27.43,29.01,64,overcast clouds,4.24,2026-07-13 21:51:43,Warm
Madurai,27.31,28.74,63,broken clouds,3.71,2026-07-13 21:51:43,Warm
Theni,24.54,24.98,74,broken clouds,3.79,2026-07-13 21:51:43,Comfortable
Chennai,30.11,36.87,76,overcast clouds,1.34,2026-07-13 22:51:41,Hot
Mumbai,27.9,31.28,76,overcast clouds,6.99,2026-07-13 22:51:41,Warm
Delhi,34.97,37.46,41,few clouds,3.86,2026-07-13 22:51:41,Hot
Bengaluru,21.05,21.38,83,overcast clouds,4.4,2026-07-13 22:51:41,Comfortable
Hyderabad,26.62,26.62,61,overcast clouds,6.32,2026-07-13 22:51:41,Comfortable
Tirunelveli,27.1,28.6,65,overcast clouds,3.8,2026-07-13 22:51:42,Warm
Madurai,27.13,28.4,62,broken clouds,3.65,2026-07-13 22:51:42,Warm
Theni,24.37,24.79,74,broken clouds,3.82,2026-07-13 22:51:42,Comfortable
Chennai,30.11,36.6,75,overcast clouds,0.89,2026-07-13 23:49:54,Hot
Mumbai,27.62,30.91,78,overcast clouds,7.0,2026-07-13 23:49:54,Warm
Delhi,34.5,36.88,42,few clouds,4.17,2026-07-13 23:49:54,Hot
Bengaluru,20.77,21.1,84,overcast clouds,4.38,2026-07-13 23:49:54,Comfortable
Hyderabad,25.9,26.22,64,overcast clouds,5.75,2026-07-13 23:49:55,Comfortable
Tirunelveli,26.83,28.28,66,overcast clouds,3.75,2026-07-13 23:49:55,Warm
Madurai,26.69,27.89,63,broken clouds,3.56,2026-07-13 23:49:55,Warm
Theni,24.21,24.62,74,broken clouds,3.61,2026-07-13 23:49:56,Comfortable
Chennai,31.37,35.65,60,broken clouds,1.34,2026-07-14 01:59:50,Hot
Mumbai,28.02,31.69,77,overcast clouds,7.65,2026-07-14 01:59:51,Warm
Delhi,33.64,36.12,45,broken clouds,3.84,2026-07-14 01:59:51,Hot
Bengaluru,21.34,21.64,81,overcast clouds,4.99,2026-07-14 01:59:51,Comfortable
Hyderabad,26.39,26.39,59,scattered clouds,7.13,2026-07-14 01:59:51,Comfortable
Tirunelveli,27.75,29.29,62,overcast clouds,4.32,2026-07-14 01:59:51,Warm
Madurai,27.66,28.86,59,overcast clouds,3.95,2026-07-14 01:59:51,Warm
Theni,25.77,26.23,70,overcast clouds,4.48,2026-07-14 01:59:51,Comfortable
Chennai,36.17,43.12,49,broken clouds,1.34,2026-07-14 05:07:13,Very Hot
Mumbai,28.56,32.81,76,overcast clouds,7.67,2026-07-14 05:07:14,Hot
Delhi,36.94,39.58,36,overcast clouds,2.8,2026-07-14 05:07:14,Very Hot
Bengaluru,27.93,29.35,60,overcast clouds,5.16,2026-07-14 05:07:14,Warm
Hyderabad,31.33,30.64,35,broken clouds,7.44,2026-07-14 05:07:14,Warm
Tirunelveli,33.78,34.81,39,overcast clouds,5.01,2026-07-14 05:07:14,Hot
Madurai,32.84,33.74,41,overcast clouds,3.67,2026-07-14 05:07:14,Hot
Theni,31.07,33.14,52,overcast clouds,4.27,2026-07-14 05:07:14,Hot
Chennai,36.78,43.78,48,overcast clouds,0.89,2026-07-14 07:54:06,Very Hot
Mumbai,28.99,33.47,74,overcast clouds,7.33,2026-07-14 07:54:06,Hot
Delhi,38.03,40.95,34,overcast clouds,2.61,2026-07-14 07:54:06,Very Hot
Bengaluru,30.09,30.87,48,overcast clouds,5.59,2026-07-14 07:54:06,Warm
Hyderabad,33.35,32.29,29,overcast clouds,7.39,2026-07-14 07:54:06,Hot
Tirunelveli,36.31,37.47,33,overcast clouds,6.14,2026-07-14 07:54:06,Hot
Madurai,36.73,37.31,30,overcast clouds,3.26,2026-07-14 07:54:06,Hot
Theni,33.75,35.25,41,overcast clouds,5.04,2026-07-14 07:54:06,Hot
Chennai,35.21,42.0,52,overcast clouds,2.68,2026-07-14 09:52:49,Very Hot
Mumbai,29.06,33.44,73,overcast clouds,6.85,2026-07-14 09:52:50,Hot
Delhi,40.16,42.15,27,overcast clouds,2.06,2026-07-14 09:52:50,Very Hot
Bengaluru,31.96,31.72,37,overcast clouds,5.44,2026-07-14 09:52:50,Warm
Hyderabad,34.0,32.8,27,overcast clouds,7.19,2026-07-14 09:52:50,Hot
Tirunelveli,36.59,37.65,32,overcast clouds,7.1,2026-07-14 09:52:50,Hot
Madurai,37.91,38.64,28,overcast clouds,3.58,2026-07-14 09:52:50,Very Hot
Theni,33.23,35.36,45,overcast clouds,5.89,2026-07-14 09:52:50,Hot
Chennai,33.86,40.86,59,overcast clouds,1.79,2026-07-14 11:22:21,Very Hot
Mumbai,28.84,33.3,75,overcast clouds,7.05,2026-07-14 11:22:21,Hot
Delhi,39.64,41.62,28,overcast clouds,6.11,2026-07-14 11:22:21,Very Hot
Bengaluru,30.41,30.57,43,overcast clouds,5.84,2026-07-14 11:22:21,Warm
Hyderabad,33.58,32.43,28,overcast clouds,7.04,2026-07-14 11:22:21,Hot
Tirunelveli,36.03,37.29,34,overcast clouds,6.99,2026-07-14 11:22:21,Hot
Madurai,37.48,38.24,29,overcast clouds,4.96,2026-07-14 11:22:21,Very Hot
Theni,32.45,34.7,48,overcast clouds,5.26,2026-07-14 11:22:22,Hot
Chennai,32.74,39.21,61,overcast clouds,2.68,2026-07-14 13:22:12,Very Hot
Mumbai,29.02,33.54,74,overcast clouds,7.21,2026-07-14 13:22:12,Hot
Delhi,39.11,40.68,28,scattered clouds,6.75,2026-07-14 13:22:12,Very Hot
Bengaluru,29.55,29.75,45,overcast clouds,5.5,2026-07-14 13:22:12,Warm
Hyderabad,31.95,31.13,33,overcast clouds,4.97,2026-07-14 13:22:12,Warm
Tirunelveli,33.13,34.68,43,overcast clouds,6.63,2026-07-14 13:22:12,Hot
Madurai,34.91,35.94,36,scattered clouds,3.93,2026-07-14 13:22:12,Hot
Theni,29.89,32.24,58,broken clouds,5.18,2026-07-14 13:22:12,Hot
Chennai,31.89,38.89,70,overcast clouds,1.34,2026-07-14 15:20:01,Very Hot
Mumbai,28.97,33.42,74,overcast clouds,7.06,2026-07-14 15:20:01,Hot
Delhi,36.58,38.9,36,scattered clouds,5.88,2026-07-14 15:20:01,Very Hot
Bengaluru,28.84,29.57,51,broken clouds,4.82,2026-07-14 15:20:01,Warm
Hyderabad,30.28,29.56,36,overcast clouds,3.93,2026-07-14 15:20:01,Warm
Tirunelveli,29.72,31.43,55,overcast clouds,5.92,2026-07-14 15:20:01,Warm
Madurai,32.52,34.11,45,broken clouds,2.7,2026-07-14 15:20:02,Hot
Theni,27.64,29.87,69,overcast clouds,4.12,2026-07-14 15:20:02,Warm
Chennai,30.75,37.75,78,overcast clouds,3.58,2026-07-14 17:09:09,Hot
Mumbai,28.78,33.16,75,overcast clouds,7.14,2026-07-14 17:09:09,Hot
Delhi,34.95,37.12,40,broken clouds,0.49,2026-07-14 17:09:09,Hot
Bengaluru,26.05,26.05,60,broken clouds,5.57,2026-07-14 17:09:09,Comfortable
Hyderabad,29.48,29.11,40,overcast clouds,4.48,2026-07-14 17:09:09,Warm
Tirunelveli,28.24,29.81,60,overcast clouds,4.72,2026-07-14 17:09:09,Warm
Madurai,30.5,32.36,53,broken clouds,0.17,2026-07-14 17:09:09,Hot
Theni,26.57,26.57,71,overcast clouds,3.44,2026-07-14 17:09:09,Comfortable
Chennai,30.46,37.46,80,overcast clouds,2.68,2026-07-14 19:11:28,Hot
Mumbai,28.83,33.28,75,overcast clouds,7.25,2026-07-14 19:11:28,Hot
Delhi,35.26,37.4,39,overcast clouds,2.0,2026-07-14 19:11:28,Hot
Bengaluru,24.38,24.78,73,overcast clouds,4.36,2026-07-14 19:11:28,Comfortable
Hyderabad,28.32,28.18,43,scattered clouds,3.61,2026-07-14 19:11:28,Warm
Tirunelveli,27.81,29.49,63,overcast clouds,5.08,2026-07-14 19:11:29,Warm
Madurai,29.45,31.64,59,overcast clouds,1.1,2026-07-14 19:11:29,Warm
Theni,26.0,26.0,73,overcast clouds,2.82,2026-07-14 19:11:29,Comfortable
Chennai,30.25,37.25,79,overcast clouds,2.24,2026-07-14 20:55:04,Hot
Mumbai,28.4,32.43,76,overcast clouds,7.69,2026-07-14 20:55:04,Hot
Delhi,35.0,36.92,39,overcast clouds,2.95,2026-07-14 20:55:04,Hot
Bengaluru,22.72,23.01,75,overcast clouds,4.02,2026-07-14 20:55:04,Comfortable
Hyderabad,27.33,27.6,48,broken clouds,4.5,2026-07-14 20:55:04,Warm
Tirunelveli,27.32,28.84,64,overcast clouds,4.44,2026-07-14 20:55:04,Warm
Madurai,28.75,30.76,61,overcast clouds,2.43,2026-07-14 20:55:05,Warm
Theni,25.03,25.49,73,overcast clouds,3.09,2026-07-14 20:55:05,Comfortable
Chennai,30.25,37.25,76,overcast clouds,4.47,2026-07-14 21:53:46,Hot
Mumbai,28.39,32.4,76,overcast clouds,8.04,2026-07-14 21:53:47,Hot
Delhi,34.65,36.3,39,overcast clouds,3.34,2026-07-14 21:53:47,Hot
Bengaluru,22.16,22.44,77,overcast clouds,3.94,2026-07-14 21:53:47,Comfortable
Hyderabad,27.1,27.58,51,broken clouds,5.35,2026-07-14 21:53:47,Warm
Tirunelveli,27.02,28.48,65,overcast clouds,3.91,2026-07-14 21:53:47,Warm
Madurai,28.43,30.23,61,overcast clouds,3.16,2026-07-14 21:53:47,Warm
Theni,24.88,25.3,72,overcast clouds,3.29,2026-07-14 21:53:47,Comfortable
Chennai,29.73,36.07,77,overcast clouds,2.68,2026-07-14 22:53:36,Hot
Mumbai,28.65,33.03,76,overcast clouds,8.29,2026-07-14 22:53:36,Hot
Delhi,34.37,35.81,39,overcast clouds,3.79,2026-07-14 22:53:37,Hot
Bengaluru,21.61,21.89,79,overcast clouds,3.95,2026-07-14 22:53:37,Comfortable
Hyderabad,26.57,26.57,55,broken clouds,5.84,2026-07-14 22:53:37,Comfortable
Tirunelveli,26.76,28.18,66,overcast clouds,4.41,2026-07-14 22:53:37,Warm
Madurai,27.84,29.32,61,overcast clouds,3.47,2026-07-14 22:53:37,Warm
Theni,24.59,25.01,73,overcast clouds,3.5,2026-07-14 22:53:37,Comfortable
Chennai,29.17,34.99,79,overcast clouds,1.34,2026-07-14 23:48:24,Hot
Mumbai,28.55,32.79,76,overcast clouds,8.69,2026-07-14 23:48:24,Hot
Delhi,34.14,35.94,41,overcast clouds,3.8,2026-07-14 23:48:24,Hot
Bengaluru,21.05,21.33,81,overcast clouds,3.79,2026-07-14 23:48:24,Comfortable
Hyderabad,26.11,26.11,59,broken clouds,5.87,2026-07-14 23:48:24,Comfortable
Tirunelveli,26.67,28.05,66,overcast clouds,4.0,2026-07-14 23:48:24,Warm
Madurai,27.28,28.61,62,overcast clouds,3.8,2026-07-14 23:48:24,Warm
Theni,24.41,24.86,75,overcast clouds,3.88,2026-07-14 23:48:24,Comfortable
Chennai,29.76,36.41,78,overcast clouds,1.79,2026-07-15 01:56:41,Hot
Mumbai,28.78,33.35,76,overcast clouds,8.46,2026-07-15 01:56:41,Hot
Delhi,33.99,36.21,43,broken clouds,3.97,2026-07-15 01:56:41,Hot
Bengaluru,21.05,21.38,83,overcast clouds,4.79,2026-07-15 01:56:41,Comfortable
Hyderabad,26.49,26.49,60,overcast clouds,6.63,2026-07-15 01:56:41,Comfortable
Tirunelveli,28.35,29.86,59,broken clouds,5.53,2026-07-15 01:56:41,Warm
Madurai,28.2,29.29,56,overcast clouds,5.45,2026-07-15 01:56:41,Warm
Theni,26.21,26.21,67,broken clouds,5.61,2026-07-15 01:56:41,Comfortable
Chennai,35.25,42.25,54,overcast clouds,2.24,2026-07-15 04:51:00,Very Hot
Mumbai,28.52,32.54,75,overcast clouds,7.75,2026-07-15 04:51:00,Hot
Delhi,37.4,40.11,35,scattered clouds,3.09,2026-07-15 04:51:00,Very Hot
Bengaluru,28.46,30.02,59,broken clouds,5.2,2026-07-15 04:51:00,Warm
Hyderabad,31.41,31.46,40,broken clouds,6.74,2026-07-15 04:51:00,Warm
Tirunelveli,34.51,35.28,36,overcast clouds,4.9,2026-07-15 04:51:00,Hot
Madurai,33.49,34.12,38,overcast clouds,4.53,2026-07-15 04:51:00,Hot
Theni,31.44,32.36,45,overcast clouds,5.37,2026-07-15 04:51:00,Hot
Chennai,37.32,44.32,46,overcast clouds,1.34,2026-07-15 07:11:36,Very Hot
Mumbai,28.53,32.39,74,few clouds,7.33,2026-07-15 07:11:36,Hot
Delhi,39.75,42.65,30,clear sky,2.58,2026-07-15 07:11:36,Very Hot
Bengaluru,28.87,29.98,54,few clouds,5.02,2026-07-15 07:11:36,Warm
Hyderabad,34.05,33.18,29,broken clouds,6.46,2026-07-15 07:11:36,Hot
Tirunelveli,36.75,37.35,30,overcast clouds,4.93,2026-07-15 07:11:37,Hot
Madurai,36.02,36.45,31,overcast clouds,3.43,2026-07-15 07:11:37,Hot
Theni,33.95,35.09,39,overcast clouds,4.49,2026-07-15 07:11:37,Hot
Chennai,34.79,41.79,58,overcast clouds,2.24,2026-07-15 09:57:14,Very Hot
Mumbai,28.98,33.25,73,scattered clouds,6.92,2026-07-15 09:57:14,Hot
Delhi,38.96,41.17,30,broken clouds,1.97,2026-07-15 09:57:15,Very Hot
Bengaluru,30.53,31.03,45,few clouds,5.51,2026-07-15 09:57:15,Warm
Hyderabad,35.98,34.83,24,scattered clouds,5.94,2026-07-15 09:57:15,Hot
Tirunelveli,37.4,38.11,29,overcast clouds,7.31,2026-07-15 09:57:15,Very Hot
Madurai,37.68,37.98,27,overcast clouds,3.52,2026-07-15 09:57:15,Hot
Theni,33.71,35.18,41,overcast clouds,5.59,2026-07-15 09:57:15,Hot
Chennai,33.56,40.56,62,overcast clouds,1.34,2026-07-15 11:35:53,Very Hot
Mumbai,28.82,33.25,75,scattered clouds,6.9,2026-07-15 11:35:53,Hot
Delhi,37.9,39.96,32,overcast clouds,2.89,2026-07-15 11:35:53,Very Hot
Bengaluru,30.31,30.58,44,scattered clouds,4.83,2026-07-15 11:35:53,Warm
Hyderabad,34.61,33.75,28,scattered clouds,5.96,2026-07-15 11:35:54,Hot
Tirunelveli,34.88,35.63,35,overcast clouds,7.59,2026-07-15 11:35:54,Hot
Madurai,35.35,35.89,33,overcast clouds,4.92,2026-07-15 11:35:54,Hot
Theni,31.37,32.63,47,overcast clouds,5.52,2026-07-15 11:35:54,Hot
Chennai,32.78,39.78,66,overcast clouds,2.24,2026-07-15 13:25:26,Very Hot
Mumbai,29.04,33.59,74,overcast clouds,5.96,2026-07-15 13:25:26,Hot
Delhi,39.18,41.18,29,broken clouds,4.28,2026-07-15 13:25:27,Very Hot
Bengaluru,29.47,29.89,47,overcast clouds,3.87,2026-07-15 13:25:27,Warm
Hyderabad,32.77,32.16,33,overcast clouds,5.97,2026-07-15 13:25:27,Hot
Tirunelveli,33.6,34.75,40,overcast clouds,6.81,2026-07-15 13:25:27,Hot
Madurai,33.64,34.82,40,overcast clouds,4.05,2026-07-15 13:25:27,Hot
Theni,29.7,31.23,54,overcast clouds,4.94,2026-07-15 13:25:27,Warm
Chennai,31.65,38.65,71,overcast clouds,2.24,2026-07-15 15:23:01,Very Hot
Mumbai,28.89,33.23,74,overcast clouds,5.88,2026-07-15 15:23:01,Hot
Delhi,37.54,39.31,32,broken clouds,3.94,2026-07-15 15:23:01,Very Hot
Bengaluru,28.74,29.44,51,overcast clouds,5.98,2026-07-15 15:23:01,Warm
Hyderabad,31.01,30.78,39,overcast clouds,6.68,2026-07-15 15:23:01,Warm
Tirunelveli,30.39,31.81,51,overcast clouds,5.64,2026-07-15 15:23:01,Warm
Madurai,31.1,32.21,47,overcast clouds,1.47,2026-07-15 15:23:01,Hot
Theni,27.44,29.12,65,overcast clouds,3.99,2026-07-15 15:23:01,Warm
Chennai,30.54,37.54,83,overcast clouds,1.34,2026-07-15 17:12:21,Hot
Mumbai,28.7,32.96,75,overcast clouds,6.67,2026-07-15 17:12:22,Hot
Delhi,37.7,39.26,31,broken clouds,2.66,2026-07-15 17:12:22,Very Hot
Bengaluru,25.21,25.48,65,overcast clouds,5.91,2026-07-15 17:12:22,Comfortable
Hyderabad,29.37,29.89,48,overcast clouds,7.67,2026-07-15 17:12:22,Warm
Tirunelveli,28.44,30.12,60,overcast clouds,4.57,2026-07-15 17:12:22,Warm
Madurai,30.1,31.2,50,overcast clouds,1.12,2026-07-15 17:12:22,Warm
Theni,26.44,26.44,68,overcast clouds,3.18,2026-07-15 17:12:22,Comfortable
Chennai,29.74,36.74,86,overcast clouds,2.68,2026-07-15 19:03:16,Hot
Mumbai,28.55,32.26,73,scattered clouds,6.84,2026-07-15 19:03:16,Hot
Delhi,35.74,38.3,39,scattered clouds,2.44,2026-07-15 19:03:16,Very Hot
Bengaluru,23.83,24.15,72,overcast clouds,5.37,2026-07-15 19:03:16,Comfortable
Hyderabad,26.3,26.3,62,overcast clouds,6.71,2026-07-15 19:03:16,Comfortable
Tirunelveli,27.58,29.24,64,overcast clouds,4.56,2026-07-15 19:03:16,Warm
Madurai,28.94,30.22,55,overcast clouds,2.35,2026-07-15 19:03:16,Warm
Theni,25.38,25.83,71,overcast clouds,3.02,2026-07-15 19:03:17,Comfortable
Chennai,29.33,36.33,83,overcast clouds,1.34,2026-07-15 20:54:59,Hot
Mumbai,28.21,31.98,76,scattered clouds,6.16,2026-07-15 20:54:59,Warm
Delhi,35.46,38.09,40,broken clouds,2.18,2026-07-15 20:54:59,Very Hot
Bengaluru,22.43,22.74,77,overcast clouds,4.15,2026-07-15 20:55:00,Comfortable
Hyderabad,25.7,26.08,67,overcast clouds,6.11,2026-07-15 20:55:00,Comfortable
Tirunelveli,26.95,28.38,65,overcast clouds,3.53,2026-07-15 20:55:00,Warm
Madurai,27.9,28.89,56,overcast clouds,3.01,2026-07-15 20:55:00,Warm
Theni,24.57,24.91,70,overcast clouds,3.41,2026-07-15 20:55:00,Comfortable
Chennai,29.71,36.71,81,overcast clouds,1.34,2026-07-15 21:54:39,Hot
Mumbai,28.25,32.24,77,scattered clouds,5.82,2026-07-15 21:54:40,Hot
Delhi,35.33,38.16,41,broken clouds,2.25,2026-07-15 21:54:40,Very Hot
Bengaluru,21.88,22.21,80,overcast clouds,3.7,2026-07-15 21:54:40,Comfortable
Hyderabad,25.96,25.96,64,overcast clouds,5.88,2026-07-15 21:54:40,Comfortable
Tirunelveli,26.49,26.49,67,overcast clouds,4.28,2026-07-15 21:54:40,Comfortable
Madurai,27.32,28.33,58,overcast clouds,4.2,2026-07-15 21:54:40,Warm
Theni,24.45,24.78,70,overcast clouds,3.21,2026-07-15 21:54:40,Comfortable
Chennai,29.32,35.89,81,overcast clouds,1.34,2026-07-15 22:54:42,Hot
Mumbai,28.29,32.33,77,scattered clouds,5.59,2026-07-15 22:54:42,Hot
Delhi,35.16,37.83,41,broken clouds,1.81,2026-07-15 22:54:42,Hot
Bengaluru,21.32,21.62,81,overcast clouds,3.43,2026-07-15 22:54:42,Comfortable
Hyderabad,25.96,25.96,62,overcast clouds,5.69,2026-07-15 22:54:42,Comfortable
Tirunelveli,26.05,26.05,69,overcast clouds,3.66,2026-07-15 22:54:42,Comfortable
Madurai,27.04,28.06,59,overcast clouds,4.3,2026-07-15 22:54:42,Warm
Theni,24.37,24.66,69,overcast clouds,3.35,2026-07-15 22:54:42,Comfortable
Chennai,29.15,35.16,80,overcast clouds,3.13,2026-07-15 23:55:19,Hot
Mumbai,28.07,31.81,77,scattered clouds,5.86,2026-07-15 23:55:19,Warm
Delhi,34.95,37.74,42,broken clouds,2.15,2026-07-15 23:55:19,Hot
Bengaluru,20.77,21.04,82,overcast clouds,3.67,2026-07-15 23:55:19,Comfortable
Hyderabad,25.91,26.23,64,overcast clouds,5.45,2026-07-15 23:55:19,Comfortable
Tirunelveli,25.96,25.96,71,overcast clouds,3.39,2026-07-15 23:55:19,Comfortable
Madurai,26.95,28.02,60,overcast clouds,3.95,2026-07-15 23:55:19,Warm
Theni,24.38,24.68,69,overcast clouds,2.91,2026-07-15 23:55:19,Comfortable
Chennai,29.69,35.71,76,overcast clouds,0.45,2026-07-16 02:07:01,Hot
Mumbai,28.7,32.43,72,few clouds,4.93,2026-07-16 02:07:01,Hot
Delhi,35.32,37.51,39,clear sky,4.53,2026-07-16 02:07:01,Hot
Bengaluru,21.89,22.25,81,overcast clouds,4.55,2026-07-16 02:07:01,Comfortable
Hyderabad,26.34,26.34,66,overcast clouds,6.77,2026-07-16 02:07:01,Comfortable
Tirunelveli,27.43,29.2,66,overcast clouds,4.07,2026-07-16 02:07:01,Warm
Madurai,28.08,29.13,56,overcast clouds,4.43,2026-07-16 02:07:01,Warm
Theni,25.92,26.24,64,overcast clouds,3.42,2026-07-16 02:07:02,Comfortable
Chennai,35.64,42.23,50,overcast clouds,1.79,2026-07-16 05:35:10,Very Hot
Mumbai,29.09,33.12,71,few clouds,4.4,2026-07-16 05:35:10,Hot
Delhi,38.28,40.3,31,clear sky,4.4,2026-07-16 05:35:10,Very Hot
Bengaluru,28.46,30.15,60,overcast clouds,5.37,2026-07-16 05:35:10,Warm
Hyderabad,30.25,31.42,50,overcast clouds,7.14,2026-07-16 05:35:10,Warm
Tirunelveli,34.63,35.23,35,overcast clouds,3.81,2026-07-16 05:35:10,Hot
Madurai,34.03,34.09,34,overcast clouds,2.99,2026-07-16 05:35:10,Hot
Theni,33.4,33.37,35,overcast clouds,3.37,2026-07-16 05:35:11,Hot
Chennai,37.86,44.03,42,overcast clouds,0.89,2026-07-16 08:04:10,Very Hot
Mumbai,29.27,33.53,71,scattered clouds,5.64,2026-07-16 08:04:10,Hot
Delhi,41.28,42.85,24,scattered clouds,5.25,2026-07-16 08:04:10,Very Hot
Bengaluru,29.42,30.65,53,overcast clouds,5.71,2026-07-16 08:04:10,Warm
Hyderabad,32.67,33.27,40,overcast clouds,6.24,2026-07-16 08:04:10,Hot
Tirunelveli,36.94,37.37,29,overcast clouds,6.11,2026-07-16 08:04:10,Hot
Madurai,36.52,35.98,26,overcast clouds,2.58,2026-07-16 08:04:10,Hot
Theni,35.35,35.41,31,overcast clouds,4.87,2026-07-16 08:04:11,Hot
Chennai,35.54,41.98,50,overcast clouds,0.89,2026-07-16 10:53:46,Very Hot
Mumbai,29.36,34.16,73,broken clouds,5.82,2026-07-16 10:53:46,Hot
Delhi,42.06,43.29,22,scattered clouds,4.0,2026-07-16 10:53:46,Very Hot
Bengaluru,29.29,30.45,53,overcast clouds,5.59,2026-07-16 10:53:46,Warm
Hyderabad,28.87,29.86,53,overcast clouds,4.09,2026-07-16 10:53:46,Warm
Tirunelveli,36.02,36.19,30,overcast clouds,7.06,2026-07-16 10:53:46,Hot
Madurai,37.43,36.57,23,overcast clouds,4.19,2026-07-16 10:53:46,Hot
Theni,32.42,33.72,44,overcast clouds,6.37,2026-07-16 10:53:46,Hot
Chennai,33.91,38.88,52,overcast clouds,3.13,2026-07-16 12:17:18,Very Hot
Mumbai,29.43,34.12,72,broken clouds,5.96,2026-07-16 12:17:18,Hot
Delhi,41.73,42.75,22,scattered clouds,4.31,2026-07-16 12:17:18,Very Hot
Bengaluru,28.88,29.87,53,overcast clouds,9.48,2026-07-16 12:17:18,Warm
Hyderabad,29.3,30.06,50,overcast clouds,5.01,2026-07-16 12:17:18,Warm
Tirunelveli,34.65,35.27,35,overcast clouds,7.17,2026-07-16 12:17:18,Hot
Madurai,35.77,35.81,30,overcast clouds,4.75,2026-07-16 12:17:19,Hot
Theni,30.77,32.82,53,overcast clouds,6.53,2026-07-16 12:17:19,Hot
Chennai,31.35,38.35,70,overcast clouds,0.89,2026-07-16 14:56:22,Very Hot
Mumbai,29.07,33.46,73,scattered clouds,5.32,2026-07-16 14:56:22,Hot
Delhi,40.46,40.72,22,scattered clouds,4.93,2026-07-16 14:56:22,Very Hot
Bengaluru,25.09,25.33,64,overcast clouds,4.06,2026-07-16 14:56:22,Comfortable
Hyderabad,28.32,29.34,55,overcast clouds,3.57,2026-07-16 14:56:22,Warm
Tirunelveli,29.08,31.01,59,overcast clouds,5.13,2026-07-16 14:56:23,Warm
Madurai,30.66,32.06,50,overcast clouds,1.75,2026-07-16 14:56:23,Hot
Theni,27.0,28.69,68,overcast clouds,4.99,2026-07-16 14:56:23,Warm
Chennai,30.93,37.93,76,overcast clouds,0.89,2026-07-16 16:15:45,Hot
Mumbai,29.03,33.37,73,few clouds,5.47,2026-07-16 16:15:45,Hot
Delhi,39.62,40.45,25,scattered clouds,5.26,2026-07-16 16:15:45,Very Hot
Bengaluru,24.67,24.97,68,overcast clouds,5.81,2026-07-16 16:15:45,Comfortable
Hyderabad,27.94,29.05,57,overcast clouds,2.77,2026-07-16 16:15:45,Warm
Tirunelveli,28.2,30.24,64,overcast clouds,4.82,2026-07-16 16:15:45,Warm
Madurai,30.03,31.42,52,overcast clouds,1.79,2026-07-16 16:15:45,Warm
Theni,26.57,26.57,69,overcast clouds,4.68,2026-07-16 16:15:46,Comfortable
Chennai,30.18,37.18,81,overcast clouds,1.79,2026-07-16 18:01:42,Hot
Mumbai,28.66,33.05,76,scattered clouds,5.53,2026-07-16 18:01:42,Hot
Delhi,38.72,39.01,25,broken clouds,4.14,2026-07-16 18:01:42,Very Hot
Bengaluru,23.83,24.1,70,overcast clouds,5.35,2026-07-16 18:01:42,Comfortable
Hyderabad,27.81,28.87,57,overcast clouds,2.17,2026-07-16 18:01:42,Warm
Tirunelveli,27.14,28.83,67,overcast clouds,4.42,2026-07-16 18:01:42,Warm
Madurai,28.68,30.1,57,overcast clouds,1.8,2026-07-16 18:01:42,Warm
Theni,25.83,26.22,67,overcast clouds,3.84,2026-07-16 18:01:43,Comfortable
Chennai,29.94,36.94,80,overcast clouds,0.89,2026-07-16 19:59:11,Hot
Mumbai,28.92,33.3,74,overcast clouds,5.59,2026-07-16 19:59:11,Hot
Delhi,37.07,38.8,33,overcast clouds,3.56,2026-07-16 19:59:12,Very Hot
Bengaluru,22.72,22.95,73,broken clouds,5.45,2026-07-16 19:59:12,Comfortable
Hyderabad,26.58,26.58,64,overcast clouds,5.78,2026-07-16 19:59:12,Comfortable
Tirunelveli,26.57,26.57,69,overcast clouds,3.72,2026-07-16 19:59:12,Comfortable
Madurai,27.85,29.23,60,overcast clouds,4.35,2026-07-16 19:59:12,Warm
Theni,24.97,25.32,69,overcast clouds,3.61,2026-07-16 19:59:12,Comfortable
Chennai,30.29,37.29,77,overcast clouds,3.13,2026-07-16 21:07:05,Hot
Mumbai,28.8,33.02,74,broken clouds,6.16,2026-07-16 21:07:05,Hot
Delhi,36.49,37.78,33,overcast clouds,4.08,2026-07-16 21:07:05,Hot
Bengaluru,22.43,22.71,76,overcast clouds,5.52,2026-07-16 21:07:05,Comfortable
Hyderabad,26.4,26.4,66,overcast clouds,6.92,2026-07-16 21:07:05,Comfortable
Tirunelveli,26.26,26.26,69,broken clouds,3.82,2026-07-16 21:07:06,Comfortable
Madurai,27.51,28.66,59,overcast clouds,4.48,2026-07-16 21:07:06,Warm
Theni,24.48,24.81,70,overcast clouds,3.53,2026-07-16 21:07:06,Comfortable
Chennai,30.08,36.79,76,overcast clouds,1.79,2026-07-16 22:52:51,Hot
Mumbai,28.74,32.69,73,broken clouds,5.63,2026-07-16 22:52:51,Hot
Delhi,35.93,36.56,32,broken clouds,3.67,2026-07-16 22:52:51,Hot
Bengaluru,21.61,21.92,80,overcast clouds,5.23,2026-07-16 22:52:51,Comfortable
Hyderabad,24.33,24.83,77,overcast clouds,6.51,2026-07-16 22:52:51,Comfortable
Tirunelveli,25.85,26.37,72,broken clouds,3.86,2026-07-16 22:52:51,Comfortable
Madurai,26.78,27.75,59,overcast clouds,3.27,2026-07-16 22:52:51,Warm
Theni,24.08,24.42,72,overcast clouds,3.2,2026-07-16 22:52:51,Comfortable
Chennai,29.69,35.96,77,overcast clouds,2.68,2026-07-16 23:54:23,Hot
Mumbai,28.42,32.31,75,broken clouds,6.02,2026-07-16 23:54:23,Hot
Delhi,35.48,36.1,33,scattered clouds,3.58,2026-07-16 23:54:23,Hot
Bengaluru,21.32,21.62,81,overcast clouds,5.41,2026-07-16 23:54:23,Comfortable
Hyderabad,23.7,24.21,80,overcast clouds,6.21,2026-07-16 23:54:23,Comfortable
Tirunelveli,25.68,26.21,73,broken clouds,3.2,2026-07-16 23:54:23,Comfortable
Madurai,26.27,26.27,60,overcast clouds,3.01,2026-07-16 23:54:23,Comfortable
Theni,24.0,24.34,72,overcast clouds,3.26,2026-07-16 23:54:24,Comfortable
Chennai,30.29,36.83,74,overcast clouds,0.45,2026-07-17 02:10:00,Hot
Mumbai,28.25,32.07,76,overcast clouds,5.7,2026-07-17 02:10:00,Hot
Delhi,35.59,36.82,35,overcast clouds,4.42,2026-07-17 02:10:00,Hot
Bengaluru,22.45,22.81,79,overcast clouds,6.01,2026-07-17 02:10:01,Comfortable
Hyderabad,23.79,24.37,82,overcast clouds,5.41,2026-07-17 02:10:01,Comfortable
Tirunelveli,27.42,29.09,65,overcast clouds,3.72,2026-07-17 02:10:01,Warm
Madurai,27.78,28.74,56,scattered clouds,3.88,2026-07-17 02:10:01,Warm
Theni,25.75,26.1,66,broken clouds,3.78,2026-07-17 02:10:01,Comfortable
Chennai,34.4,40.02,52,overcast clouds,0.89,2026-07-17 05:37:00,Very Hot
Mumbai,28.51,32.52,75,broken clouds,5.22,2026-07-17 05:37:00,Hot
Delhi,37.69,39.93,33,overcast clouds,6.52,2026-07-17 05:37:00,Very Hot
Bengaluru,25.23,25.61,69,overcast clouds,6.92,2026-07-17 05:37:00,Comfortable
Hyderabad,26.19,26.19,70,overcast clouds,6.53,2026-07-17 05:37:00,Comfortable
Tirunelveli,35.7,36.46,33,overcast clouds,6.27,2026-07-17 05:37:00,Hot
Madurai,34.5,35.03,35,scattered clouds,2.81,2026-07-17 05:37:00,Hot
Theni,33.5,34.14,38,scattered clouds,5.0,2026-07-17 05:37:00,Hot
Chennai,36.16,43.16,59,overcast clouds,4.72,2026-07-17 08:01:23,Very Hot
Mumbai,29.39,33.6,70,overcast clouds,6.18,2026-07-17 08:01:23,Hot
Delhi,38.22,40.93,33,broken clouds,4.02,2026-07-17 08:01:23,Very Hot
Bengaluru,28.81,30.43,58,overcast clouds,7.19,2026-07-17 08:01:23,Warm
Hyderabad,30.49,31.97,51,overcast clouds,6.34,2026-07-17 08:01:24,Warm
Tirunelveli,36.68,37.51,31,overcast clouds,7.74,2026-07-17 08:01:24,Hot
Madurai,36.91,37.05,28,broken clouds,3.98,2026-07-17 08:01:24,Hot
Theni,33.91,35.03,39,broken clouds,6.39,2026-07-17 08:01:24,Hot
Chennai,31.76,38.76,68,overcast clouds,4.02,2026-07-17 10:41:57,Very Hot
Mumbai,29.4,33.83,71,overcast clouds,6.25,2026-07-17 10:41:57,Hot
Delhi,39.78,42.28,29,overcast clouds,2.69,2026-07-17 10:41:58,Very Hot
Bengaluru,26.34,26.34,67,overcast clouds,6.8,2026-07-17 10:41:58,Comfortable
Hyderabad,27.6,29.07,62,overcast clouds,4.21,2026-07-17 10:41:58,Warm
Tirunelveli,34.72,35.62,36,overcast clouds,7.91,2026-07-17 10:41:58,Hot
Madurai,36.6,36.84,29,broken clouds,6.77,2026-07-17 10:41:58,Hot
Theni,32.55,33.71,43,overcast clouds,4.79,2026-07-17 10:41:58,Hot
Chennai,28.31,33.6,84,overcast clouds,0.89,2026-07-17 12:04:44,Hot
Mumbai,29.07,33.46,73,overcast clouds,5.72,2026-07-17 12:04:44,Hot
Delhi,38.99,40.84,29,overcast clouds,3.96,2026-07-17 12:04:44,Very Hot
Bengaluru,22.72,23.16,81,overcast clouds,6.99,2026-07-17 12:04:44,Comfortable
Hyderabad,27.25,28.65,63,overcast clouds,2.69,2026-07-17 12:04:44,Warm
Tirunelveli,33.59,34.5,39,overcast clouds,7.62,2026-07-17 12:04:44,Hot
Madurai,35.0,35.34,33,broken clouds,8.02,2026-07-17 12:04:44,Hot
Theni,31.42,33.12,49,broken clouds,5.91,2026-07-17 12:04:44,Hot
Chennai,28.66,33.62,79,overcast clouds,6.45,2026-07-17 14:28:43,Hot
Mumbai,28.84,33.11,74,overcast clouds,5.84,2026-07-17 14:28:43,Hot
Delhi,38.85,40.59,29,overcast clouds,3.41,2026-07-17 14:28:43,Very Hot
Bengaluru,22.71,23.18,82,overcast clouds,5.91,2026-07-17 14:28:43,Comfortable
Hyderabad,25.15,25.73,77,overcast clouds,4.61,2026-07-17 14:28:43,Comfortable
Tirunelveli,30.69,31.93,49,broken clouds,6.55,2026-07-17 14:28:43,Warm
Madurai,31.24,32.24,46,overcast clouds,6.52,2026-07-17 14:28:43,Hot
Theni,27.45,28.94,63,broken clouds,4.66,2026-07-17 14:28:43,Warm
Chennai,28.25,32.9,81,overcast clouds,0.45,2026-07-17 16:12:24,Hot
Mumbai,28.45,32.55,76,overcast clouds,5.37,2026-07-17 16:12:24,Hot
Delhi,38.91,40.33,28,overcast clouds,1.61,2026-07-17 16:12:24,Very Hot
Bengaluru,22.73,23.17,81,overcast clouds,6.36,2026-07-17 16:12:25,Comfortable
Hyderabad,26.44,26.44,69,overcast clouds,3.27,2026-07-17 16:12:25,Comfortable
Tirunelveli,28.34,30.09,61,overcast clouds,5.67,2026-07-17 16:12:25,Warm
Madurai,29.73,30.81,51,overcast clouds,0.87,2026-07-17 16:12:25,Warm
Theni,26.48,26.48,62,broken clouds,3.06,2026-07-17 16:12:25,Comfortable
Chennai,28.41,33.33,81,overcast clouds,2.24,2026-07-17 18:00:45,Hot
Mumbai,28.59,32.7,75,overcast clouds,5.71,2026-07-17 18:00:45,Hot
Delhi,38.41,39.82,29,overcast clouds,2.71,2026-07-17 18:00:45,Very Hot
Bengaluru,21.91,22.27,81,overcast clouds,6.12,2026-07-17 18:00:45,Comfortable
Hyderabad,26.25,26.25,70,overcast clouds,2.54,2026-07-17 18:00:45,Comfortable
Tirunelveli,27.33,28.86,64,overcast clouds,4.61,2026-07-17 18:00:45,Warm
Madurai,27.79,29.04,59,broken clouds,2.94,2026-07-17 18:00:45,Warm
Theni,25.82,26.1,63,broken clouds,2.25,2026-07-17 18:00:45,Comfortable
Chennai,28.25,32.73,80,overcast clouds,8.95,2026-07-17 20:01:41,Hot
Mumbai,28.27,32.12,76,overcast clouds,5.06,2026-07-17 20:01:41,Hot
Delhi,37.21,39.39,34,overcast clouds,1.34,2026-07-17 20:01:41,Very Hot
Bengaluru,21.89,22.25,81,overcast clouds,5.37,2026-07-17 20:01:41,Comfortable
Hyderabad,25.89,26.36,70,overcast clouds,5.87,2026-07-17 20:01:41,Comfortable
Tirunelveli,26.68,28.06,66,broken clouds,4.2,2026-07-17 20:01:41,Warm
Madurai,28.27,28.86,51,overcast clouds,3.72,2026-07-17 20:01:41,Warm
Theni,25.18,25.45,65,overcast clouds,2.51,2026-07-17 20:01:41,Comfortable
Chennai,28.31,33.24,82,overcast clouds,0.89,2026-07-17 21:46:41,Hot
Mumbai,28.51,32.18,73,overcast clouds,4.59,2026-07-17 21:46:41,Hot
Delhi,36.63,38.66,35,overcast clouds,1.91,2026-07-17 21:46:41,Very Hot
Bengaluru,21.05,21.38,83,overcast clouds,4.96,2026-07-17 21:46:42,Comfortable
Hyderabad,24.59,25.19,80,overcast clouds,6.4,2026-07-17 21:46:42,Comfortable
Tirunelveli,26.12,26.12,66,broken clouds,4.66,2026-07-17 21:46:42,Comfortable
Madurai,27.55,28.2,53,overcast clouds,3.07,2026-07-17 21:46:42,Warm
Theni,24.67,24.92,66,overcast clouds,1.77,2026-07-17 21:46:42,Comfortable
Chennai,27.66,31.67,83,overcast clouds,0.89,2026-07-17 22:43:21,Warm
Mumbai,28.61,32.4,73,overcast clouds,4.8,2026-07-17 22:43:21,Hot
Delhi,36.46,38.35,35,overcast clouds,1.56,2026-07-17 22:43:22,Very Hot
Bengaluru,21.05,21.38,83,overcast clouds,5.16,2026-07-17 22:43:22,Comfortable
Hyderabad,24.29,24.89,81,overcast clouds,6.56,2026-07-17 22:43:22,Comfortable
Tirunelveli,25.96,25.96,67,broken clouds,4.59,2026-07-17 22:43:22,Comfortable
Madurai,27.26,27.95,54,overcast clouds,2.65,2026-07-17 22:43:22,Warm
Theni,24.5,24.76,67,overcast clouds,1.65,2026-07-17 22:43:22,Comfortable
Chennai,27.2,30.62,84,moderate rain,0.45,2026-07-17 23:47:21,Warm
Mumbai,28.47,32.42,75,overcast clouds,5.36,2026-07-17 23:47:21,Hot
Delhi,36.29,38.36,36,overcast clouds,0.63,2026-07-17 23:47:21,Very Hot
Bengaluru,21.05,21.4,84,overcast clouds,5.17,2026-07-17 23:47:21,Comfortable
Hyderabad,24.39,25.0,81,overcast clouds,5.69,2026-07-17 23:47:21,Comfortable
Tirunelveli,25.73,26.16,69,broken clouds,4.5,2026-07-17 23:47:21,Comfortable
Madurai,26.78,27.56,56,overcast clouds,2.62,2026-07-17 23:47:21,Warm
Theni,24.14,24.44,70,overcast clouds,1.3,2026-07-17 23:47:21,Comfortable
Chennai,27.54,31.63,85,overcast clouds,6.31,2026-07-18 01:59:18,Warm
Mumbai,28.08,31.68,76,overcast clouds,4.86,2026-07-18 01:59:19,Warm
Delhi,36.36,38.82,37,broken clouds,0.82,2026-07-18 01:59:19,Very Hot
Bengaluru,21.34,21.72,84,overcast clouds,6.19,2026-07-18 01:59:19,Comfortable
Hyderabad,24.36,24.86,77,overcast clouds,6.18,2026-07-18 01:59:19,Comfortable
Tirunelveli,27.31,28.65,62,overcast clouds,4.89,2026-07-18 01:59:19,Warm
Madurai,27.8,28.49,53,overcast clouds,3.53,2026-07-18 01:59:19,Warm
Theni,25.55,25.88,66,overcast clouds,2.56,2026-07-18 01:59:19,Comfortable
Chennai,30.25,36.44,73,overcast clouds,0.89,2026-07-18 04:53:24,Hot
Mumbai,28.44,32.35,75,overcast clouds,4.57,2026-07-18 04:53:24,Hot
Delhi,37.31,39.58,34,overcast clouds,4.71,2026-07-18 04:53:24,Very Hot
Bengaluru,24.38,24.81,74,overcast clouds,7.02,2026-07-18 04:53:25,Comfortable
Hyderabad,25.35,25.87,74,overcast clouds,5.74,2026-07-18 04:53:25,Comfortable
Tirunelveli,33.8,34.17,36,overcast clouds,7.43,2026-07-18 04:53:25,Hot
Madurai,31.53,32.31,44,overcast clouds,1.73,2026-07-18 04:53:25,Hot
Theni,31.47,31.38,39,overcast clouds,3.14,2026-07-18 04:53:25,Warm
Chennai,33.13,39.85,60,overcast clouds,3.13,2026-07-18 06:57:50,Very Hot
Mumbai,28.63,32.62,74,overcast clouds,5.64,2026-07-18 06:57:51,Hot
Delhi,40.25,42.73,28,scattered clouds,4.24,2026-07-18 06:57:51,Very Hot
Bengaluru,26.15,26.15,61,overcast clouds,5.92,2026-07-18 06:57:51,Comfortable
Hyderabad,24.39,24.97,80,overcast clouds,5.56,2026-07-18 06:57:51,Comfortable
Tirunelveli,35.38,35.69,32,broken clouds,7.57,2026-07-18 06:57:51,Hot
Madurai,33.76,34.32,37,overcast clouds,1.9,2026-07-18 06:57:51,Hot
Theni,32.86,32.61,35,overcast clouds,5.45,2026-07-18 06:57:51,Hot
Chennai,34.23,41.23,59,overcast clouds,1.79,2026-07-18 08:49:42,Very Hot
Mumbai,28.79,32.99,74,overcast clouds,5.65,2026-07-18 08:49:42,Hot
Delhi,42.02,44.14,24,scattered clouds,4.04,2026-07-18 08:49:43,Very Hot
Bengaluru,25.18,25.82,79,overcast clouds,6.1,2026-07-18 08:49:43,Comfortable
Hyderabad,24.82,25.34,76,overcast clouds,5.86,2026-07-18 08:49:43,Comfortable
Tirunelveli,35.97,36.12,30,overcast clouds,7.86,2026-07-18 08:49:43,Hot
Madurai,35.59,35.54,30,overcast clouds,2.21,2026-07-18 08:49:43,Hot
Theni,31.51,31.92,42,overcast clouds,6.73,2026-07-18 08:49:43,Warm
Chennai,30.73,37.17,71,overcast clouds,1.34,2026-07-18 10:15:03,Hot
Mumbai,28.56,32.81,76,light rain,6.0,2026-07-18 10:15:03,Hot
Delhi,42.65,44.28,22,scattered clouds,4.03,2026-07-18 10:15:03,Very Hot
Bengaluru,27.92,30.39,69,overcast clouds,6.68,2026-07-18 10:15:03,Warm
Hyderabad,25.12,25.59,73,overcast clouds,6.22,2026-07-18 10:15:03,Comfortable
Tirunelveli,35.92,36.29,31,overcast clouds,7.94,2026-07-18 10:15:03,Hot
Madurai,36.44,36.34,28,overcast clouds,3.16,2026-07-18 10:15:03,Hot
Theni,31.72,32.6,44,overcast clouds,5.3,2026-07-18 10:15:03,Hot
Chennai,30.56,37.29,73,overcast clouds,2.24,2026-07-18 11:50:20,Hot
Mumbai,28.63,32.62,74,overcast clouds,6.48,2026-07-18 11:50:20,Hot
Delhi,41.16,43.08,25,broken clouds,3.92,2026-07-18 11:50:21,Very Hot
Bengaluru,23.51,24.03,81,overcast clouds,6.25,2026-07-18 11:50:21,Comfortable
Hyderabad,24.45,24.96,77,overcast clouds,6.18,2026-07-18 11:50:21,Comfortable
Tirunelveli,33.68,33.58,34,overcast clouds,8.07,2026-07-18 11:50:21,Hot
Madurai,34.62,34.76,33,overcast clouds,5.94,2026-07-18 11:50:21,Hot
Theni,30.61,31.63,48,overcast clouds,6.15,2026-07-18 11:50:21,Warm
Chennai,30.02,36.09,74,overcast clouds,1.34,2026-07-18 13:03:03,Hot
Mumbai,28.27,32.45,78,overcast clouds,6.51,2026-07-18 13:03:03,Hot
Delhi,40.77,42.82,26,overcast clouds,1.07,2026-07-18 13:03:03,Very Hot
Bengaluru,24.62,25.17,78,overcast clouds,5.99,2026-07-18 13:03:03,Comfortable
Hyderabad,24.43,24.94,77,overcast clouds,5.47,2026-07-18 13:03:03,Comfortable
Tirunelveli,32.4,32.49,38,overcast clouds,7.03,2026-07-18 13:03:03,Hot
Madurai,32.76,33.01,38,light rain,4.26,2026-07-18 13:03:03,Hot
Theni,29.24,30.24,52,overcast clouds,5.81,2026-07-18 13:03:03,Warm
Chennai,29.6,36.21,79,overcast clouds,2.68,2026-07-18 14:46:38,Hot
Mumbai,28.08,32.14,79,overcast clouds,5.82,2026-07-18 14:46:38,Hot
Delhi,39.48,42.14,30,overcast clouds,3.52,2026-07-18 14:46:38,Very Hot
Bengaluru,23.02,23.7,89,overcast clouds,6.14,2026-07-18 14:46:38,Comfortable
Hyderabad,24.22,24.68,76,overcast clouds,4.74,2026-07-18 14:46:38,Comfortable
Tirunelveli,29.62,30.65,51,overcast clouds,5.53,2026-07-18 14:46:39,Warm
Madurai,30.98,31.5,44,overcast clouds,1.92,2026-07-18 14:46:39,Warm
Theni,27.4,28.6,60,overcast clouds,4.01,2026-07-18 14:46:39,Warm
Chennai,29.35,35.73,80,overcast clouds,2.24,2026-07-18 15:51:28,Hot
Mumbai,27.81,31.77,81,overcast clouds,5.65,2026-07-18 15:51:28,Warm
Delhi,38.39,41.66,34,overcast clouds,4.02,2026-07-18 15:51:29,Very Hot
Bengaluru,23.31,23.73,78,overcast clouds,5.79,2026-07-18 15:51:29,Comfortable
Hyderabad,24.11,24.53,75,overcast clouds,4.01,2026-07-18 15:51:29,Comfortable
Tirunelveli,28.77,29.97,55,overcast clouds,5.35,2026-07-18 15:51:29,Warm
Madurai,30.2,30.87,47,overcast clouds,2.45,2026-07-18 15:51:29,Warm
Theni,26.87,27.92,60,overcast clouds,2.69,2026-07-18 15:51:29,Warm
Chennai,29.34,35.23,78,overcast clouds,0.89,2026-07-18 16:51:52,Hot
Mumbai,27.62,31.3,81,overcast clouds,5.05,2026-07-18 16:51:52,Warm
Delhi,38.08,41.85,36,overcast clouds,3.74,2026-07-18 16:51:52,Very Hot
Bengaluru,23.02,23.47,80,overcast clouds,5.72,2026-07-18 16:51:52,Comfortable
Hyderabad,24.37,24.74,72,overcast clouds,4.07,2026-07-18 16:51:52,Comfortable
Tirunelveli,28.23,29.56,58,overcast clouds,4.76,2026-07-18 16:51:52,Warm
Madurai,29.6,30.33,49,overcast clouds,3.05,2026-07-18 16:51:52,Warm
Theni,26.26,26.26,62,overcast clouds,2.29,2026-07-18 16:51:52,Comfortable
Chennai,29.33,34.75,76,overcast clouds,2.24,2026-07-18 17:52:38,Hot
Mumbai,27.72,31.27,79,overcast clouds,4.53,2026-07-18 17:52:38,Warm
Delhi,38.29,41.07,33,overcast clouds,2.01,2026-07-18 17:52:38,Very Hot
Bengaluru,23.02,23.47,80,overcast clouds,5.39,2026-07-18 17:52:38,Comfortable
Hyderabad,24.34,24.74,73,overcast clouds,4.79,2026-07-18 17:52:38,Comfortable
Tirunelveli,27.77,29.02,59,overcast clouds,4.68,2026-07-18 17:52:38,Warm
Madurai,29.13,29.83,50,overcast clouds,3.66,2026-07-18 17:52:38,Warm
Theni,26.03,26.03,62,overcast clouds,2.15,2026-07-18 17:52:38,Comfortable
Chennai,29.1,33.74,74,overcast clouds,0.89,2026-07-18 18:55:48,Hot
Mumbai,27.92,31.61,78,overcast clouds,4.77,2026-07-18 18:55:48,Warm
Delhi,37.7,39.95,33,overcast clouds,2.63,2026-07-18 18:55:48,Very Hot
Bengaluru,22.73,23.15,80,overcast clouds,5.43,2026-07-18 18:55:48,Comfortable
Hyderabad,24.66,25.11,74,overcast clouds,5.47,2026-07-18 18:55:48,Comfortable
Tirunelveli,27.51,28.66,59,overcast clouds,4.17,2026-07-18 18:55:48,Warm
Madurai,28.57,29.34,52,overcast clouds,3.59,2026-07-18 18:55:48,Warm
Theni,25.68,25.97,64,overcast clouds,2.28,2026-07-18 18:55:48,Comfortable
Chennai,29.08,33.69,74,overcast clouds,1.34,2026-07-18 20:02:18,Hot
Mumbai,28.01,31.67,77,overcast clouds,4.95,2026-07-18 20:02:18,Warm
Delhi,37.54,40.01,34,overcast clouds,2.71,2026-07-18 20:02:18,Very Hot
Bengaluru,22.45,22.87,81,overcast clouds,5.46,2026-07-18 20:02:18,Comfortable
Hyderabad,23.97,24.51,80,overcast clouds,5.28,2026-07-18 20:02:18,Comfortable
Tirunelveli,27.17,28.3,60,overcast clouds,4.07,2026-07-18 20:02:18,Warm
Madurai,28.27,28.96,52,overcast clouds,3.07,2026-07-18 20:02:19,Warm
Theni,25.1,25.39,66,overcast clouds,2.11,2026-07-18 20:02:19,Comfortable
Chennai,27.72,31.69,82,overcast clouds,0.45,2026-07-18 21:44:27,Warm
Mumbai,27.74,31.19,78,overcast clouds,5.54,2026-07-18 21:44:27,Warm
Delhi,37.16,38.96,33,overcast clouds,3.4,2026-07-18 21:44:27,Very Hot
Bengaluru,21.89,22.28,82,overcast clouds,4.57,2026-07-18 21:44:27,Comfortable
Hyderabad,23.98,24.5,79,overcast clouds,5.73,2026-07-18 21:44:27,Comfortable
Tirunelveli,26.61,26.61,62,overcast clouds,3.35,2026-07-18 21:44:27,Comfortable
Madurai,27.77,28.45,53,overcast clouds,2.42,2026-07-18 21:44:27,Warm
Theni,24.57,24.86,68,overcast clouds,2.01,2026-07-18 21:44:27,Comfortable
Chennai,26.83,29.8,85,overcast clouds,0.45,2026-07-18 22:42:56,Warm
Mumbai,27.45,30.89,81,overcast clouds,5.24,2026-07-18 22:42:56,Warm
Delhi,36.63,38.02,33,overcast clouds,4.13,2026-07-18 22:42:56,Very Hot
Bengaluru,21.34,21.75,85,overcast clouds,4.76,2026-07-18 22:42:56,Comfortable
Hyderabad,23.71,24.23,80,overcast clouds,5.54,2026-07-18 22:42:56,Comfortable
Tirunelveli,26.46,26.46,63,overcast clouds,3.18,2026-07-18 22:42:56,Comfortable
Madurai,27.55,28.28,54,overcast clouds,2.45,2026-07-18 22:42:56,Warm
Theni,24.3,24.61,70,overcast clouds,2.32,2026-07-18 22:42:56,Comfortable
Chennai,26.68,29.51,86,overcast clouds,0.45,2026-07-18 23:48:28,Warm
Mumbai,27.4,30.77,81,overcast clouds,5.66,2026-07-18 23:48:28,Warm
Delhi,35.72,37.63,37,overcast clouds,4.42,2026-07-18 23:48:29,Hot
Bengaluru,21.05,21.43,85,overcast clouds,4.49,2026-07-18 23:48:29,Comfortable
Hyderabad,23.25,23.77,82,overcast clouds,5.41,2026-07-18 23:48:29,Comfortable
Tirunelveli,26.27,26.27,65,overcast clouds,3.34,2026-07-18 23:48:29,Comfortable
Madurai,27.23,27.99,55,overcast clouds,2.53,2026-07-18 23:48:29,Warm
Theni,24.19,24.52,71,overcast clouds,1.86,2026-07-18 23:48:29,Comfortable
Chennai,28.95,34.18,78,overcast clouds,1.34,2026-07-19 02:10:36,Hot
Mumbai,27.79,31.87,82,overcast clouds,6.71,2026-07-19 02:10:36,Warm
Delhi,35.37,37.6,39,broken clouds,3.53,2026-07-19 02:10:36,Hot
Bengaluru,21.34,21.78,86,overcast clouds,5.31,2026-07-19 02:10:36,Comfortable
Hyderabad,24.11,24.61,78,overcast clouds,6.17,2026-07-19 02:10:36,Comfortable
Tirunelveli,27.6,29.17,63,overcast clouds,4.31,2026-07-19 02:10:36,Warm
Madurai,27.96,28.87,55,overcast clouds,3.11,2026-07-19 02:10:37,Warm
Theni,25.99,25.99,67,overcast clouds,2.39,2026-07-19 02:10:37,Comfortable
Chennai,32.94,39.94,65,overcast clouds,0.45,2026-07-19 05:46:37,Very Hot
Mumbai,28.05,31.91,78,overcast clouds,7.44,2026-07-19 05:46:37,Warm
Delhi,39.55,42.27,30,broken clouds,2.25,2026-07-19 05:46:37,Very Hot
Bengaluru,27.58,29.55,67,overcast clouds,6.1,2026-07-19 05:46:37,Warm
Hyderabad,27.1,28.68,66,overcast clouds,6.44,2026-07-19 05:46:38,Warm
Tirunelveli,35.02,35.86,35,overcast clouds,5.94,2026-07-19 05:46:38,Hot
Madurai,33.25,33.96,39,overcast clouds,1.82,2026-07-19 05:46:38,Hot
Theni,33.63,34.34,38,overcast clouds,3.38,2026-07-19 05:46:38,Hot
Chennai,32.95,39.95,69,overcast clouds,2.24,2026-07-19 08:08:17,Very Hot
Mumbai,28.26,32.26,77,overcast clouds,7.24,2026-07-19 08:08:17,Hot
Delhi,38.94,43.22,35,broken clouds,1.84,2026-07-19 08:08:17,Very Hot
Bengaluru,28.67,30.63,61,overcast clouds,5.22,2026-07-19 08:08:17,Warm
Hyderabad,29.35,30.99,56,overcast clouds,6.16,2026-07-19 08:08:17,Warm
Tirunelveli,36.35,37.54,33,overcast clouds,6.93,2026-07-19 08:08:17,Hot
Madurai,35.19,36.14,35,overcast clouds,1.0,2026-07-19 08:08:18,Hot
Theni,31.63,33.48,49,overcast clouds,6.14,2026-07-19 08:08:18,Hot
Chennai,30.54,37.54,77,overcast clouds,0.89,2026-07-19 10:22:56,Hot
Mumbai,28.18,32.07,77,overcast clouds,7.71,2026-07-19 10:22:56,Hot
Delhi,37.81,41.3,36,overcast clouds,1.67,2026-07-19 10:22:56,Very Hot
Bengaluru,28.49,29.94,58,overcast clouds,5.21,2026-07-19 10:22:56,Warm
Hyderabad,29.63,30.96,53,overcast clouds,5.6,2026-07-19 10:22:56,Warm
Tirunelveli,36.04,37.3,34,overcast clouds,7.82,2026-07-19 10:22:56,Hot
Madurai,36.12,36.87,32,overcast clouds,2.61,2026-07-19 10:22:56,Hot
Theni,31.53,33.3,49,overcast clouds,4.3,2026-07-19 10:22:57,Hot
Chennai,30.91,37.91,75,overcast clouds,0.89,2026-07-19 11:52:40,Hot
Mumbai,27.9,31.85,80,overcast clouds,7.69,2026-07-19 11:52:40,Warm
Delhi,36.64,41.65,43,overcast clouds,4.31,2026-07-19 11:52:40,Very Hot
Bengaluru,28.45,30.14,60,overcast clouds,4.9,2026-07-19 11:52:40,Warm
Hyderabad,23.89,24.61,87,overcast clouds,4.9,2026-07-19 11:52:40,Comfortable
Tirunelveli,33.61,35.01,41,overcast clouds,7.79,2026-07-19 11:52:40,Hot
Madurai,33.94,34.84,38,overcast clouds,3.93,2026-07-19 11:52:40,Hot
Theni,29.74,31.46,55,overcast clouds,4.36,2026-07-19 11:52:41,Warm
Chennai,29.82,36.82,79,overcast clouds,1.79,2026-07-19 13:05:33,Hot
Mumbai,27.84,31.7,80,overcast clouds,8.07,2026-07-19 13:05:33,Warm
Delhi,34.57,40.04,51,overcast clouds,4.34,2026-07-19 13:05:33,Very Hot
Bengaluru,25.51,26.13,77,overcast clouds,4.92,2026-07-19 13:05:33,Comfortable
Hyderabad,23.4,24.17,91,overcast clouds,5.09,2026-07-19 13:05:33,Comfortable
Tirunelveli,31.84,33.4,47,overcast clouds,7.14,2026-07-19 13:05:33,Hot
Madurai,32.45,33.77,44,overcast clouds,1.62,2026-07-19 13:05:33,Hot
Theni,28.24,29.93,61,overcast clouds,5.03,2026-07-19 13:05:34,Warm
Chennai,29.84,36.38,77,overcast clouds,0.89,2026-07-19 14:50:26,Hot
Mumbai,27.7,31.5,81,overcast clouds,8.19,2026-07-19 14:50:26,Warm
Delhi,34.4,39.65,51,overcast clouds,4.25,2026-07-19 14:50:26,Very Hot
Bengaluru,24.65,25.16,76,overcast clouds,5.75,2026-07-19 14:50:26,Comfortable
Hyderabad,23.18,23.88,89,overcast clouds,5.84,2026-07-19 14:50:26,Comfortable
Tirunelveli,29.5,31.39,57,overcast clouds,5.5,2026-07-19 14:50:26,Warm
Madurai,30.85,32.18,49,overcast clouds,2.97,2026-07-19 14:50:26,Hot
Theni,27.08,28.57,65,overcast clouds,4.0,2026-07-19 14:50:27,Warm
Chennai,29.83,36.83,81,overcast clouds,1.34,2026-07-19 15:52:40,Hot
Mumbai,27.72,31.69,82,overcast clouds,7.78,2026-07-19 15:52:41,Warm
Delhi,34.12,39.01,51,overcast clouds,3.97,2026-07-19 15:52:41,Very Hot
Bengaluru,24.1,24.58,77,overcast clouds,5.87,2026-07-19 15:52:41,Comfortable
Hyderabad,23.13,23.82,89,overcast clouds,5.87,2026-07-19 15:52:41,Comfortable
Tirunelveli,28.83,30.75,60,overcast clouds,5.39,2026-07-19 15:52:41,Warm
Madurai,30.06,31.14,50,overcast clouds,3.09,2026-07-19 15:52:41,Warm
Theni,26.97,28.26,63,overcast clouds,3.81,2026-07-19 15:52:41,Warm
Chennai,29.34,35.7,80,overcast clouds,2.24,2026-07-19 16:52:36,Hot
Mumbai,27.78,31.7,81,overcast clouds,7.82,2026-07-19 16:52:36,Warm
Delhi,34.14,38.03,48,overcast clouds,3.92,2026-07-19 16:52:36,Very Hot
Bengaluru,23.83,24.25,76,overcast clouds,5.48,2026-07-19 16:52:36,Comfortable
Hyderabad,23.2,23.85,87,overcast clouds,5.67,2026-07-19 16:52:36,Comfortable
Tirunelveli,28.27,30.23,63,overcast clouds,5.37,2026-07-19 16:52:36,Warm
Madurai,29.41,30.35,51,overcast clouds,4.34,2026-07-19 16:52:36,Warm
Theni,26.39,26.39,64,overcast clouds,3.4,2026-07-19 16:52:36,Comfortable
Chennai,29.51,35.95,79,overcast clouds,2.24,2026-07-19 17:54:29,Hot
Mumbai,27.77,31.82,82,overcast clouds,8.12,2026-07-19 17:54:29,Warm
Delhi,34.19,38.13,48,overcast clouds,3.59,2026-07-19 17:54:29,Very Hot
Bengaluru,23.0,23.39,78,overcast clouds,5.19,2026-07-19 17:54:29,Comfortable
Hyderabad,23.05,23.66,86,overcast clouds,5.87,2026-07-19 17:54:29,Comfortable
Tirunelveli,27.82,29.62,64,overcast clouds,5.09,2026-07-19 17:54:29,Warm
Madurai,28.92,29.56,50,overcast clouds,5.1,2026-07-19 17:54:29,Warm
Theni,25.89,26.23,65,overcast clouds,3.19,2026-07-19 17:54:29,Comfortable
Chennai,29.38,35.58,79,overcast clouds,1.79,2026-07-19 18:58:43,Hot
Mumbai,27.6,31.52,83,overcast clouds,8.11,2026-07-19 18:58:43,Warm
Delhi,33.35,37.95,53,overcast clouds,3.55,2026-07-19 18:58:43,Hot
Bengaluru,22.72,23.11,79,overcast clouds,5.4,2026-07-19 18:58:43,Comfortable
Hyderabad,23.18,23.88,89,overcast clouds,5.5,2026-07-19 18:58:43,Comfortable
Tirunelveli,27.62,29.4,65,overcast clouds,5.06,2026-07-19 18:58:43,Warm
Madurai,28.73,29.43,51,overcast clouds,4.78,2026-07-19 18:58:44,Warm
Theni,25.5,25.86,67,broken clouds,3.38,2026-07-19 18:58:44,Comfortable
Chennai,29.34,35.7,80,overcast clouds,0.45,2026-07-19 20:08:31,Hot
Mumbai,27.64,31.62,83,overcast clouds,7.97,2026-07-19 20:08:31,Warm
Delhi,33.57,38.11,52,overcast clouds,2.97,2026-07-19 20:08:31,Very Hot
Bengaluru,22.16,22.52,80,overcast clouds,5.58,2026-07-19 20:08:31,Comfortable
Hyderabad,23.15,23.84,89,overcast clouds,5.03,2026-07-19 20:08:31,Comfortable
Tirunelveli,27.43,29.1,65,overcast clouds,5.14,2026-07-19 20:08:32,Warm
Madurai,28.13,28.99,54,overcast clouds,4.3,2026-07-19 20:08:32,Warm
Theni,25.34,25.68,67,broken clouds,3.2,2026-07-19 20:08:32,Comfortable
Chennai,27.85,31.87,81,overcast clouds,0.89,2026-07-19 21:45:39,Warm
Mumbai,28.05,32.22,80,overcast clouds,8.18,2026-07-19 21:45:39,Hot
Delhi,32.54,37.09,56,overcast clouds,4.3,2026-07-19 21:45:39,Hot
Bengaluru,21.61,21.99,83,overcast clouds,5.21,2026-07-19 21:45:39,Comfortable
Hyderabad,23.3,23.98,88,overcast clouds,5.15,2026-07-19 21:45:40,Comfortable
Tirunelveli,26.95,28.38,65,overcast clouds,4.47,2026-07-19 21:45:40,Warm
Madurai,27.47,28.52,58,overcast clouds,3.64,2026-07-19 21:45:40,Warm
Theni,24.88,25.15,66,overcast clouds,2.64,2026-07-19 21:45:40,Comfortable
Chennai,27.29,30.85,84,overcast clouds,0.45,2026-07-19 22:45:38,Warm
Mumbai,27.7,31.64,82,overcast clouds,8.57,2026-07-19 22:45:38,Warm
Delhi,31.63,36.22,60,overcast clouds,4.78,2026-07-19 22:45:39,Hot
Bengaluru,21.61,22.02,84,overcast clouds,5.24,2026-07-19 22:45:39,Comfortable
Hyderabad,22.96,23.61,88,overcast clouds,5.99,2026-07-19 22:45:39,Comfortable
Tirunelveli,26.88,28.28,65,overcast clouds,4.18,2026-07-19 22:45:39,Warm
Madurai,27.59,28.5,56,overcast clouds,3.6,2026-07-19 22:45:39,Warm
Theni,24.65,24.92,67,overcast clouds,2.4,2026-07-19 22:45:39,Comfortable
Chennai,27.2,30.62,84,overcast clouds,5.08,2026-07-19 23:52:47,Warm
Mumbai,27.75,31.76,82,overcast clouds,8.27,2026-07-19 23:52:47,Warm
Delhi,31.16,35.45,61,overcast clouds,4.61,2026-07-19 23:52:47,Hot
Bengaluru,21.61,22.05,85,overcast clouds,5.12,2026-07-19 23:52:48,Comfortable
Hyderabad,22.51,23.17,90,overcast clouds,5.8,2026-07-19 23:52:48,Comfortable
Tirunelveli,26.88,28.21,64,overcast clouds,3.54,2026-07-19 23:52:48,Warm
Madurai,27.34,28.12,55,overcast clouds,3.23,2026-07-19 23:52:48,Warm
Theni,24.36,24.63,68,overcast clouds,2.32,2026-07-19 23:52:48,Comfortable
Chennai,29.74,36.35,78,light rain,0.89,2026-07-20 03:29:36,Hot
Mumbai,27.99,32.39,82,overcast clouds,7.61,2026-07-20 03:29:36,Hot
Delhi,31.13,35.91,63,overcast clouds,4.34,2026-07-20 03:29:36,Hot
Bengaluru,23.57,23.99,77,overcast clouds,6.94,2026-07-20 03:29:36,Comfortable
Hyderabad,23.8,24.43,84,overcast clouds,6.67,2026-07-20 03:29:36,Comfortable
Tirunelveli,29.76,30.85,51,overcast clouds,4.48,2026-07-20 03:29:36,Warm
Madurai,29.65,30.13,47,overcast clouds,3.91,2026-07-20 03:29:36,Warm
Theni,27.66,28.86,59,overcast clouds,3.92,2026-07-20 03:29:36,Warm
Chennai,32.8,39.01,60,overcast clouds,0.89,2026-07-20 06:12:32,Very Hot
Mumbai,28.2,32.44,79,overcast clouds,7.86,2026-07-20 06:12:32,Hot
Delhi,34.0,38.73,51,overcast clouds,3.48,2026-07-20 06:12:32,Very Hot
Bengaluru,27.71,29.55,65,overcast clouds,7.55,2026-07-20 06:12:32,Warm
Hyderabad,27.55,29.29,65,overcast clouds,7.5,2026-07-20 06:12:32,Warm
Tirunelveli,34.62,34.98,34,overcast clouds,4.76,2026-07-20 06:12:32,Hot
Madurai,32.98,33.34,38,overcast clouds,2.92,2026-07-20 06:12:32,Hot
Theni,33.03,34.05,41,overcast clouds,4.35,2026-07-20 06:12:32,Hot
Chennai,35.35,42.35,54,overcast clouds,0.89,2026-07-20 09:55:00,Very Hot
Mumbai,28.27,32.78,80,broken clouds,8.89,2026-07-20 09:55:00,Hot
Delhi,28.03,32.65,83,overcast clouds,5.76,2026-07-20 09:55:00,Hot
Bengaluru,28.37,30.14,61,overcast clouds,7.82,2026-07-20 09:55:01,Warm
Hyderabad,28.54,30.69,63,overcast clouds,7.06,2026-07-20 09:55:01,Warm
Tirunelveli,35.63,36.61,34,overcast clouds,7.01,2026-07-20 09:55:01,Hot
Madurai,36.29,36.61,30,overcast clouds,5.64,2026-07-20 09:55:01,Hot
Theni,31.51,32.86,47,overcast clouds,6.53,2026-07-20 09:55:01,Hot
Chennai,31.16,37.72,69,overcast clouds,1.34,2026-07-20 12:13:01,Hot
Mumbai,27.99,32.23,81,broken clouds,9.53,2026-07-20 12:13:01,Hot
Delhi,27.26,30.66,83,overcast clouds,4.17,2026-07-20 12:13:01,Warm
Bengaluru,28.26,30.48,65,overcast clouds,6.72,2026-07-20 12:13:01,Warm
Hyderabad,27.62,29.51,66,overcast clouds,6.62,2026-07-20 12:13:01,Warm
Tirunelveli,33.76,34.55,38,overcast clouds,7.06,2026-07-20 12:13:01,Hot
Madurai,33.68,34.42,38,light rain,7.09,2026-07-20 12:13:01,Hot
Theni,30.73,32.18,50,overcast clouds,4.92,2026-07-20 12:13:01,Hot
Chennai,30.13,36.66,75,overcast clouds,2.24,2026-07-20 15:07:02,Hot
Mumbai,28.08,32.46,81,overcast clouds,9.79,2026-07-20 15:07:02,Hot
Delhi,29.06,32.67,69,overcast clouds,1.32,2026-07-20 15:07:02,Hot
Bengaluru,23.58,23.93,74,overcast clouds,6.35,2026-07-20 15:07:02,Comfortable
Hyderabad,25.76,26.35,75,overcast clouds,5.77,2026-07-20 15:07:02,Comfortable
Tirunelveli,29.38,30.88,55,overcast clouds,5.32,2026-07-20 15:07:02,Warm
Madurai,30.37,31.44,49,overcast clouds,1.79,2026-07-20 15:07:02,Warm
Theni,26.94,28.52,67,overcast clouds,3.35,2026-07-20 15:07:02,Warm
Chennai,27.86,32.98,88,light rain,0.89,2026-07-20 17:55:29,Hot
Mumbai,28.07,32.43,81,overcast clouds,10.53,2026-07-20 17:55:29,Hot
Delhi,29.34,33.48,70,overcast clouds,2.52,2026-07-20 17:55:29,Hot
Bengaluru,23.27,23.66,77,overcast clouds,5.11,2026-07-20 17:55:29,Comfortable
Hyderabad,24.75,25.4,81,light rain,6.51,2026-07-20 17:55:29,Comfortable
Tirunelveli,28.06,29.89,63,overcast clouds,4.46,2026-07-20 17:55:29,Warm
Madurai,29.5,30.77,53,overcast clouds,3.42,2026-07-20 17:55:29,Warm
Theni,25.73,26.16,69,overcast clouds,2.55,2026-07-20 17:55:29,Comfortable
Chennai,27.66,31.67,83,overcast clouds,0.45,2026-07-20 19:38:44,Warm
Mumbai,28.05,32.22,80,broken clouds,10.62,2026-07-20 19:38:44,Hot
Delhi,29.44,33.71,70,overcast clouds,1.76,2026-07-20 19:38:45,Hot
Bengaluru,22.43,22.82,80,overcast clouds,5.21,2026-07-20 19:38:45,Comfortable
Hyderabad,24.41,25.07,83,overcast clouds,6.39,2026-07-20 19:38:45,Comfortable
Tirunelveli,27.34,28.96,65,overcast clouds,4.08,2026-07-20 19:38:45,Warm
Madurai,28.27,29.39,56,overcast clouds,3.32,2026-07-20 19:38:45,Warm
Theni,25.19,25.57,69,overcast clouds,2.38,2026-07-20 19:38:45,Comfortable
Chennai,27.59,31.49,83,overcast clouds,0.45,2026-07-20 21:06:24,Warm
Mumbai,27.97,32.02,80,broken clouds,10.4,2026-07-20 21:06:24,Hot
Delhi,29.32,33.44,70,moderate rain,2.32,2026-07-20 21:06:24,Hot
Bengaluru,21.88,22.26,82,overcast clouds,4.93,2026-07-20 21:06:24,Comfortable
Hyderabad,23.83,24.51,86,overcast clouds,6.75,2026-07-20 21:06:24,Comfortable
Tirunelveli,27.03,28.58,66,overcast clouds,3.62,2026-07-20 21:06:24,Warm
Madurai,27.85,28.93,57,overcast clouds,3.25,2026-07-20 21:06:24,Warm
Theni,24.82,25.19,70,overcast clouds,2.65,2026-07-20 21:06:25,Comfortable
Chennai,27.68,31.73,83,overcast clouds,3.85,2026-07-20 22:54:40,Warm
Mumbai,28.08,32.14,79,broken clouds,10.04,2026-07-20 22:54:40,Hot
Delhi,28.64,32.82,75,moderate rain,2.89,2026-07-20 22:54:40,Hot
Bengaluru,21.05,21.46,86,overcast clouds,5.15,2026-07-20 22:54:40,Comfortable
Hyderabad,23.79,24.47,86,overcast clouds,6.65,2026-07-20 22:54:40,Comfortable
Tirunelveli,26.33,26.33,69,overcast clouds,3.54,2026-07-20 22:54:40,Comfortable
Madurai,27.4,28.43,58,overcast clouds,3.2,2026-07-20 22:54:40,Warm
Theni,24.21,24.57,72,overcast clouds,2.11,2026-07-20 22:54:40,Comfortable
Chennai,27.69,32.04,85,overcast clouds,0.45,2026-07-20 23:53:16,Hot
Mumbai,28.08,32.14,79,broken clouds,9.99,2026-07-20 23:53:16,Hot
Delhi,28.3,32.35,77,overcast clouds,2.67,2026-07-20 23:53:16,Hot
Bengaluru,21.05,21.46,86,overcast clouds,5.24,2026-07-20 23:53:16,Comfortable
Hyderabad,23.63,24.27,85,light rain,6.74,2026-07-20 23:53:16,Comfortable
Tirunelveli,26.02,26.02,70,overcast clouds,3.27,2026-07-20 23:53:17,Comfortable
Madurai,27.11,28.07,58,overcast clouds,3.22,2026-07-20 23:53:17,Warm
Theni,24.06,24.43,73,overcast clouds,1.99,2026-07-20 23:53:17,Comfortable
Chennai,28.61,34.47,84,overcast clouds,0.89,2026-07-21 02:09:33,Hot
Mumbai,28.19,32.58,80,overcast clouds,9.87,2026-07-21 02:09:33,Hot
Delhi,28.2,32.28,78,overcast clouds,4.13,2026-07-21 02:09:33,Hot
Bengaluru,21.61,22.02,84,overcast clouds,5.91,2026-07-21 02:09:33,Comfortable
Hyderabad,23.75,24.35,83,overcast clouds,6.96,2026-07-21 02:09:33,Comfortable
Tirunelveli,27.4,28.78,62,overcast clouds,2.4,2026-07-21 02:09:33,Warm
Madurai,28.21,28.99,53,overcast clouds,3.09,2026-07-21 02:09:34,Warm
Theni,25.52,25.9,68,overcast clouds,2.33,2026-07-21 02:09:34,Comfortable
Chennai,33.19,40.19,61,overcast clouds,2.24,2026-07-21 05:45:07,Very Hot
Mumbai,28.62,33.51,79,overcast clouds,10.45,2026-07-21 05:45:07,Hot
Delhi,31.8,37.21,62,overcast clouds,4.41,2026-07-21 05:45:07,Hot
Bengaluru,27.08,28.91,69,overcast clouds,6.71,2026-07-21 05:45:07,Warm
Hyderabad,26.02,26.02,70,overcast clouds,7.07,2026-07-21 05:45:07,Comfortable
Tirunelveli,35.11,35.51,33,overcast clouds,4.31,2026-07-21 05:45:07,Hot
Madurai,33.51,33.73,36,overcast clouds,2.37,2026-07-21 05:45:07,Hot
Theni,33.06,33.66,39,broken clouds,2.77,2026-07-21 05:45:07,Hot
Chennai,34.9,41.9,56,overcast clouds,1.79,2026-07-21 08:18:12,Very Hot
Mumbai,28.58,33.41,79,overcast clouds,10.72,2026-07-21 08:18:12,Hot
Delhi,29.82,34.6,70,overcast clouds,4.64,2026-07-21 08:18:12,Hot
Bengaluru,28.28,29.87,60,overcast clouds,6.73,2026-07-21 08:18:13,Warm
Hyderabad,26.91,28.55,68,overcast clouds,7.68,2026-07-21 08:18:13,Warm
Tirunelveli,37.03,37.8,30,overcast clouds,6.66,2026-07-21 08:18:13,Hot
Madurai,35.31,35.83,33,overcast clouds,1.85,2026-07-21 08:18:13,Hot
Theni,33.77,34.8,39,broken clouds,4.58,2026-07-21 08:18:13,Hot
Chennai,30.52,36.07,69,overcast clouds,5.84,2026-07-21 11:02:53,Hot
Mumbai,28.37,33.04,80,overcast clouds,10.93,2026-07-21 11:02:53,Hot
Delhi,28.83,33.47,76,overcast clouds,3.29,2026-07-21 11:02:53,Hot
Bengaluru,28.58,30.21,59,overcast clouds,6.56,2026-07-21 11:02:53,Warm
Hyderabad,26.71,28.17,67,overcast clouds,6.26,2026-07-21 11:02:53,Warm
Tirunelveli,36.81,37.73,31,overcast clouds,7.8,2026-07-21 11:02:53,Hot
Madurai,37.26,37.6,28,overcast clouds,1.44,2026-07-21 11:02:53,Hot
Theni,33.26,35.68,46,overcast clouds,5.87,2026-07-21 11:02:53,Hot
Chennai,30.97,36.93,68,overcast clouds,1.34,2026-07-21 13:27:10,Hot
Mumbai,28.26,32.76,80,overcast clouds,10.87,2026-07-21 13:27:10,Hot
Delhi,30.67,35.9,67,overcast clouds,3.11,2026-07-21 13:27:10,Hot
Bengaluru,27.43,28.64,60,overcast clouds,4.77,2026-07-21 13:27:10,Warm
Hyderabad,25.02,25.56,76,overcast clouds,4.39,2026-07-21 13:27:10,Comfortable
Tirunelveli,33.46,34.76,41,overcast clouds,6.88,2026-07-21 13:27:10,Hot
Madurai,34.53,35.56,37,overcast clouds,2.6,2026-07-21 13:27:10,Hot
Theni,29.07,31.31,61,overcast clouds,5.29,2026-07-21 13:27:10,Warm
Chennai,29.83,36.83,80,overcast clouds,2.68,2026-07-21 15:39:28,Hot
Mumbai,28.17,32.53,80,overcast clouds,10.93,2026-07-21 15:39:28,Hot
Delhi,30.09,35.26,70,overcast clouds,3.83,2026-07-21 15:39:28,Hot
Bengaluru,24.48,24.84,71,overcast clouds,6.26,2026-07-21 15:39:28,Comfortable
Hyderabad,24.97,25.45,74,overcast clouds,6.79,2026-07-21 15:39:28,Comfortable
Tirunelveli,28.9,31.17,62,overcast clouds,4.55,2026-07-21 15:39:28,Warm
Madurai,30.55,32.45,53,overcast clouds,2.83,2026-07-21 15:39:28,Hot
Theni,27.51,29.54,68,overcast clouds,3.32,2026-07-21 15:39:28,Warm
Chennai,29.51,36.51,82,overcast clouds,3.13,2026-07-21 17:12:04,Hot
Mumbai,28.05,32.38,81,overcast clouds,10.85,2026-07-21 17:12:04,Hot
Delhi,29.55,34.63,73,overcast clouds,4.57,2026-07-21 17:12:04,Hot
Bengaluru,24.11,24.48,73,overcast clouds,5.05,2026-07-21 17:12:04,Comfortable
Hyderabad,24.44,24.9,75,overcast clouds,7.01,2026-07-21 17:12:04,Comfortable
Tirunelveli,28.34,30.48,64,overcast clouds,4.49,2026-07-21 17:12:04,Warm
Madurai,30.22,32.26,55,overcast clouds,2.29,2026-07-21 17:12:04,Hot
Theni,26.91,28.78,71,overcast clouds,2.67,2026-07-21 17:12:04,Warm
Chennai,29.33,35.68,80,overcast clouds,1.34,2026-07-21 19:12:37,Hot
Mumbai,28.04,32.68,83,overcast clouds,10.98,2026-07-21 19:12:37,Hot
Delhi,29.44,33.71,70,overcast clouds,3.62,2026-07-21 19:12:38,Hot
Bengaluru,22.72,23.08,78,overcast clouds,4.73,2026-07-21 19:12:38,Comfortable
Hyderabad,23.06,23.69,87,overcast clouds,6.91,2026-07-21 19:12:38,Comfortable
Tirunelveli,28.02,29.94,64,overcast clouds,3.71,2026-07-21 19:12:38,Warm
Madurai,29.79,32.07,58,overcast clouds,1.56,2026-07-21 19:12:38,Hot
Theni,26.07,26.07,71,overcast clouds,3.0,2026-07-21 19:12:38,Comfortable
Chennai,29.08,35.19,81,overcast clouds,0.45,2026-07-21 21:01:48,Hot
Mumbai,27.87,32.22,83,light rain,11.29,2026-07-21 21:01:48,Hot
Delhi,29.16,33.08,70,overcast clouds,3.62,2026-07-21 21:01:48,Hot
Bengaluru,21.88,22.24,81,overcast clouds,4.47,2026-07-21 21:01:48,Comfortable
Hyderabad,23.12,23.73,86,overcast clouds,6.75,2026-07-21 21:01:48,Comfortable
Tirunelveli,27.34,29.15,67,overcast clouds,3.67,2026-07-21 21:01:48,Warm
Madurai,28.92,30.75,59,overcast clouds,2.82,2026-07-21 21:01:48,Warm
Theni,25.58,26.02,70,overcast clouds,2.76,2026-07-21 21:01:48,Comfortable
Chennai,28.78,34.34,81,overcast clouds,0.89,2026-07-21 22:51:06,Hot
Mumbai,27.75,32.05,84,light rain,11.56,2026-07-21 22:51:06,Hot
Delhi,28.81,32.32,70,overcast clouds,3.76,2026-07-21 22:51:06,Hot
Bengaluru,21.32,21.7,84,overcast clouds,4.72,2026-07-21 22:51:06,Comfortable
Hyderabad,22.97,23.57,86,light rain,6.87,2026-07-21 22:51:06,Comfortable
Tirunelveli,26.85,28.53,69,overcast clouds,2.69,2026-07-21 22:51:06,Warm
Madurai,28.06,29.54,60,overcast clouds,3.12,2026-07-21 22:51:06,Warm
Theni,24.94,25.32,70,overcast clouds,2.52,2026-07-21 22:51:07,Comfortable
Chennai,28.69,34.09,81,heavy intensity rain,1.34,2026-07-21 23:52:33,Hot
Mumbai,27.82,32.24,84,overcast clouds,11.46,2026-07-21 23:52:33,Hot
Delhi,28.28,31.67,73,overcast clouds,4.11,2026-07-21 23:52:33,Warm
Bengaluru,21.05,21.46,86,overcast clouds,5.19,2026-07-21 23:52:33,Comfortable
Hyderabad,23.2,23.74,83,overcast clouds,7.18,2026-07-21 23:52:33,Comfortable
Tirunelveli,26.46,26.46,72,overcast clouds,2.26,2026-07-21 23:52:33,Comfortable
Madurai,27.69,29.1,61,overcast clouds,3.36,2026-07-21 23:52:33,Warm
Theni,24.55,24.94,72,overcast clouds,2.46,2026-07-21 23:52:33,Comfortable
Chennai,29.25,34.99,78,overcast clouds,0.45,2026-07-22 02:07:48,Hot
Mumbai,27.9,32.46,84,moderate rain,12.02,2026-07-22 02:07:48,Hot
Delhi,29.11,32.78,69,overcast clouds,5.1,2026-07-22 02:07:48,Hot
Bengaluru,21.32,21.75,86,overcast clouds,5.85,2026-07-22 02:07:48,Comfortable
Hyderabad,22.95,23.55,86,light rain,6.62,2026-07-22 02:07:48,Comfortable
Tirunelveli,27.79,29.68,65,overcast clouds,2.66,2026-07-22 02:07:48,Warm
Madurai,28.75,30.07,56,overcast clouds,3.12,2026-07-22 02:07:48,Warm
Theni,26.35,26.35,64,overcast clouds,2.93,2026-07-22 02:07:49,Comfortable
Chennai,34.21,40.7,55,overcast clouds,1.34,2026-07-22 05:44:19,Very Hot
Mumbai,27.83,32.12,83,overcast clouds,12.8,2026-07-22 05:44:19,Hot
Delhi,34.28,38.33,48,overcast clouds,5.73,2026-07-22 05:44:19,Very Hot
Bengaluru,26.84,28.59,70,overcast clouds,6.66,2026-07-22 05:44:20,Warm
Hyderabad,24.31,24.75,75,overcast clouds,7.57,2026-07-22 05:44:20,Comfortable
Tirunelveli,35.24,35.72,33,overcast clouds,2.85,2026-07-22 05:44:20,Hot
Madurai,34.04,34.32,35,overcast clouds,2.08,2026-07-22 05:44:20,Hot
Theni,34.05,34.78,37,overcast clouds,3.19,2026-07-22 05:44:20,Hot
Chennai,36.75,43.75,49,overcast clouds,1.34,2026-07-22 08:18:56,Very Hot
Mumbai,27.35,30.65,81,overcast clouds,11.99,2026-07-22 08:18:56,Warm
Delhi,34.61,38.35,46,overcast clouds,4.75,2026-07-22 08:18:56,Very Hot
Bengaluru,27.96,29.5,61,overcast clouds,6.99,2026-07-22 08:18:56,Warm
Hyderabad,24.86,25.28,72,overcast clouds,8.61,2026-07-22 08:18:56,Comfortable
Tirunelveli,38.39,39.44,28,overcast clouds,4.98,2026-07-22 08:18:56,Very Hot
Madurai,36.1,36.57,31,overcast clouds,1.66,2026-07-22 08:18:56,Hot
Theni,35.06,36.19,36,overcast clouds,4.8,2026-07-22 08:18:56,Hot
Chennai,31.7,38.7,68,overcast clouds,3.58,2026-07-22 11:03:56,Very Hot
Mumbai,26.81,29.58,83,overcast clouds,11.38,2026-07-22 11:03:56,Warm
Delhi,34.45,38.35,47,overcast clouds,5.81,2026-07-22 11:03:56,Very Hot
Bengaluru,27.69,29.85,68,overcast clouds,7.03,2026-07-22 11:03:56,Warm
Hyderabad,24.32,24.82,77,overcast clouds,6.47,2026-07-22 11:03:56,Comfortable
Tirunelveli,37.69,38.91,30,overcast clouds,5.95,2026-07-22 11:03:57,Very Hot
Madurai,38.19,38.48,26,overcast clouds,1.99,2026-07-22 11:03:57,Very Hot
Theni,32.58,34.69,47,overcast clouds,5.74,2026-07-22 11:03:57,Hot
Chennai,30.4,37.13,74,overcast clouds,2.24,2026-07-22 13:39:34,Hot
Mumbai,27.18,30.68,85,overcast clouds,13.19,2026-07-22 13:39:34,Warm
Delhi,33.11,37.11,52,overcast clouds,5.25,2026-07-22 13:39:34,Hot
Bengaluru,28.45,30.82,65,overcast clouds,6.09,2026-07-22 13:39:34,Warm
Hyderabad,23.14,23.73,85,light rain,7.47,2026-07-22 13:39:34,Comfortable
Tirunelveli,31.89,33.93,49,overcast clouds,6.72,2026-07-22 13:39:34,Hot
Madurai,32.14,33.91,47,overcast clouds,2.9,2026-07-22 13:39:34,Hot
Theni,28.56,30.87,64,overcast clouds,5.35,2026-07-22 13:39:34,Warm
Chennai,29.44,35.75,79,overcast clouds,0.45,2026-07-22 15:28:39,Hot
Mumbai,27.29,30.85,84,overcast clouds,13.65,2026-07-22 15:28:39,Warm
Delhi,32.77,36.69,53,overcast clouds,4.69,2026-07-22 15:28:39,Hot
Bengaluru,21.6,22.3,95,overcast clouds,6.18,2026-07-22 15:28:39,Comfortable
Hyderabad,22.83,23.47,88,overcast clouds,7.23,2026-07-22 15:28:39,Comfortable
Tirunelveli,30.56,32.86,55,overcast clouds,5.85,2026-07-22 15:28:40,Hot
Madurai,31.24,33.02,50,overcast clouds,1.3,2026-07-22 15:28:40,Hot
Theni,27.74,29.94,68,overcast clouds,4.39,2026-07-22 15:28:40,Warm
Chennai,29.96,36.96,78,light rain,0.89,2026-07-22 17:11:16,Hot
Mumbai,27.2,30.3,81,moderate rain,13.03,2026-07-22 17:11:16,Warm
Delhi,32.28,36.23,55,overcast clouds,4.4,2026-07-22 17:11:16,Hot
Bengaluru,22.43,22.82,80,overcast clouds,6.27,2026-07-22 17:11:16,Comfortable
Hyderabad,23.03,23.58,84,overcast clouds,7.65,2026-07-22 17:11:17,Comfortable
Tirunelveli,28.97,31.14,61,overcast clouds,4.84,2026-07-22 17:11:17,Warm
Madurai,30.13,32.29,56,overcast clouds,1.31,2026-07-22 17:11:17,Hot
Theni,26.94,28.68,69,overcast clouds,3.64,2026-07-22 17:11:17,Warm
Chennai,29.82,36.82,79,light rain,0.45,2026-07-22 19:06:18,Hot
Mumbai,27.58,31.33,82,moderate rain,13.66,2026-07-22 19:06:18,Warm
Delhi,31.0,34.36,58,scattered clouds,4.8,2026-07-22 19:06:18,Hot
Bengaluru,21.61,22.05,85,overcast clouds,5.62,2026-07-22 19:06:18,Comfortable
Hyderabad,22.84,23.4,85,overcast clouds,7.7,2026-07-22 19:06:18,Comfortable
Tirunelveli,28.29,30.4,64,overcast clouds,4.66,2026-07-22 19:06:18,Warm
Madurai,29.0,30.88,59,overcast clouds,1.61,2026-07-22 19:06:18,Warm
Theni,26.14,26.14,71,overcast clouds,2.73,2026-07-22 19:06:18,Comfortable
Chennai,29.7,36.5,79,light rain,0.89,2026-07-22 21:00:10,Hot
Mumbai,27.17,30.23,81,moderate rain,13.02,2026-07-22 21:00:10,Warm
Delhi,29.91,33.27,63,few clouds,4.75,2026-07-22 21:00:10,Hot
Bengaluru,21.05,21.46,86,overcast clouds,5.4,2026-07-22 21:00:10,Comfortable
Hyderabad,22.87,23.38,83,overcast clouds,7.24,2026-07-22 21:00:10,Comfortable
Tirunelveli,27.56,29.41,66,overcast clouds,4.08,2026-07-22 21:00:10,Warm
Madurai,28.81,30.57,59,overcast clouds,2.55,2026-07-22 21:00:11,Warm
Theni,25.63,26.13,72,overcast clouds,2.57,2026-07-22 21:00:11,Comfortable
Chennai,29.33,35.68,80,light rain,0.45,2026-07-22 22:11:52,Hot
Mumbai,26.97,29.77,81,heavy intensity rain,12.59,2026-07-22 22:11:52,Warm
Delhi,29.52,32.87,65,few clouds,4.47,2026-07-22 22:11:52,Hot
Bengaluru,21.05,21.48,87,overcast clouds,5.48,2026-07-22 22:11:52,Comfortable
Hyderabad,22.89,23.35,81,overcast clouds,7.22,2026-07-22 22:11:52,Comfortable
Tirunelveli,27.23,28.97,67,overcast clouds,3.83,2026-07-22 22:11:52,Warm
Madurai,28.47,30.17,60,overcast clouds,3.0,2026-07-22 22:11:52,Warm
Theni,25.17,25.65,73,overcast clouds,2.35,2026-07-22 22:11:52,Comfortable
Chennai,29.07,34.94,80,overcast clouds,1.34,2026-07-22 23:58:10,Hot
Mumbai,27.65,31.37,81,heavy intensity rain,11.42,2026-07-22 23:58:10,Warm
Delhi,28.96,32.1,67,few clouds,4.61,2026-07-22 23:58:11,Hot
Bengaluru,20.77,21.2,88,overcast clouds,5.28,2026-07-22 23:58:11,Comfortable
Hyderabad,22.4,22.94,86,overcast clouds,6.59,2026-07-22 23:58:11,Comfortable
Tirunelveli,26.61,26.61,69,overcast clouds,2.81,2026-07-22 23:58:11,Comfortable
Madurai,27.89,29.4,61,overcast clouds,2.35,2026-07-22 23:58:11,Warm
Theni,24.75,25.16,72,overcast clouds,1.97,2026-07-22 23:58:11,Comfortable
Chennai,30.27,37.05,75,overcast clouds,0.89,2026-07-23 02:57:59,Hot
Mumbai,27.76,31.37,79,moderate rain,11.43,2026-07-23 02:57:59,Warm
Delhi,30.75,34.32,60,few clouds,4.36,2026-07-23 02:57:59,Hot
Bengaluru,21.89,22.3,83,broken clouds,6.77,2026-07-23 02:57:59,Comfortable
Hyderabad,25.07,25.46,70,overcast clouds,8.63,2026-07-23 02:57:59,Comfortable
Tirunelveli,29.97,31.49,53,overcast clouds,3.09,2026-07-23 02:57:59,Warm
Madurai,29.88,31.03,51,overcast clouds,2.97,2026-07-23 02:57:59,Warm
Theni,28.17,29.36,57,overcast clouds,3.57,2026-07-23 02:57:59,Warm
Chennai,34.23,41.15,56,overcast clouds,2.24,2026-07-23 05:57:03,Very Hot
Mumbai,27.57,30.55,76,heavy intensity rain,11.81,2026-07-23 05:57:03,Warm
Delhi,33.4,37.74,52,moderate rain,5.71,2026-07-23 05:57:03,Hot
Bengaluru,27.29,29.07,67,broken clouds,6.85,2026-07-23 05:57:03,Warm
Hyderabad,29.09,29.9,51,broken clouds,9.99,2026-07-23 05:57:03,Warm
Tirunelveli,35.26,35.75,33,overcast clouds,2.94,2026-07-23 05:57:03,Hot
Madurai,34.25,34.64,35,overcast clouds,3.29,2026-07-23 05:57:03,Hot
Theni,31.76,32.29,42,overcast clouds,3.38,2026-07-23 05:57:03,Hot
Chennai,34.7,41.7,59,scattered clouds,1.34,2026-07-23 08:29:42,Very Hot
Mumbai,26.76,29.46,83,moderate rain,11.82,2026-07-23 08:29:42,Warm
Delhi,34.45,37.7,45,broken clouds,5.26,2026-07-23 08:29:42,Hot
Bengaluru,28.74,30.19,57,broken clouds,6.8,2026-07-23 08:29:42,Warm
Hyderabad,29.76,30.41,48,overcast clouds,10.61,2026-07-23 08:29:43,Warm
Tirunelveli,37.24,38.15,30,overcast clouds,5.45,2026-07-23 08:29:43,Very Hot
Madurai,36.55,37.3,31,broken clouds,2.52,2026-07-23 08:29:43,Hot
Theni,33.1,34.16,41,overcast clouds,5.49,2026-07-23 08:29:43,Hot
Chennai,32.23,39.23,66,broken clouds,4.92,2026-07-23 11:05:35,Very Hot
Mumbai,26.98,30.08,84,moderate rain,11.57,2026-07-23 11:05:36,Warm
Delhi,33.49,37.61,51,overcast clouds,5.05,2026-07-23 11:05:36,Hot
Bengaluru,28.98,29.88,52,broken clouds,6.64,2026-07-23 11:05:36,Warm
Hyderabad,28.99,29.53,49,overcast clouds,9.91,2026-07-23 11:05:36,Warm
Tirunelveli,36.6,37.67,32,overcast clouds,7.67,2026-07-23 11:05:36,Hot
Madurai,35.95,36.34,31,overcast clouds,5.13,2026-07-23 11:05:36,Hot
Theni,31.37,33.03,49,overcast clouds,5.23,2026-07-23 11:05:36,Hot
Chennai,30.02,36.89,77,overcast clouds,1.79,2026-07-23 13:45:05,Hot
Mumbai,27.32,31.17,86,overcast clouds,13.07,2026-07-23 13:45:05,Warm
Delhi,32.75,35.79,50,overcast clouds,5.66,2026-07-23 13:45:05,Hot
Bengaluru,28.08,29.46,59,overcast clouds,7.08,2026-07-23 13:45:05,Warm
Hyderabad,25.9,26.24,65,overcast clouds,7.85,2026-07-23 13:45:05,Comfortable
Tirunelveli,32.25,33.65,45,broken clouds,5.72,2026-07-23 13:45:05,Hot
Madurai,32.06,33.34,45,overcast clouds,0.97,2026-07-23 13:45:05,Hot
Theni,28.04,29.98,64,overcast clouds,5.59,2026-07-23 13:45:05,Warm
Chennai,30.37,37.37,76,overcast clouds,3.58,2026-07-23 15:51:40,Hot
Mumbai,27.88,32.1,82,moderate rain,13.01,2026-07-23 15:51:40,Hot
Delhi,32.33,35.77,53,overcast clouds,4.5,2026-07-23 15:51:40,Hot
Bengaluru,24.94,25.27,68,overcast clouds,7.02,2026-07-23 15:51:40,Comfortable
Hyderabad,25.45,25.8,67,overcast clouds,8.69,2026-07-23 15:51:40,Comfortable
Tirunelveli,29.48,31.36,57,broken clouds,5.24,2026-07-23 15:51:41,Warm
Madurai,30.17,31.47,51,overcast clouds,1.84,2026-07-23 15:51:41,Warm
Theni,26.68,28.26,69,overcast clouds,3.63,2026-07-23 15:51:41,Warm
Chennai,30.2,37.2,78,overcast clouds,0.89,2026-07-23 17:15:12,Hot
Mumbai,28.16,33.01,83,light rain,13.18,2026-07-23 17:15:12,Hot
Delhi,31.98,35.6,55,overcast clouds,4.33,2026-07-23 17:15:13,Hot
Bengaluru,23.83,24.23,75,overcast clouds,7.22,2026-07-23 17:15:13,Comfortable
Hyderabad,25.22,25.57,68,overcast clouds,8.74,2026-07-23 17:15:13,Comfortable
Tirunelveli,28.57,30.33,60,overcast clouds,5.12,2026-07-23 17:15:13,Warm
Madurai,29.46,30.86,54,overcast clouds,2.34,2026-07-23 17:15:13,Warm
Theni,26.23,26.23,69,overcast clouds,3.08,2026-07-23 17:15:13,Comfortable
Chennai,30.18,37.18,77,moderate rain,0.89,2026-07-23 19:06:55,Hot
Mumbai,28.19,33.09,83,moderate rain,12.84,2026-07-23 19:06:55,Hot
Delhi,30.83,34.25,59,broken clouds,4.97,2026-07-23 19:06:55,Hot
Bengaluru,21.31,21.72,85,overcast clouds,6.32,2026-07-23 19:06:55,Comfortable
Hyderabad,25.11,25.45,68,overcast clouds,8.05,2026-07-23 19:06:55,Comfortable
Tirunelveli,27.77,29.76,66,broken clouds,5.59,2026-07-23 19:06:55,Warm
Madurai,28.75,29.82,54,overcast clouds,4.29,2026-07-23 19:06:55,Warm
Theni,25.63,26.08,70,overcast clouds,3.44,2026-07-23 19:06:55,Comfortable
Chennai,29.82,36.82,79,moderate rain,1.79,2026-07-23 20:57:08,Hot
Mumbai,28.04,32.52,82,moderate rain,13.37,2026-07-23 20:57:08,Hot
Delhi,29.62,32.88,64,scattered clouds,5.11,2026-07-23 20:57:08,Hot
Bengaluru,21.61,21.99,83,overcast clouds,6.09,2026-07-23 20:57:08,Comfortable
Hyderabad,24.0,24.28,70,overcast clouds,8.33,2026-07-23 20:57:08,Comfortable
Tirunelveli,27.08,28.82,68,scattered clouds,5.47,2026-07-23 20:57:09,Warm
Madurai,27.74,28.88,58,broken clouds,4.94,2026-07-23 20:57:09,Warm
Theni,24.98,25.39,71,broken clouds,3.56,2026-07-23 20:57:09,Comfortable
Chennai,30.1,37.1,79,moderate rain,0.45,2026-07-23 22:03:25,Hot
Mumbai,28.13,32.76,82,light rain,12.75,2026-07-23 22:03:26,Hot
Delhi,29.16,32.33,66,scattered clouds,5.27,2026-07-23 22:03:26,Hot
Bengaluru,20.25,20.73,92,overcast clouds,5.6,2026-07-23 22:03:26,Comfortable
Hyderabad,23.78,24.04,70,overcast clouds,8.61,2026-07-23 22:03:26,Comfortable
Tirunelveli,26.93,28.66,69,scattered clouds,5.26,2026-07-23 22:03:26,Warm
Madurai,27.37,28.39,58,broken clouds,4.63,2026-07-23 22:03:26,Warm
Theni,24.54,24.93,72,broken clouds,3.38,2026-07-23 22:03:27,Comfortable
Chennai,29.26,35.24,79,light rain,0.89,2026-07-23 23:55:41,Hot
Mumbai,27.94,32.25,82,overcast clouds,13.01,2026-07-23 23:55:41,Hot
Delhi,28.62,31.75,69,scattered clouds,5.54,2026-07-23 23:55:41,Warm
Bengaluru,21.34,21.75,85,broken clouds,5.35,2026-07-23 23:55:41,Comfortable
Hyderabad,23.35,23.59,71,overcast clouds,9.02,2026-07-23 23:55:41,Comfortable
Tirunelveli,26.45,26.45,69,scattered clouds,4.12,2026-07-23 23:55:41,Comfortable
Madurai,26.71,27.79,61,overcast clouds,3.7,2026-07-23 23:55:41,Warm
Theni,24.15,24.5,72,broken clouds,2.88,2026-07-23 23:55:42,Comfortable
Chennai,29.69,36.47,79,overcast clouds,0.89,2026-07-24 02:21:05,Hot
Mumbai,28.19,32.58,80,moderate rain,12.61,2026-07-24 02:21:05,Hot
Delhi,28.96,32.46,69,broken clouds,5.5,2026-07-24 02:21:05,Hot
Bengaluru,21.61,22.02,84,broken clouds,6.08,2026-07-24 02:21:05,Comfortable
Hyderabad,23.66,23.96,72,overcast clouds,8.79,2026-07-24 02:21:05,Comfortable
Tirunelveli,28.09,29.7,61,broken clouds,4.16,2026-07-24 02:21:06,Warm
Madurai,28.37,29.41,55,scattered clouds,4.11,2026-07-24 02:21:06,Warm
Theni,26.1,26.1,64,scattered clouds,2.91,2026-07-24 02:21:06,Comfortable
Chennai,34.14,41.14,58,overcast clouds,0.89,2026-07-24 05:45:25,Very Hot
Mumbai,28.59,33.25,78,moderate rain,11.82,2026-07-24 05:45:25,Hot
Delhi,33.44,38.49,54,light rain,5.41,2026-07-24 05:45:25,Very Hot
Bengaluru,27.03,28.27,62,overcast clouds,5.71,2026-07-24 05:45:25,Warm
Hyderabad,28.09,29.14,56,overcast clouds,9.3,2026-07-24 05:45:25,Warm
Tirunelveli,36.42,36.56,29,scattered clouds,5.88,2026-07-24 05:45:25,Hot
Madurai,34.34,34.78,35,broken clouds,2.46,2026-07-24 05:45:26,Hot
Theni,34.54,35.09,35,broken clouds,4.65,2026-07-24 05:45:26,Hot
Chennai,36.42,43.42,51,overcast clouds,1.34,2026-07-24 08:16:52,Very Hot
Mumbai,28.56,33.36,79,light rain,11.62,2026-07-24 08:16:52,Hot
Delhi,34.57,39.67,50,light rain,5.35,2026-07-24 08:16:53,Very Hot
Bengaluru,28.75,30.2,57,overcast clouds,6.51,2026-07-24 08:16:53,Warm
Hyderabad,29.26,30.27,52,overcast clouds,10.39,2026-07-24 08:16:53,Warm
Tirunelveli,37.56,38.38,29,overcast clouds,8.02,2026-07-24 08:16:53,Very Hot
Madurai,37.06,37.02,27,overcast clouds,2.04,2026-07-24 08:16:53,Hot
Theni,35.4,36.49,35,overcast clouds,7.6,2026-07-24 08:16:53,Hot
Chennai,31.68,38.68,72,overcast clouds,2.68,2026-07-24 10:58:53,Very Hot
Mumbai,28.46,33.28,80,light rain,11.68,2026-07-24 10:58:53,Hot
Delhi,34.83,39.53,48,broken clouds,4.95,2026-07-24 10:58:53,Very Hot
Bengaluru,28.39,30.17,61,light rain,6.15,2026-07-24 10:58:53,Warm
Hyderabad,26.7,27.77,61,overcast clouds,8.84,2026-07-24 10:58:53,Warm
Tirunelveli,37.12,37.95,30,broken clouds,7.73,2026-07-24 10:58:53,Hot
Madurai,38.06,37.99,25,broken clouds,3.86,2026-07-24 10:58:53,Hot
Theni,33.31,34.51,41,overcast clouds,6.93,2026-07-24 10:58:54,Hot
Chennai,31.11,38.11,71,overcast clouds,0.89,2026-07-24 12:22:47,Very Hot
Mumbai,28.05,32.38,81,moderate rain,11.77,2026-07-24 12:22:47,Hot
Delhi,34.16,38.75,50,overcast clouds,4.26,2026-07-24 12:22:47,Very Hot
Bengaluru,28.33,30.2,62,overcast clouds,6.31,2026-07-24 12:22:47,Warm
Hyderabad,26.79,27.82,60,overcast clouds,7.57,2026-07-24 12:22:47,Warm
Tirunelveli,35.88,36.48,32,overcast clouds,8.27,2026-07-24 12:22:48,Hot
Madurai,36.89,37.02,28,broken clouds,5.84,2026-07-24 12:22:48,Hot
Theni,32.3,33.74,45,broken clouds,6.3,2026-07-24 12:22:48,Hot
Chennai,30.38,37.38,76,overcast clouds,3.58,2026-07-24 14:50:08,Hot
Mumbai,27.98,32.36,82,moderate rain,12.12,2026-07-24 14:50:08,Hot
Delhi,33.22,37.66,53,overcast clouds,4.16,2026-07-24 14:50:08,Hot
Bengaluru,23.69,24.07,75,overcast clouds,5.89,2026-07-24 14:50:08,Comfortable
Hyderabad,26.57,26.57,62,overcast clouds,6.81,2026-07-24 14:50:08,Comfortable
Tirunelveli,31.32,32.18,45,broken clouds,4.56,2026-07-24 14:50:08,Hot
Madurai,30.32,31.88,52,broken clouds,3.77,2026-07-24 14:50:08,Warm
Theni,27.82,29.62,64,broken clouds,4.85,2026-07-24 14:50:08,Warm
Chennai,30.37,37.05,74,overcast clouds,1.79,2026-07-24 16:33:24,Hot
Mumbai,28.1,33.01,84,light rain,10.53,2026-07-24 16:33:25,Hot
Delhi,32.92,37.32,54,overcast clouds,4.15,2026-07-24 16:33:25,Hot
Bengaluru,24.1,24.45,72,overcast clouds,5.41,2026-07-24 16:33:25,Comfortable
Hyderabad,26.67,27.74,61,overcast clouds,7.39,2026-07-24 16:33:25,Warm
Tirunelveli,29.18,30.58,55,broken clouds,4.74,2026-07-24 16:33:25,Warm
Madurai,29.91,31.4,53,broken clouds,1.84,2026-07-24 16:33:25,Warm
Theni,26.85,28.31,66,broken clouds,2.83,2026-07-24 16:33:25,Warm
Chennai,30.18,36.8,75,overcast clouds,0.89,2026-07-24 18:14:36,Hot
Mumbai,28.14,32.95,83,moderate rain,10.98,2026-07-24 18:14:36,Hot
Delhi,32.22,36.39,56,overcast clouds,4.42,2026-07-24 18:14:36,Hot
Bengaluru,21.86,22.22,81,overcast clouds,4.96,2026-07-24 18:14:36,Comfortable
Hyderabad,25.97,25.97,65,overcast clouds,6.99,2026-07-24 18:14:36,Comfortable
Tirunelveli,28.65,30.45,60,broken clouds,5.0,2026-07-24 18:14:36,Warm
Madurai,29.28,31.03,57,overcast clouds,0.66,2026-07-24 18:14:36,Warm
Theni,26.73,28.34,69,overcast clouds,3.26,2026-07-24 18:14:36,Warm
Chennai,27.71,32.24,86,light rain,0.89,2026-07-24 20:16:21,Hot
Mumbai,27.87,32.38,84,light rain,10.8,2026-07-24 20:16:21,Hot
Delhi,31.34,35.32,59,light rain,4.36,2026-07-24 20:16:22,Hot
Bengaluru,22.16,22.47,78,broken clouds,4.65,2026-07-24 20:16:22,Comfortable
Hyderabad,24.37,24.66,69,scattered clouds,7.49,2026-07-24 20:16:22,Comfortable
Tirunelveli,28.35,29.98,60,broken clouds,4.39,2026-07-24 20:16:22,Warm
Madurai,29.07,30.7,57,broken clouds,2.82,2026-07-24 20:16:22,Warm
Theni,25.99,25.99,71,broken clouds,2.9,2026-07-24 20:16:22,Comfortable
Chennai,28.16,33.01,83,overcast clouds,0.89,2026-07-24 22:00:47,Hot
Mumbai,27.78,31.99,83,moderate rain,11.11,2026-07-24 22:00:47,Warm
Delhi,31.1,34.81,59,overcast clouds,3.55,2026-07-24 22:00:48,Hot
Bengaluru,21.32,21.67,83,broken clouds,5.18,2026-07-24 22:00:48,Comfortable
Hyderabad,23.4,23.73,74,broken clouds,7.71,2026-07-24 22:00:48,Comfortable
Tirunelveli,27.89,29.51,62,broken clouds,3.26,2026-07-24 22:00:48,Warm
Madurai,28.39,29.79,58,overcast clouds,3.43,2026-07-24 22:00:48,Warm
Theni,25.19,25.64,72,broken clouds,2.61,2026-07-24 22:00:49,Comfortable
Chennai,28.32,33.45,83,light rain,0.45,2026-07-24 23:58:44,Hot
Mumbai,27.68,31.45,81,moderate rain,10.03,2026-07-24 23:58:44,Warm
Delhi,31.04,34.68,59,broken clouds,3.52,2026-07-24 23:58:44,Hot
Bengaluru,20.77,21.15,86,scattered clouds,5.38,2026-07-24 23:58:44,Comfortable
Hyderabad,22.72,23.08,78,broken clouds,6.83,2026-07-24 23:58:44,Comfortable
Tirunelveli,27.19,28.74,65,broken clouds,3.02,2026-07-24 23:58:45,Warm
Madurai,27.83,29.1,59,broken clouds,3.24,2026-07-24 23:58:45,Warm
Theni,24.74,25.18,73,broken clouds,2.61,2026-07-24 23:58:45,Comfortable
Chennai,31.17,38.17,72,overcast clouds,1.79,2026-07-25 02:57:15,Very Hot
Mumbai,28.14,32.78,82,light rain,10.02,2026-07-25 02:57:15,Hot
Delhi,32.02,35.96,56,light rain,3.78,2026-07-25 02:57:15,Hot
Bengaluru,22.72,23.08,78,broken clouds,6.96,2026-07-25 02:57:15,Comfortable
Hyderabad,25.44,25.84,69,broken clouds,7.85,2026-07-25 02:57:15,Comfortable
Tirunelveli,30.52,32.02,51,overcast clouds,3.34,2026-07-25 02:57:15,Hot
Madurai,30.11,31.54,52,overcast clouds,2.74,2026-07-25 02:57:15,Warm
Theni,28.42,29.96,59,overcast clouds,3.56,2026-07-25 02:57:15,Warm
Chennai,34.21,41.21,57,overcast clouds,1.34,2026-07-25 05:43:18,Very Hot
Mumbai,28.2,32.77,81,moderate rain,10.13,2026-07-25 05:43:18,Hot
Delhi,35.53,39.6,44,broken clouds,4.07,2026-07-25 05:43:18,Very Hot
Bengaluru,26.19,26.19,67,broken clouds,7.03,2026-07-25 05:43:18,Comfortable
Hyderabad,29.8,31.22,53,broken clouds,8.2,2026-07-25 05:43:18,Warm
Tirunelveli,36.04,37.6,35,overcast clouds,4.17,2026-07-25 05:43:18,Hot
Madurai,34.09,35.33,39,overcast clouds,2.86,2026-07-25 05:43:18,Hot
Theni,33.58,34.72,40,overcast clouds,4.23,2026-07-25 05:43:18,Hot
Chennai,35.42,42.11,51,overcast clouds,1.79,2026-07-25 07:59:14,Very Hot
Mumbai,28.67,33.84,80,moderate rain,10.21,2026-07-25 07:59:14,Hot
Delhi,34.79,38.73,46,light rain,4.78,2026-07-25 07:59:14,Very Hot
Bengaluru,28.32,29.57,57,broken clouds,7.59,2026-07-25 07:59:14,Warm
Hyderabad,30.66,32.25,51,overcast clouds,7.84,2026-07-25 07:59:14,Hot
Tirunelveli,38.27,39.57,29,broken clouds,6.96,2026-07-25 07:59:15,Very Hot
Madurai,36.92,37.91,31,overcast clouds,2.81,2026-07-25 07:59:15,Hot
Theni,35.24,36.23,35,overcast clouds,6.71,2026-07-25 07:59:15,Hot
Chennai,36.69,43.69,48,overcast clouds,0.89,2026-07-25 09:54:31,Very Hot
Mumbai,28.29,33.19,82,moderate rain,9.62,2026-07-25 09:54:31,Hot
Delhi,34.86,38.88,46,overcast clouds,4.02,2026-07-25 09:54:32,Very Hot
Bengaluru,29.3,30.76,55,broken clouds,7.54,2026-07-25 09:54:32,Warm
Hyderabad,30.86,32.39,50,overcast clouds,8.01,2026-07-25 09:54:32,Hot
Tirunelveli,37.89,38.93,29,overcast clouds,7.23,2026-07-25 09:54:32,Very Hot
Madurai,38.15,38.42,26,overcast clouds,4.26,2026-07-25 09:54:32,Very Hot
Theni,34.26,35.62,39,overcast clouds,6.44,2026-07-25 09:54:32,Hot
Chennai,32.83,39.83,66,overcast clouds,1.79,2026-07-25 11:05:37,Very Hot
Mumbai,28.44,33.41,81,moderate rain,10.06,2026-07-25 11:05:37,Hot
Delhi,34.99,38.81,45,overcast clouds,3.48,2026-07-25 11:05:37,Very Hot
Bengaluru,29.05,30.81,58,broken clouds,7.0,2026-07-25 11:05:37,Warm
Hyderabad,30.02,31.57,53,overcast clouds,7.93,2026-07-25 11:05:37,Warm
Tirunelveli,36.64,38.04,33,overcast clouds,7.83,2026-07-25 11:05:37,Very Hot
Madurai,37.47,37.65,27,overcast clouds,4.02,2026-07-25 11:05:37,Hot
Theni,33.65,35.08,41,light rain,6.94,2026-07-25 11:05:37,Hot
Chennai,30.13,36.66,75,overcast clouds,0.89,2026-07-25 13:13:40,Hot
Mumbai,28.38,33.25,81,moderate rain,9.41,2026-07-25 13:13:40,Hot
Delhi,34.6,38.33,46,overcast clouds,2.97,2026-07-25 13:13:40,Very Hot
Bengaluru,27.79,29.57,64,overcast clouds,7.1,2026-07-25 13:13:41,Warm
Hyderabad,28.99,30.57,57,overcast clouds,6.14,2026-07-25 13:13:41,Warm
Tirunelveli,34.01,35.19,39,overcast clouds,6.98,2026-07-25 13:13:41,Hot
Madurai,32.67,34.61,46,overcast clouds,4.04,2026-07-25 13:13:41,Hot
Theni,29.12,30.93,58,light rain,6.03,2026-07-25 13:13:41,Warm
Chennai,30.57,37.57,75,light rain,1.79,2026-07-25 14:58:11,Hot
Mumbai,28.24,32.71,80,moderate rain,9.19,2026-07-25 14:58:11,Hot
Delhi,34.08,37.9,48,overcast clouds,2.9,2026-07-25 14:58:11,Hot
Bengaluru,24.38,24.83,75,overcast clouds,7.34,2026-07-25 14:58:11,Comfortable
Hyderabad,28.33,29.83,59,overcast clouds,5.08,2026-07-25 14:58:11,Warm
Tirunelveli,30.76,32.41,51,overcast clouds,5.8,2026-07-25 14:58:11,Hot
Madurai,30.84,32.74,52,overcast clouds,2.21,2026-07-25 14:58:11,Hot
Theni,27.08,28.82,68,light rain,4.91,2026-07-25 14:58:11,Warm
Chennai,30.41,37.41,78,light rain,1.34,2026-07-25 16:06:04,Hot
Mumbai,28.05,32.38,81,light rain,9.09,2026-07-25 16:06:04,Hot
Delhi,33.85,37.74,49,overcast clouds,2.79,2026-07-25 16:06:04,Hot
Bengaluru,24.38,24.86,76,overcast clouds,7.1,2026-07-25 16:06:04,Comfortable
Hyderabad,27.52,29.05,63,light rain,4.92,2026-07-25 16:06:04,Warm
Tirunelveli,29.49,31.71,59,overcast clouds,5.39,2026-07-25 16:06:05,Warm
Madurai,30.28,32.18,54,overcast clouds,3.02,2026-07-25 16:06:05,Hot
Theni,26.61,26.61,67,broken clouds,4.25,2026-07-25 16:06:05,Comfortable
Chennai,29.89,36.89,80,light rain,1.34,2026-07-25 17:54:41,Hot
Mumbai,27.85,31.87,81,moderate rain,9.17,2026-07-25 17:54:41,Warm
Delhi,33.15,37.2,52,overcast clouds,3.28,2026-07-25 17:54:41,Hot
Bengaluru,23.56,23.98,77,overcast clouds,6.73,2026-07-25 17:54:41,Comfortable
Hyderabad,26.05,26.05,71,light rain,5.71,2026-07-25 17:54:41,Comfortable
Tirunelveli,28.45,30.4,62,broken clouds,5.21,2026-07-25 17:54:41,Warm
Madurai,30.07,31.48,52,broken clouds,1.42,2026-07-25 17:54:41,Warm
Theni,26.01,26.01,67,light rain,3.08,2026-07-25 17:54:41,Comfortable
Chennai,30.06,37.06,78,overcast clouds,4.02,2026-07-25 18:59:59,Hot
Mumbai,27.89,32.28,83,moderate rain,8.84,2026-07-25 18:59:59,Hot
Delhi,32.68,37.1,55,overcast clouds,3.48,2026-07-25 18:59:59,Hot
Bengaluru,22.72,23.08,78,overcast clouds,6.39,2026-07-25 18:59:59,Comfortable
Hyderabad,26.76,28.32,68,light rain,6.63,2026-07-25 18:59:59,Warm
Tirunelveli,28.27,30.23,63,broken clouds,4.62,2026-07-25 18:59:59,Warm
Madurai,29.6,31.23,55,overcast clouds,2.27,2026-07-25 18:59:59,Warm
Theni,25.79,26.2,68,broken clouds,2.82,2026-07-25 18:59:59,Comfortable
Chennai,29.89,36.89,79,overcast clouds,3.13,2026-07-25 20:13:27,Hot
Mumbai,27.72,31.97,84,moderate rain,8.94,2026-07-25 20:13:27,Warm
Delhi,32.64,37.32,56,light rain,3.72,2026-07-25 20:13:27,Hot
Bengaluru,22.45,22.84,80,overcast clouds,6.31,2026-07-25 20:13:27,Comfortable
Hyderabad,25.81,26.3,71,overcast clouds,7.13,2026-07-25 20:13:27,Comfortable
Tirunelveli,27.91,29.65,63,scattered clouds,4.51,2026-07-25 20:13:27,Warm
Madurai,29.07,30.27,54,overcast clouds,3.01,2026-07-25 20:13:28,Warm
Theni,25.48,25.89,69,broken clouds,2.41,2026-07-25 20:13:28,Comfortable
Chennai,29.89,36.79,78,overcast clouds,0.89,2026-07-25 21:50:15,Hot
Mumbai,27.93,32.54,84,moderate rain,9.51,2026-07-25 21:50:15,Hot
Delhi,32.01,36.22,57,overcast clouds,3.77,2026-07-25 21:50:15,Hot
Bengaluru,22.16,22.6,83,overcast clouds,6.25,2026-07-25 21:50:15,Comfortable
Hyderabad,24.39,24.92,78,overcast clouds,7.0,2026-07-25 21:50:15,Comfortable
Tirunelveli,27.19,28.82,66,broken clouds,4.23,2026-07-25 21:50:16,Warm
Madurai,28.07,28.91,54,overcast clouds,3.82,2026-07-25 21:50:16,Warm
Theni,24.73,25.11,71,broken clouds,2.61,2026-07-25 21:50:16,Comfortable
Chennai,29.89,36.79,78,overcast clouds,2.24,2026-07-25 22:49:59,Hot
Mumbai,27.96,32.46,83,moderate rain,9.49,2026-07-25 22:49:59,Hot
Delhi,31.79,35.74,57,overcast clouds,3.28,2026-07-25 22:49:59,Hot
Bengaluru,21.89,22.33,84,overcast clouds,6.28,2026-07-25 22:49:59,Comfortable
Hyderabad,24.06,24.61,80,overcast clouds,6.87,2026-07-25 22:49:59,Comfortable
Tirunelveli,26.95,28.46,66,broken clouds,4.01,2026-07-25 22:49:59,Warm
Madurai,27.73,28.58,55,overcast clouds,3.45,2026-07-25 22:49:59,Warm
Theni,24.57,24.91,70,broken clouds,2.33,2026-07-25 22:49:59,Comfortable
Chennai,29.63,36.04,78,overcast clouds,0.89,2026-07-25 23:55:47,Hot
Mumbai,28.09,32.81,83,light rain,9.14,2026-07-25 23:55:47,Hot
Delhi,31.53,35.73,59,overcast clouds,3.19,2026-07-25 23:55:47,Hot
Bengaluru,21.61,22.05,85,overcast clouds,6.09,2026-07-25 23:55:47,Comfortable
Hyderabad,23.75,24.3,81,overcast clouds,6.88,2026-07-25 23:55:47,Comfortable
Tirunelveli,26.8,28.24,66,scattered clouds,3.5,2026-07-25 23:55:47,Warm
Madurai,27.44,28.23,55,overcast clouds,3.12,2026-07-25 23:55:47,Warm
Theni,24.52,24.83,69,broken clouds,2.38,2026-07-25 23:55:47,Comfortable
Chennai,30.94,37.44,70,light rain,1.34,2026-07-26 02:26:52,Hot
Mumbai,27.89,32.28,83,moderate rain,9.98,2026-07-26 02:26:52,Hot
Delhi,31.03,35.68,63,overcast clouds,3.43,2026-07-26 02:26:52,Hot
Bengaluru,22.45,22.92,83,overcast clouds,7.08,2026-07-26 02:26:52,Comfortable
Hyderabad,24.84,25.42,78,overcast clouds,7.89,2026-07-26 02:26:52,Comfortable
Tirunelveli,28.61,29.99,57,few clouds,4.89,2026-07-26 02:26:52,Warm
Madurai,28.93,29.69,51,overcast clouds,3.45,2026-07-26 02:26:52,Warm
Theni,26.46,26.46,61,overcast clouds,3.72,2026-07-26 02:26:52,Comfortable
Chennai,34.14,41.14,58,overcast clouds,2.24,2026-07-26 05:55:40,Very Hot
Mumbai,28.21,32.97,82,moderate rain,8.19,2026-07-26 05:55:40,Hot
Delhi,35.92,40.83,45,overcast clouds,2.34,2026-07-26 05:55:41,Very Hot
Bengaluru,26.31,26.31,71,overcast clouds,8.03,2026-07-26 05:55:41,Comfortable
Hyderabad,30.84,32.17,49,broken clouds,8.16,2026-07-26 05:55:41,Hot
Tirunelveli,36.06,36.51,31,scattered clouds,6.49,2026-07-26 05:55:41,Hot
Madurai,35.17,35.37,32,broken clouds,3.79,2026-07-26 05:55:41,Hot
Theni,34.28,34.68,35,overcast clouds,5.09,2026-07-26 05:55:41,Hot
Chennai,36.52,43.52,51,overcast clouds,1.79,2026-07-26 08:20:49,Very Hot
Mumbai,28.97,34.44,79,moderate rain,8.45,2026-07-26 08:20:49,Hot
Delhi,37.13,41.49,40,overcast clouds,2.34,2026-07-26 08:20:49,Very Hot
Bengaluru,30.76,31.35,45,overcast clouds,8.26,2026-07-26 08:20:49,Warm
Hyderabad,30.48,31.78,50,overcast clouds,7.93,2026-07-26 08:20:49,Warm
Tirunelveli,37.25,38.17,30,overcast clouds,6.51,2026-07-26 08:20:49,Very Hot
Madurai,37.58,37.82,27,overcast clouds,4.78,2026-07-26 08:20:49,Hot
Theni,35.09,36.24,36,overcast clouds,6.85,2026-07-26 08:20:49,Hot
Chennai,34.97,41.97,56,overcast clouds,0.89,2026-07-26 10:40:43,Very Hot
Mumbai,28.85,34.33,80,light rain,8.32,2026-07-26 10:40:43,Hot
Delhi,37.16,40.76,38,overcast clouds,1.06,2026-07-26 10:40:43,Very Hot
Bengaluru,28.09,30.06,64,overcast clouds,7.91,2026-07-26 10:40:43,Warm
Hyderabad,31.03,32.47,49,overcast clouds,7.66,2026-07-26 10:40:43,Hot
Tirunelveli,35.92,36.82,33,overcast clouds,8.02,2026-07-26 10:40:43,Hot
Madurai,35.69,36.44,33,overcast clouds,7.31,2026-07-26 10:40:43,Hot
Theni,32.81,34.14,43,overcast clouds,6.32,2026-07-26 10:40:43,Hot
Chennai,32.97,39.97,64,overcast clouds,2.24,2026-07-26 11:58:40,Very Hot
Mumbai,28.76,33.88,79,light rain,7.99,2026-07-26 11:58:40,Hot
Delhi,36.57,40.31,40,overcast clouds,2.13,2026-07-26 11:58:40,Very Hot
Bengaluru,28.0,29.79,63,light rain,8.26,2026-07-26 11:58:40,Warm
Hyderabad,29.7,31.23,54,overcast clouds,6.55,2026-07-26 11:58:40,Warm
Tirunelveli,34.56,35.12,35,overcast clouds,7.84,2026-07-26 11:58:40,Hot
Madurai,34.44,35.17,36,overcast clouds,7.87,2026-07-26 11:58:40,Hot
Theni,31.16,32.11,46,overcast clouds,6.38,2026-07-26 11:58:40,Hot
Chennai,31.33,38.33,72,overcast clouds,2.68,2026-07-26 13:37:35,Very Hot
Mumbai,28.01,32.76,84,moderate rain,7.29,2026-07-26 13:37:35,Hot
Delhi,35.41,39.34,44,overcast clouds,2.11,2026-07-26 13:37:35,Very Hot
Bengaluru,26.61,26.61,64,overcast clouds,7.09,2026-07-26 13:37:35,Comfortable
Hyderabad,28.59,30.09,58,light rain,4.66,2026-07-26 13:37:35,Warm
Tirunelveli,31.68,31.99,41,overcast clouds,7.13,2026-07-26 13:37:35,Warm
Madurai,31.93,31.84,38,overcast clouds,7.63,2026-07-26 13:37:35,Warm
Theni,28.22,29.43,57,overcast clouds,5.21,2026-07-26 13:37:35,Warm
Chennai,31.2,38.2,74,overcast clouds,0.89,2026-07-26 15:00:07,Very Hot
Mumbai,27.74,32.03,84,moderate rain,7.6,2026-07-26 15:00:07,Hot
Delhi,35.3,38.77,43,overcast clouds,2.23,2026-07-26 15:00:07,Very Hot
Bengaluru,25.21,25.64,71,overcast clouds,7.29,2026-07-26 15:00:07,Comfortable
Hyderabad,28.38,29.9,59,overcast clouds,5.9,2026-07-26 15:00:08,Warm
Tirunelveli,30.06,30.98,49,overcast clouds,6.61,2026-07-26 15:00:08,Warm
Madurai,30.77,30.9,42,overcast clouds,6.64,2026-07-26 15:00:08,Warm
Theni,27.32,28.58,61,overcast clouds,4.72,2026-07-26 15:00:08,Warm
Chennai,31.09,38.09,74,overcast clouds,2.24,2026-07-26 16:09:33,Very Hot
Mumbai,27.92,32.36,83,moderate rain,7.61,2026-07-26 16:09:33,Hot
Delhi,35.3,38.43,42,overcast clouds,2.22,2026-07-26 16:09:33,Very Hot
Bengaluru,24.1,24.5,74,overcast clouds,7.36,2026-07-26 16:09:33,Comfortable
Hyderabad,27.9,29.41,61,overcast clouds,5.36,2026-07-26 16:09:34,Warm
Tirunelveli,28.78,30.25,57,overcast clouds,6.65,2026-07-26 16:09:34,Warm
Madurai,30.18,30.55,45,overcast clouds,5.3,2026-07-26 16:09:34,Warm
Theni,26.85,28.17,64,overcast clouds,4.31,2026-07-26 16:09:34,Warm
Chennai,31.0,38.0,72,overcast clouds,0.89,2026-07-26 17:58:03,Very Hot
Mumbai,27.87,32.38,84,moderate rain,6.48,2026-07-26 17:58:03,Hot
Delhi,34.46,38.04,46,broken clouds,2.04,2026-07-26 17:58:03,Very Hot
Bengaluru,22.99,23.38,78,overcast clouds,7.06,2026-07-26 17:58:03,Comfortable
Hyderabad,25.78,26.4,76,light rain,6.31,2026-07-26 17:58:03,Comfortable
Tirunelveli,27.78,29.55,64,overcast clouds,6.38,2026-07-26 17:58:04,Warm
Madurai,28.92,29.93,53,overcast clouds,4.78,2026-07-26 17:58:04,Warm
Theni,26.3,26.3,68,overcast clouds,4.0,2026-07-26 17:58:04,Comfortable
Chennai,30.74,37.2,71,overcast clouds,2.68,2026-07-26 19:14:39,Hot
Mumbai,28.01,32.6,83,moderate rain,7.43,2026-07-26 19:14:39,Hot
Delhi,34.2,37.51,46,broken clouds,2.03,2026-07-26 19:14:39,Hot
Bengaluru,22.43,22.82,80,overcast clouds,7.05,2026-07-26 19:14:39,Comfortable
Hyderabad,25.85,26.42,74,light rain,6.79,2026-07-26 19:14:39,Comfortable
Tirunelveli,27.4,29.15,66,overcast clouds,6.23,2026-07-26 19:14:39,Warm
Madurai,28.42,29.48,55,overcast clouds,4.98,2026-07-26 19:14:39,Warm
Theni,25.87,26.31,69,overcast clouds,3.61,2026-07-26 19:14:39,Comfortable
Chennai,30.36,36.2,71,overcast clouds,0.89,2026-07-26 20:52:28,Hot
Mumbai,28.16,32.67,81,moderate rain,7.68,2026-07-26 20:52:28,Hot
Delhi,33.73,37.18,48,broken clouds,1.79,2026-07-26 20:52:28,Hot
Bengaluru,21.88,22.32,84,overcast clouds,7.12,2026-07-26 20:52:28,Comfortable
Hyderabad,25.15,25.76,78,overcast clouds,7.42,2026-07-26 20:52:28,Comfortable
Tirunelveli,27.01,28.71,68,overcast clouds,5.43,2026-07-26 20:52:28,Warm
Madurai,27.8,28.96,58,overcast clouds,4.42,2026-07-26 20:52:28,Warm
Theni,25.44,25.92,72,overcast clouds,3.5,2026-07-26 20:52:28,Comfortable
Chennai,30.26,35.68,70,overcast clouds,0.89,2026-07-26 21:54:26,Hot
Mumbai,28.06,32.25,80,light rain,7.53,2026-07-26 21:54:26,Hot
Delhi,33.57,37.16,49,broken clouds,1.6,2026-07-26 21:54:27,Hot
Bengaluru,21.88,22.32,84,overcast clouds,7.07,2026-07-26 21:54:27,Comfortable
Hyderabad,24.54,25.14,80,overcast clouds,7.63,2026-07-26 21:54:27,Comfortable
Tirunelveli,26.83,28.42,68,overcast clouds,5.51,2026-07-26 21:54:27,Warm
Madurai,27.57,28.74,59,overcast clouds,3.97,2026-07-26 21:54:27,Warm
Theni,25.41,25.89,72,overcast clouds,3.72,2026-07-26 21:54:27,Comfortable
Chennai,30.29,35.0,67,overcast clouds,1.79,2026-07-26 22:55:33,Hot
Mumbai,27.75,31.62,81,moderate rain,7.59,2026-07-26 22:55:33,Warm
Delhi,33.44,37.19,50,overcast clouds,1.24,2026-07-26 22:55:33,Hot
Bengaluru,21.61,22.05,85,overcast clouds,7.2,2026-07-26 22:55:33,Comfortable
Hyderabad,24.24,24.83,81,overcast clouds,7.04,2026-07-26 22:55:33,Comfortable
Tirunelveli,26.72,28.32,69,overcast clouds,5.57,2026-07-26 22:55:33,Warm
Madurai,27.25,28.49,61,overcast clouds,3.58,2026-07-26 22:55:33,Warm
Theni,25.3,25.77,72,overcast clouds,3.51,2026-07-26 22:55:33,Comfortable
Chennai,29.98,33.84,65,overcast clouds,0.89,2026-07-26 23:56:34,Hot
Mumbai,27.53,31.47,84,moderate rain,5.99,2026-07-26 23:56:34,Warm
Delhi,33.33,37.27,51,broken clouds,0.62,2026-07-26 23:56:34,Hot
Bengaluru,21.32,21.73,85,overcast clouds,7.34,2026-07-26 23:56:34,Comfortable
Hyderabad,24.04,24.61,81,overcast clouds,6.84,2026-07-26 23:56:34,Comfortable
Tirunelveli,26.62,26.62,69,overcast clouds,5.44,2026-07-26 23:56:34,Comfortable
Madurai,27.13,28.32,61,overcast clouds,3.13,2026-07-26 23:56:34,Warm
Theni,25.2,25.63,71,overcast clouds,3.35,2026-07-26 23:56:35,Comfortable
Chennai,32.09,37.29,60,overcast clouds,1.34,2026-07-27 02:46:46,Hot
Mumbai,27.97,32.18,81,light rain,5.68,2026-07-27 02:46:46,Hot
Delhi,33.96,37.97,49,overcast clouds,0.51,2026-07-27 02:46:46,Hot
Bengaluru,22.45,22.89,82,overcast clouds,7.94,2026-07-27 02:46:46,Comfortable
Hyderabad,25.15,25.76,78,overcast clouds,7.56,2026-07-27 02:46:46,Comfortable
Tirunelveli,30.24,33.09,59,overcast clouds,6.35,2026-07-27 02:46:46,Hot
Madurai,30.04,31.43,52,overcast clouds,3.19,2026-07-27 02:46:46,Warm
Theni,28.78,30.25,57,overcast clouds,3.41,2026-07-27 02:46:46,Warm
Chennai,36.18,43.18,50,overcast clouds,0.89,2026-07-27 06:23:57,Very Hot
Mumbai,28.19,32.75,81,moderate rain,6.65,2026-07-27 06:23:57,Hot
Delhi,37.61,41.7,38,broken clouds,2.25,2026-07-27 06:23:57,Very Hot
Bengaluru,26.88,28.43,67,overcast clouds,8.96,2026-07-27 06:23:58,Warm
Hyderabad,28.98,31.15,61,overcast clouds,7.87,2026-07-27 06:23:58,Warm
Tirunelveli,35.03,39.25,46,overcast clouds,7.69,2026-07-27 06:23:58,Very Hot
Madurai,34.38,35.82,39,overcast clouds,2.37,2026-07-27 06:23:58,Hot
Theni,33.84,35.16,40,overcast clouds,5.0,2026-07-27 06:23:58,Hot
Chennai,32.45,39.45,67,light rain,2.24,2026-07-27 10:37:29,Very Hot
Mumbai,28.51,33.23,79,broken clouds,7.65,2026-07-27 10:37:29,Hot
Delhi,38.21,41.3,34,overcast clouds,0.05,2026-07-27 10:37:29,Very Hot
Bengaluru,28.0,29.79,63,overcast clouds,7.79,2026-07-27 10:37:29,Warm
Hyderabad,26.33,26.33,76,light rain,3.92,2026-07-27 10:37:29,Comfortable
Tirunelveli,34.22,35.3,38,overcast clouds,8.53,2026-07-27 10:37:29,Hot
Madurai,35.59,36.54,34,overcast clouds,6.39,2026-07-27 10:37:29,Hot
Theni,32.32,34.0,46,light rain,5.99,2026-07-27 10:37:29,Hot
Chennai,29.42,34.76,75,light rain,1.79,2026-07-27 13:35:44,Hot
Mumbai,27.98,32.36,82,light rain,7.04,2026-07-27 13:35:44,Hot
Delhi,37.44,40.94,37,overcast clouds,1.06,2026-07-27 13:35:44,Very Hot
Bengaluru,25.14,25.62,73,overcast clouds,7.67,2026-07-27 13:35:44,Comfortable
Hyderabad,25.67,26.3,77,moderate rain,4.01,2026-07-27 13:35:44,Comfortable
Tirunelveli,30.93,31.94,47,overcast clouds,5.82,2026-07-27 13:35:44,Warm
Madurai,30.59,30.96,44,overcast clouds,7.96,2026-07-27 13:35:44,Warm
Theni,27.58,29.14,63,overcast clouds,6.0,2026-07-27 13:35:45,Warm
Chennai,29.9,36.9,80,overcast clouds,2.24,2026-07-27 16:13:14,Hot
Mumbai,27.93,32.38,83,moderate rain,7.37,2026-07-27 16:13:14,Hot
Delhi,36.07,40.01,42,overcast clouds,3.94,2026-07-27 16:13:14,Very Hot
Bengaluru,24.38,24.86,76,overcast clouds,7.21,2026-07-27 16:13:14,Comfortable
Hyderabad,25.83,26.45,76,light rain,5.43,2026-07-27 16:13:14,Comfortable
Tirunelveli,29.04,30.23,54,overcast clouds,5.21,2026-07-27 16:13:14,Warm
Madurai,29.55,30.26,49,overcast clouds,5.18,2026-07-27 16:13:14,Warm
Theni,26.53,26.53,67,overcast clouds,4.78,2026-07-27 16:13:14,Comfortable
Chennai,29.79,36.79,82,light rain,0.89,2026-07-27 18:20:51,Hot
Mumbai,27.78,31.99,83,moderate rain,6.85,2026-07-27 18:20:51,Warm
Delhi,34.34,39.15,50,overcast clouds,4.05,2026-07-27 18:20:51,Very Hot
Bengaluru,23.27,23.72,79,overcast clouds,6.59,2026-07-27 18:20:51,Comfortable
Hyderabad,25.57,26.19,77,light rain,5.43,2026-07-27 18:20:51,Comfortable
Tirunelveli,27.83,29.41,62,overcast clouds,4.83,2026-07-27 18:20:51,Warm
Madurai,28.73,29.55,52,overcast clouds,4.69,2026-07-27 18:20:51,Warm
Theni,25.87,26.31,69,overcast clouds,4.49,2026-07-27 18:20:51,Comfortable
Chennai,29.63,36.55,80,overcast clouds,1.34,2026-07-27 20:18:23,Hot
Mumbai,27.88,32.25,83,moderate rain,6.62,2026-07-27 20:18:23,Hot
Delhi,32.8,37.68,56,overcast clouds,4.05,2026-07-27 20:18:23,Hot
Bengaluru,22.72,23.19,82,overcast clouds,6.38,2026-07-27 20:18:23,Comfortable
Hyderabad,23.72,24.5,90,light rain,5.6,2026-07-27 20:18:23,Comfortable
Tirunelveli,27.3,29.18,68,overcast clouds,4.18,2026-07-27 20:18:24,Warm
Madurai,28.15,29.22,56,overcast clouds,4.38,2026-07-27 20:18:24,Warm
Theni,25.45,25.9,71,overcast clouds,4.51,2026-07-27 20:18:24,Comfortable
Chennai,29.08,35.19,81,overcast clouds,0.89,2026-07-27 22:01:20,Hot
Mumbai,28.28,32.98,81,light rain,7.18,2026-07-27 22:01:20,Hot
Delhi,31.4,36.55,63,overcast clouds,4.11,2026-07-27 22:01:20,Hot
Bengaluru,22.16,22.6,83,overcast clouds,6.31,2026-07-27 22:01:20,Comfortable
Hyderabad,23.98,24.63,84,overcast clouds,7.46,2026-07-27 22:01:20,Comfortable
Tirunelveli,26.81,28.47,69,overcast clouds,4.01,2026-07-27 22:01:20,Warm
Madurai,27.69,28.81,58,overcast clouds,3.44,2026-07-27 22:01:20,Warm
Theni,25.12,25.59,73,overcast clouds,4.0,2026-07-27 22:01:20,Comfortable
Chennai,29.14,34.47,77,overcast clouds,0.89,2026-07-27 23:58:22,Hot
Mumbai,28.36,33.2,81,moderate rain,6.97,2026-07-27 23:58:23,Hot
Delhi,30.76,35.85,66,light rain,3.95,2026-07-27 23:58:23,Hot
Bengaluru,22.16,22.6,83,overcast clouds,6.76,2026-07-27 23:58:23,Comfortable
Hyderabad,23.29,23.92,86,overcast clouds,6.84,2026-07-27 23:58:23,Comfortable
Tirunelveli,26.41,26.41,71,overcast clouds,4.05,2026-07-27 23:58:23,Comfortable
Madurai,27.11,28.3,61,overcast clouds,2.02,2026-07-27 23:58:23,Warm
Theni,24.97,25.45,74,overcast clouds,4.07,2026-07-27 23:58:23,Comfortable
Chennai,30.5,35.75,68,overcast clouds,1.79,2026-07-28 02:44:17,Hot
Mumbai,28.3,33.21,82,moderate rain,8.43,2026-07-28 02:44:17,Hot
Delhi,29.28,34.18,74,overcast clouds,4.79,2026-07-28 02:44:17,Hot
Bengaluru,23.0,23.47,81,overcast clouds,7.7,2026-07-28 02:44:17,Comfortable
Hyderabad,24.98,25.62,80,overcast clouds,7.82,2026-07-28 02:44:17,Comfortable
Tirunelveli,29.7,32.46,61,overcast clouds,4.65,2026-07-28 02:44:17,Hot
Madurai,29.8,31.39,54,overcast clouds,3.69,2026-07-28 02:44:18,Warm
Theni,28.15,30.04,63,overcast clouds,4.21,2026-07-28 02:44:18,Warm
Chennai,34.51,41.51,56,overcast clouds,4.02,2026-07-28 05:42:02,Very Hot
Mumbai,28.55,33.71,81,moderate rain,8.15,2026-07-28 05:42:02,Hot
Delhi,29.95,34.92,70,overcast clouds,3.55,2026-07-28 05:42:02,Hot
Bengaluru,24.96,25.44,74,overcast clouds,9.07,2026-07-28 05:42:02,Comfortable
Hyderabad,26.45,26.45,73,overcast clouds,8.02,2026-07-28 05:42:02,Comfortable
Tirunelveli,34.07,36.65,44,overcast clouds,5.29,2026-07-28 05:42:02,Hot
Madurai,34.74,36.45,39,overcast clouds,5.14,2026-07-28 05:42:02,Hot
Theni,33.16,34.98,44,overcast clouds,5.56,2026-07-28 05:42:02,Hot
Chennai,36.63,43.63,48,light rain,2.24,2026-07-28 08:25:15,Very Hot
Mumbai,28.97,34.66,80,light rain,8.46,2026-07-28 08:25:15,Hot
Delhi,33.5,40.06,58,heavy intensity rain,5.49,2026-07-28 08:25:15,Very Hot
Bengaluru,28.69,30.66,61,overcast clouds,9.18,2026-07-28 08:25:15,Warm
Hyderabad,28.44,30.52,63,overcast clouds,7.02,2026-07-28 08:25:15,Warm
Tirunelveli,36.29,40.1,41,overcast clouds,6.78,2026-07-28 08:25:15,Very Hot
Madurai,36.46,38.67,36,overcast clouds,7.05,2026-07-28 08:25:15,Very Hot
Theni,33.07,36.14,49,overcast clouds,6.29,2026-07-28 08:25:15,Hot
Chennai,32.18,39.18,69,overcast clouds,5.3,2026-07-28 11:12:35,Very Hot
Mumbai,28.92,34.52,80,light rain,8.6,2026-07-28 11:12:35,Hot
Delhi,35.93,41.26,46,light rain,2.24,2026-07-28 11:12:35,Very Hot
Bengaluru,28.26,29.16,54,overcast clouds,9.31,2026-07-28 11:12:36,Warm
Hyderabad,28.63,30.85,63,moderate rain,7.42,2026-07-28 11:12:36,Warm
Tirunelveli,34.55,36.12,39,overcast clouds,7.37,2026-07-28 11:12:36,Hot
Madurai,35.4,36.77,36,light rain,8.46,2026-07-28 11:12:36,Hot
Theni,32.84,34.66,45,overcast clouds,6.66,2026-07-28 11:12:36,Hot
Chennai,32.17,39.17,72,overcast clouds,2.24,2026-07-28 13:52:48,Very Hot
Mumbai,28.51,33.6,81,light rain,8.79,2026-07-28 13:52:48,Hot
Delhi,33.08,39.01,58,light rain,3.08,2026-07-28 13:52:48,Very Hot
Bengaluru,24.94,25.34,71,broken clouds,7.99,2026-07-28 13:52:48,Comfortable
Hyderabad,24.99,25.66,81,light rain,5.74,2026-07-28 13:52:48,Comfortable
Tirunelveli,30.01,31.9,55,overcast clouds,5.5,2026-07-28 13:52:48,Warm
Madurai,31.09,32.38,48,light rain,5.75,2026-07-28 13:52:48,Hot
Theni,27.31,29.1,67,overcast clouds,5.97,2026-07-28 13:52:48,Warm
Chennai,30.93,37.93,76,light rain,4.47,2026-07-28 16:02:30,Hot
Mumbai,28.32,33.63,84,light rain,8.63,2026-07-28 16:02:30,Hot
Delhi,30.65,35.33,65,light rain,2.46,2026-07-28 16:02:30,Hot
Bengaluru,24.11,24.51,74,broken clouds,7.79,2026-07-28 16:02:30,Comfortable
Hyderabad,24.11,24.87,88,overcast clouds,5.74,2026-07-28 16:02:30,Comfortable
Tirunelveli,28.32,30.19,62,overcast clouds,4.74,2026-07-28 16:02:31,Warm
Madurai,29.91,31.4,53,overcast clouds,5.58,2026-07-28 16:02:31,Warm
Theni,26.57,26.57,70,overcast clouds,6.02,2026-07-28 16:02:31,Comfortable
Chennai,30.98,37.98,77,overcast clouds,2.24,2026-07-28 18:09:27,Hot
Mumbai,28.37,33.4,82,light rain,8.59,2026-07-28 18:09:28,Hot
Delhi,29.94,34.42,68,light rain,3.49,2026-07-28 18:09:28,Hot
Bengaluru,23.56,23.98,77,overcast clouds,7.35,2026-07-28 18:09:28,Comfortable
Hyderabad,23.8,24.59,90,overcast clouds,6.17,2026-07-28 18:09:28,Comfortable
Tirunelveli,27.69,29.31,63,broken clouds,4.24,2026-07-28 18:09:29,Warm
Madurai,29.19,30.74,56,overcast clouds,5.36,2026-07-28 18:09:29,Warm
Theni,26.08,26.08,74,overcast clouds,5.77,2026-07-28 18:09:29,Comfortable
Chennai,31.22,38.2,70,light rain,1.34,2026-07-28 20:12:49,Very Hot
Mumbai,28.47,33.87,83,light rain,8.16,2026-07-28 20:12:49,Hot
Delhi,29.76,33.79,67,light rain,2.74,2026-07-28 20:12:50,Hot
Bengaluru,22.16,22.6,83,overcast clouds,7.42,2026-07-28 20:12:50,Comfortable
Hyderabad,24.12,24.81,85,light rain,7.3,2026-07-28 20:12:50,Comfortable
Tirunelveli,27.38,29.03,65,overcast clouds,3.57,2026-07-28 20:12:50,Warm
Madurai,28.44,30.25,61,overcast clouds,5.79,2026-07-28 20:12:50,Warm
Theni,25.96,25.96,76,overcast clouds,5.73,2026-07-28 20:12:50,Comfortable
Chennai,30.39,34.27,63,overcast clouds,0.89,2026-07-28 21:59:08,Hot
Mumbai,28.34,33.14,81,light rain,8.21,2026-07-28 21:59:09,Hot
Delhi,29.17,33.5,72,light rain,2.69,2026-07-28 21:59:09,Hot
Bengaluru,22.16,22.6,83,overcast clouds,7.48,2026-07-28 21:59:09,Comfortable
Hyderabad,23.33,24.04,89,light rain,8.01,2026-07-28 21:59:09,Comfortable
Tirunelveli,26.98,28.58,67,overcast clouds,2.69,2026-07-28 21:59:10,Warm
Madurai,27.77,29.65,65,overcast clouds,4.48,2026-07-28 21:59:11,Warm
Theni,25.39,26.05,79,overcast clouds,5.76,2026-07-28 21:59:11,Comfortable
Chennai,30.72,34.74,62,overcast clouds,1.34,2026-07-28 23:04:56,Hot
Mumbai,28.44,33.23,80,light rain,8.22,2026-07-28 23:04:56,Hot
Delhi,29.37,33.97,72,overcast clouds,2.6,2026-07-28 23:04:56,Hot
Bengaluru,21.61,22.05,85,overcast clouds,6.97,2026-07-28 23:04:56,Comfortable
Hyderabad,22.94,23.64,90,light rain,7.68,2026-07-28 23:04:56,Comfortable
Tirunelveli,26.74,28.29,68,overcast clouds,2.61,2026-07-28 23:04:56,Warm
Madurai,27.65,29.45,65,overcast clouds,4.23,2026-07-28 23:04:56,Warm
Theni,25.15,25.81,80,overcast clouds,5.52,2026-07-28 23:04:56,Comfortable
Chennai,30.28,34.26,64,overcast clouds,1.79,2026-07-29 02:06:06,Hot
Mumbai,28.55,33.33,79,light rain,8.05,2026-07-29 02:06:06,Hot
Delhi,30.14,35.13,69,broken clouds,2.74,2026-07-29 02:06:06,Hot
Bengaluru,21.61,22.07,86,overcast clouds,8.0,2026-07-29 02:06:06,Comfortable
Hyderabad,23.53,24.16,85,overcast clouds,7.94,2026-07-29 02:06:06,Comfortable
Tirunelveli,27.79,30.14,69,overcast clouds,3.21,2026-07-29 02:06:06,Warm
Madurai,28.49,30.2,60,overcast clouds,4.85,2026-07-29 02:06:06,Warm
Theni,26.49,26.49,70,overcast clouds,5.18,2026-07-29 02:06:06,Comfortable
Chennai,33.97,40.11,55,overcast clouds,3.58,2026-07-29 05:46:19,Very Hot
Mumbai,28.92,34.31,79,light rain,9.27,2026-07-29 05:46:19,Hot
Delhi,34.23,38.22,48,overcast clouds,1.81,2026-07-29 05:46:19,Very Hot
Bengaluru,25.98,25.98,73,overcast clouds,10.54,2026-07-29 05:46:19,Comfortable
Hyderabad,24.18,24.87,85,overcast clouds,7.84,2026-07-29 05:46:19,Comfortable
Tirunelveli,34.95,37.43,41,overcast clouds,7.21,2026-07-29 05:46:19,Hot
Madurai,34.9,35.67,35,overcast clouds,6.56,2026-07-29 05:46:19,Hot
Theni,33.25,34.41,41,overcast clouds,6.58,2026-07-29 05:46:19,Hot
Chennai,36.83,43.83,48,overcast clouds,4.92,2026-07-29 08:31:15,Very Hot
Mumbai,28.56,33.93,82,light rain,10.01,2026-07-29 08:31:16,Hot
Delhi,36.07,40.39,43,overcast clouds,3.32,2026-07-29 08:31:16,Very Hot
Bengaluru,26.91,28.63,69,overcast clouds,9.55,2026-07-29 08:31:16,Warm
Hyderabad,24.59,25.22,81,light rain,6.94,2026-07-29 08:31:16,Comfortable
Tirunelveli,35.4,39.32,44,broken clouds,8.69,2026-07-29 08:31:16,Very Hot
Madurai,36.11,36.86,32,overcast clouds,8.83,2026-07-29 08:31:16,Hot
Theni,34.17,34.97,37,overcast clouds,8.38,2026-07-29 08:31:16,Hot
Chennai,35.76,42.76,51,overcast clouds,2.24,2026-07-29 11:20:41,Very Hot
Mumbai,28.53,33.84,82,light rain,9.24,2026-07-29 11:20:42,Hot
Delhi,36.23,40.74,43,broken clouds,3.5,2026-07-29 11:20:42,Very Hot
Bengaluru,26.34,26.34,70,overcast clouds,10.22,2026-07-29 11:20:42,Comfortable
Hyderabad,24.68,25.29,80,overcast clouds,8.11,2026-07-29 11:20:42,Comfortable
Tirunelveli,33.64,35.58,43,broken clouds,9.19,2026-07-29 11:20:42,Hot
Madurai,34.16,34.5,35,overcast clouds,8.61,2026-07-29 11:20:42,Hot
Theni,31.89,32.48,42,overcast clouds,8.61,2026-07-29 11:20:42,Hot
Chennai,30.95,37.95,80,overcast clouds,0.45,2026-07-29 13:57:46,Hot
Mumbai,28.42,33.54,82,light rain,9.73,2026-07-29 13:57:47,Hot
Delhi,33.06,37.63,54,overcast clouds,3.24,2026-07-29 13:57:47,Hot
Bengaluru,25.23,25.69,72,overcast clouds,8.31,2026-07-29 13:57:47,Comfortable
Hyderabad,23.55,24.26,88,light rain,7.86,2026-07-29 13:57:47,Comfortable
Tirunelveli,29.88,30.87,50,overcast clouds,5.72,2026-07-29 13:57:47,Warm
Madurai,30.29,31.0,47,overcast clouds,5.9,2026-07-29 13:57:47,Warm
Theni,27.07,28.64,66,overcast clouds,6.16,2026-07-29 13:57:47,Warm
Chennai,29.98,36.98,88,moderate rain,0.89,2026-07-29 15:50:02,Hot
Mumbai,28.17,33.03,83,light rain,9.23,2026-07-29 15:50:02,Hot
Delhi,33.04,36.66,51,broken clouds,3.59,2026-07-29 15:50:02,Hot
Bengaluru,23.83,24.28,77,overcast clouds,8.05,2026-07-29 15:50:02,Comfortable
Hyderabad,23.38,24.07,88,light rain,8.21,2026-07-29 15:50:02,Comfortable
Tirunelveli,28.42,30.22,61,overcast clouds,5.46,2026-07-29 15:50:02,Warm
Madurai,29.31,30.34,52,overcast clouds,5.75,2026-07-29 15:50:02,Warm
Theni,26.35,26.35,67,overcast clouds,5.15,2026-07-29 15:50:03,Comfortable
Chennai,28.87,35.24,84,overcast clouds,0.45,2026-07-29 17:10:04,Hot
Mumbai,28.27,33.31,83,light rain,8.67,2026-07-29 17:10:04,Hot
Delhi,32.68,36.21,52,broken clouds,2.89,2026-07-29 17:10:04,Hot
Bengaluru,23.27,23.72,79,overcast clouds,7.92,2026-07-29 17:10:04,Comfortable
Hyderabad,23.14,23.89,91,overcast clouds,8.4,2026-07-29 17:10:04,Comfortable
Tirunelveli,28.16,29.93,62,overcast clouds,4.16,2026-07-29 17:10:04,Warm
Madurai,28.98,30.01,53,overcast clouds,5.02,2026-07-29 17:10:04,Warm
Theni,26.23,26.23,68,overcast clouds,4.59,2026-07-29 17:10:04,Comfortable
Chennai,29.43,35.48,78,light rain,1.79,2026-07-29 19:06:01,Hot
Mumbai,28.11,32.54,81,light rain,8.05,2026-07-29 19:06:01,Hot
Delhi,31.4,36.26,62,scattered clouds,3.02,2026-07-29 19:06:01,Hot
Bengaluru,22.72,23.16,81,overcast clouds,7.83,2026-07-29 19:06:01,Comfortable
Hyderabad,23.43,24.18,90,light rain,7.22,2026-07-29 19:06:01,Comfortable
Tirunelveli,27.59,29.36,65,overcast clouds,3.55,2026-07-29 19:06:01,Warm
Madurai,28.35,29.38,55,overcast clouds,3.69,2026-07-29 19:06:01,Warm
Theni,25.72,26.2,71,overcast clouds,4.61,2026-07-29 19:06:01,Comfortable
Chennai,29.66,35.87,77,overcast clouds,1.34,2026-07-29 20:49:38,Hot
Mumbai,28.26,32.76,80,light rain,7.98,2026-07-29 20:49:38,Hot
Delhi,31.18,36.59,65,broken clouds,2.64,2026-07-29 20:49:38,Hot
Bengaluru,22.16,22.6,83,overcast clouds,7.98,2026-07-29 20:49:38,Comfortable
Hyderabad,22.89,23.64,92,moderate rain,7.54,2026-07-29 20:49:38,Comfortable
Tirunelveli,27.18,28.89,67,overcast clouds,3.45,2026-07-29 20:49:38,Warm
Madurai,27.82,28.98,58,overcast clouds,2.7,2026-07-29 20:49:38,Warm
Theni,25.38,25.83,71,overcast clouds,4.38,2026-07-29 20:49:38,Comfortable
Chennai,29.31,34.47,75,overcast clouds,1.34,2026-07-29 21:55:34,Hot
Mumbai,28.12,32.56,81,light rain,7.68,2026-07-29 21:55:34,Hot
Delhi,30.86,36.09,66,broken clouds,2.46,2026-07-29 21:55:34,Hot
Bengaluru,22.16,22.6,83,overcast clouds,7.85,2026-07-29 21:55:34,Comfortable
Hyderabad,22.68,23.41,92,moderate rain,7.62,2026-07-29 21:55:34,Comfortable
Tirunelveli,27.14,28.83,67,overcast clouds,3.29,2026-07-29 21:55:35,Warm
Madurai,27.63,28.73,58,overcast clouds,2.94,2026-07-29 21:55:35,Warm
Theni,25.2,25.63,71,overcast clouds,4.45,2026-07-29 21:55:35,Comfortable
Chennai,29.6,34.53,72,light rain,1.34,2026-07-29 22:56:31,Hot
Mumbai,28.16,32.67,81,light rain,7.33,2026-07-29 22:56:31,Hot
Delhi,30.61,35.76,67,broken clouds,2.61,2026-07-29 22:56:31,Hot
Bengaluru,22.16,22.6,83,overcast clouds,7.86,2026-07-29 22:56:31,Comfortable
Hyderabad,22.6,23.29,91,moderate rain,8.04,2026-07-29 22:56:31,Comfortable
Tirunelveli,26.97,28.57,67,overcast clouds,3.13,2026-07-29 22:56:32,Warm
Madurai,27.49,28.64,59,overcast clouds,2.84,2026-07-29 22:56:32,Warm
Theni,25.01,25.45,72,overcast clouds,4.87,2026-07-29 22:56:32,Comfortable
Chennai,29.61,34.55,72,overcast clouds,0.89,2026-07-29 23:58:20,Hot
Mumbai,28.26,32.93,81,light rain,8.1,2026-07-29 23:58:20,Hot
Delhi,30.51,35.52,67,broken clouds,2.32,2026-07-29 23:58:20,Hot
Bengaluru,21.61,22.05,85,overcast clouds,7.46,2026-07-29 23:58:20,Comfortable
Hyderabad,22.6,23.27,90,moderate rain,8.51,2026-07-29 23:58:20,Comfortable
Tirunelveli,26.78,28.28,67,overcast clouds,3.29,2026-07-29 23:58:20,Warm
Madurai,27.4,28.52,59,overcast clouds,2.58,2026-07-29 23:58:21,Warm
Theni,24.94,25.4,73,overcast clouds,4.58,2026-07-29 23:58:21,Comfortable
Chennai,30.33,35.09,67,overcast clouds,3.58,2026-07-30 02:36:30,Hot
Mumbai,28.4,33.3,81,light rain,8.88,2026-07-30 02:36:30,Hot
Delhi,32.48,37.26,57,light rain,3.31,2026-07-30 02:36:30,Hot
Bengaluru,22.45,22.92,83,overcast clouds,9.48,2026-07-30 02:36:30,Comfortable
Hyderabad,23.43,24.1,87,moderate rain,9.0,2026-07-30 02:36:30,Comfortable
Tirunelveli,30.2,32.04,54,overcast clouds,4.6,2026-07-30 02:36:30,Hot
Madurai,30.01,31.22,51,overcast clouds,4.78,2026-07-30 02:36:30,Warm
Theni,27.75,29.29,62,overcast clouds,4.52,2026-07-30 02:36:30,Warm
Chennai,34.58,41.24,54,overcast clouds,4.02,2026-07-30 05:35:13,Very Hot
Mumbai,28.57,34.15,83,light rain,9.46,2026-07-30 05:35:13,Hot
Delhi,36.27,40.82,43,broken clouds,3.22,2026-07-30 05:35:14,Very Hot
Bengaluru,23.83,24.33,79,overcast clouds,9.83,2026-07-30 05:35:14,Comfortable
Hyderabad,24.38,25.07,84,light rain,8.97,2026-07-30 05:35:14,Comfortable
Tirunelveli,35.22,37.32,39,broken clouds,7.53,2026-07-30 05:35:14,Hot
Madurai,35.12,36.29,36,overcast clouds,6.16,2026-07-30 05:35:14,Hot
Theni,33.26,34.43,41,overcast clouds,6.75,2026-07-30 05:35:14,Hot
Chennai,36.36,43.36,50,overcast clouds,2.68,2026-07-30 08:15:48,Very Hot
Mumbai,28.52,33.44,80,moderate rain,10.03,2026-07-30 08:15:48,Hot
Delhi,37.72,41.93,38,overcast clouds,4.13,2026-07-30 08:15:48,Very Hot
Bengaluru,26.05,26.05,72,overcast clouds,10.73,2026-07-30 08:15:48,Comfortable
Hyderabad,25.34,26.02,80,light rain,8.9,2026-07-30 08:15:48,Comfortable
Tirunelveli,34.29,36.49,42,broken clouds,7.13,2026-07-30 08:15:49,Hot
Madurai,36.86,37.81,31,broken clouds,7.59,2026-07-30 08:15:49,Hot
Theni,34.51,35.78,38,overcast clouds,7.79,2026-07-30 08:15:49,Hot
Chennai,36.08,43.08,50,overcast clouds,1.79,2026-07-30 11:02:39,Very Hot
Mumbai,28.09,32.81,83,moderate rain,10.2,2026-07-30 11:02:39,Hot
Delhi,35.53,39.97,45,overcast clouds,5.59,2026-07-30 11:02:39,Very Hot
Bengaluru,26.34,26.34,70,overcast clouds,10.66,2026-07-30 11:02:39,Comfortable
Hyderabad,23.87,24.58,87,light rain,9.1,2026-07-30 11:02:39,Comfortable
Tirunelveli,34.26,35.36,38,overcast clouds,8.69,2026-07-30 11:02:39,Hot
Madurai,34.54,35.33,36,broken clouds,9.52,2026-07-30 11:02:39,Hot
Theni,31.96,33.6,47,overcast clouds,8.52,2026-07-30 11:02:39,Hot
Chennai,30.95,37.95,78,overcast clouds,2.24,2026-07-30 13:47:04,Hot
Mumbai,28.35,33.35,82,light rain,9.38,2026-07-30 13:47:05,Hot
Delhi,34.22,38.88,50,scattered clouds,5.09,2026-07-30 13:47:05,Very Hot
Bengaluru,24.03,24.45,75,overcast clouds,7.88,2026-07-30 13:47:05,Comfortable
Hyderabad,23.66,24.41,89,light rain,8.17,2026-07-30 13:47:05,Comfortable
Tirunelveli,29.95,31.29,52,overcast clouds,5.58,2026-07-30 13:47:05,Warm
Madurai,30.25,31.77,52,overcast clouds,7.07,2026-07-30 13:47:05,Warm
Theni,27.54,29.59,68,overcast clouds,6.95,2026-07-30 13:47:05,Warm
Chennai,30.75,37.75,75,light rain,2.24,2026-07-30 15:48:24,Hot
Mumbai,28.12,32.9,83,light rain,9.91,2026-07-30 15:48:24,Hot
Delhi,32.98,38.43,57,scattered clouds,5.22,2026-07-30 15:48:24,Very Hot
Bengaluru,23.37,23.75,76,overcast clouds,8.12,2026-07-30 15:48:24,Comfortable
Hyderabad,23.28,24.04,91,light rain,8.67,2026-07-30 15:48:24,Comfortable
Tirunelveli,28.85,30.64,59,overcast clouds,3.84,2026-07-30 15:48:24,Warm
Madurai,29.38,30.88,55,overcast clouds,5.81,2026-07-30 15:48:24,Warm
Theni,26.76,28.53,71,overcast clouds,6.46,2026-07-30 15:48:25,Warm
Chennai,30.37,37.37,79,light rain,3.13,2026-07-30 17:20:33,Hot
Mumbai,27.74,32.03,84,light rain,9.34,2026-07-30 17:20:33,Hot
Delhi,32.37,37.95,60,scattered clouds,5.14,2026-07-30 17:20:33,Hot
Bengaluru,23.0,23.42,79,overcast clouds,8.11,2026-07-30 17:20:33,Comfortable
Hyderabad,23.03,23.76,91,moderate rain,8.49,2026-07-30 17:20:33,Comfortable
Tirunelveli,28.46,30.15,60,overcast clouds,3.1,2026-07-30 17:20:33,Warm
Madurai,29.0,30.45,56,overcast clouds,5.95,2026-07-30 17:20:33,Warm
Theni,26.52,26.52,71,overcast clouds,6.73,2026-07-30 17:20:33,Comfortable
Chennai,30.2,37.2,79,overcast clouds,1.34,2026-07-30 19:17:36,Hot
Mumbai,28.31,33.79,85,light rain,10.46,2026-07-30 19:17:36,Hot
Delhi,31.03,35.95,64,broken clouds,5.01,2026-07-30 19:17:36,Hot
Bengaluru,22.16,22.62,84,overcast clouds,8.07,2026-07-30 19:17:36,Comfortable
Hyderabad,23.72,24.45,88,overcast clouds,8.18,2026-07-30 19:17:36,Comfortable
Tirunelveli,27.85,29.78,65,broken clouds,3.58,2026-07-30 19:17:36,Warm
Madurai,28.17,29.82,61,light rain,4.69,2026-07-30 19:17:37,Warm
Theni,26.13,26.13,71,overcast clouds,6.55,2026-07-30 19:17:37,Comfortable
Chennai,29.81,36.29,77,overcast clouds,2.24,2026-07-30 21:02:26,Hot
Mumbai,27.91,32.33,83,moderate rain,10.92,2026-07-30 21:02:26,Hot
Delhi,30.23,34.62,66,broken clouds,4.74,2026-07-30 21:02:26,Hot
Bengaluru,21.89,22.35,85,overcast clouds,8.34,2026-07-30 21:02:26,Comfortable
Hyderabad,23.79,24.42,84,overcast clouds,7.85,2026-07-30 21:02:26,Comfortable
Tirunelveli,27.13,28.81,67,overcast clouds,2.69,2026-07-30 21:02:26,Warm
Madurai,28.01,29.14,57,overcast clouds,6.07,2026-07-30 21:02:26,Warm
Theni,25.8,26.24,69,overcast clouds,5.32,2026-07-30 21:02:26,Comfortable
Chennai,29.57,35.87,78,overcast clouds,0.45,2026-07-30 23:00:09,Hot
Mumbai,27.93,32.54,84,moderate rain,10.82,2026-07-30 23:00:09,Hot
Delhi,29.86,34.24,68,broken clouds,4.48,2026-07-30 23:00:10,Hot
Bengaluru,21.61,22.07,86,overcast clouds,7.88,2026-07-30 23:00:10,Comfortable
Hyderabad,23.63,24.27,85,overcast clouds,8.41,2026-07-30 23:00:10,Comfortable
Tirunelveli,26.83,28.42,68,overcast clouds,2.58,2026-07-30 23:00:10,Warm
Madurai,27.69,28.72,57,overcast clouds,6.16,2026-07-30 23:00:10,Warm
Theni,25.79,26.2,68,overcast clouds,5.21,2026-07-30 23:00:10,Comfortable
Chennai,29.08,34.31,77,overcast clouds,0.89,2026-07-31 00:11:00,Hot
Mumbai,27.92,32.51,84,light rain,10.06,2026-07-31 00:11:00,Hot
Delhi,29.61,34.11,70,broken clouds,4.22,2026-07-31 00:11:01,Hot
Bengaluru,21.32,21.78,87,overcast clouds,7.27,2026-07-31 00:11:01,Comfortable
Hyderabad,23.72,24.39,86,overcast clouds,7.84,2026-07-31 00:11:01,Comfortable
Tirunelveli,26.73,28.34,69,overcast clouds,2.37,2026-07-31 00:11:01,Warm
Madurai,27.42,28.54,59,overcast clouds,4.51,2026-07-31 00:11:01,Warm
Theni,25.83,26.27,69,overcast clouds,5.12,2026-07-31 00:11:01,Comfortable
Chennai,33.42,39.49,57,scattered clouds,3.58,2026-07-31 04:19:10,Very Hot
Mumbai,27.02,30.48,87,moderate rain,10.22,2026-07-31 04:19:10,Warm
Delhi,31.2,35.8,62,broken clouds,4.52,2026-07-31 04:19:10,Hot
Bengaluru,24.4,24.85,75,overcast clouds,10.1,2026-07-31 04:19:10,Comfortable
Hyderabad,24.55,25.2,82,overcast clouds,9.01,2026-07-31 04:19:10,Comfortable
Tirunelveli,32.64,35.85,51,overcast clouds,6.06,2026-07-31 04:19:10,Hot
Madurai,31.96,33.18,45,overcast clouds,7.53,2026-07-31 04:19:10,Hot
Theni,30.74,32.38,51,overcast clouds,4.81,2026-07-31 04:19:10,Hot
Chennai,36.98,43.98,49,light rain,2.24,2026-07-31 07:47:28,Very Hot
Mumbai,27.81,32.52,86,moderate rain,11.64,2026-07-31 07:47:29,Hot
Delhi,35.36,39.6,45,overcast clouds,6.22,2026-07-31 07:47:29,Very Hot
Bengaluru,28.85,30.64,59,overcast clouds,10.26,2026-07-31 07:47:29,Warm
Hyderabad,27.97,30.1,66,overcast clouds,10.15,2026-07-31 07:47:29,Warm
Tirunelveli,35.91,38.63,39,overcast clouds,8.46,2026-07-31 07:47:29,Very Hot
Madurai,37.01,38.37,32,overcast clouds,6.5,2026-07-31 07:47:29,Very Hot
Theni,34.92,36.49,38,broken clouds,6.31,2026-07-31 07:47:29,Hot
Chennai,32.82,39.82,66,overcast clouds,1.79,2026-07-31 10:33:07,Very Hot
Mumbai,27.37,31.18,85,moderate rain,12.25,2026-07-31 10:33:08,Warm
Delhi,35.71,40.36,45,broken clouds,5.96,2026-07-31 10:33:08,Very Hot
Bengaluru,26.86,28.4,67,overcast clouds,9.25,2026-07-31 10:33:08,Warm
Hyderabad,27.53,29.68,69,overcast clouds,9.42,2026-07-31 10:33:08,Warm
Tirunelveli,35.19,36.41,36,overcast clouds,8.8,2026-07-31 10:33:08,Hot
Madurai,34.23,35.57,39,overcast clouds,8.04,2026-07-31 10:33:08,Hot
Theni,32.31,34.69,49,overcast clouds,6.83,2026-07-31 10:33:08,Hot
Chennai,31.86,38.86,71,overcast clouds,4.02,2026-07-31 12:52:32,Very Hot
Mumbai,27.4,31.13,84,light rain,8.65,2026-07-31 12:52:33,Warm
Delhi,34.07,38.89,51,light rain,4.96,2026-07-31 12:52:33,Very Hot
Bengaluru,26.05,26.05,70,light rain,8.12,2026-07-31 12:52:33,Comfortable
Hyderabad,24.79,25.41,80,overcast clouds,7.26,2026-07-31 12:52:33,Comfortable
Tirunelveli,30.55,32.07,51,overcast clouds,7.22,2026-07-31 12:52:33,Hot
Madurai,31.22,33.19,51,overcast clouds,6.51,2026-07-31 12:52:33,Hot
Theni,28.72,31.16,64,overcast clouds,5.95,2026-07-31 12:52:33,Warm
Chennai,30.47,37.33,74,light rain,3.13,2026-07-31 15:15:18,Hot
Mumbai,27.97,31.87,79,moderate rain,9.26,2026-07-31 15:15:18,Warm
Delhi,33.15,37.83,54,overcast clouds,4.69,2026-07-31 15:15:18,Hot
Bengaluru,23.26,23.81,83,broken clouds,7.58,2026-07-31 15:15:18,Comfortable
Hyderabad,24.57,25.17,80,overcast clouds,6.97,2026-07-31 15:15:18,Comfortable
Tirunelveli,29.11,31.22,60,overcast clouds,5.32,2026-07-31 15:15:19,Warm
Madurai,28.36,30.8,66,light rain,4.86,2026-07-31 15:15:19,Warm
Theni,28.37,30.67,65,overcast clouds,5.19,2026-07-31 15:15:19,Warm
Chennai,30.74,37.74,74,light rain,3.58,2026-07-31 17:24:35,Hot
Mumbai,28.07,32.27,80,light rain,8.86,2026-07-31 17:24:35,Hot
Delhi,32.6,37.23,56,broken clouds,4.71,2026-07-31 17:24:35,Hot
Bengaluru,22.72,23.21,83,broken clouds,6.78,2026-07-31 17:24:35,Comfortable
Hyderabad,24.28,24.88,81,overcast clouds,7.05,2026-07-31 17:24:35,Comfortable
Tirunelveli,28.46,30.55,63,overcast clouds,5.66,2026-07-31 17:24:36,Warm
Madurai,27.89,30.33,69,moderate rain,3.94,2026-07-31 17:24:36,Warm
Theni,27.32,29.31,69,overcast clouds,5.39,2026-07-31 17:24:36,Warm
Chennai,30.74,37.2,71,light rain,0.89,2026-07-31 19:16:39,Hot
Mumbai,27.8,31.32,78,light rain,8.72,2026-07-31 19:16:39,Warm
Delhi,31.22,36.12,63,overcast clouds,5.7,2026-07-31 19:16:39,Hot
Bengaluru,22.16,22.65,85,overcast clouds,6.58,2026-07-31 19:16:39,Comfortable
Hyderabad,23.87,24.48,83,overcast clouds,6.83,2026-07-31 19:16:39,Comfortable
Tirunelveli,28.29,30.27,63,overcast clouds,5.37,2026-07-31 19:16:39,Warm
Madurai,26.64,26.64,75,moderate rain,2.99,2026-07-31 19:16:39,Comfortable
Theni,26.77,28.4,69,overcast clouds,4.93,2026-07-31 19:16:39,Warm
Chennai,30.37,36.22,71,overcast clouds,2.24,2026-07-31 20:59:22,Hot
Mumbai,27.92,31.9,80,light rain,8.7,2026-07-31 20:59:22,Warm
Delhi,30.28,34.73,66,light rain,5.01,2026-07-31 20:59:22,Hot
Bengaluru,22.16,22.7,87,overcast clouds,6.3,2026-07-31 20:59:22,Comfortable
Hyderabad,23.48,24.1,85,broken clouds,6.44,2026-07-31 20:59:22,Comfortable
Tirunelveli,27.46,29.35,67,overcast clouds,5.47,2026-07-31 20:59:22,Warm
Madurai,27.21,29.22,70,light rain,2.78,2026-07-31 20:59:22,Warm
Theni,25.68,26.21,73,overcast clouds,5.0,2026-07-31 20:59:22,Comfortable
Chennai,29.8,35.26,73,overcast clouds,1.79,2026-07-31 22:09:41,Hot
Mumbai,28.09,32.33,80,light rain,10.53,2026-07-31 22:09:41,Hot
Delhi,29.7,34.32,70,light rain,4.92,2026-07-31 22:09:42,Hot
Bengaluru,22.16,22.7,87,overcast clouds,6.54,2026-07-31 22:09:42,Comfortable
Hyderabad,23.32,23.95,86,broken clouds,6.61,2026-07-31 22:09:42,Comfortable
Tirunelveli,27.1,28.94,69,overcast clouds,5.95,2026-07-31 22:09:42,Warm
Madurai,27.0,28.69,68,light rain,3.3,2026-07-31 22:09:42,Warm
Theni,25.37,25.89,74,overcast clouds,4.91,2026-07-31 22:09:42,Comfortable
Chennai,29.31,34.26,74,broken clouds,0.45,2026-07-31 23:57:14,Hot
Mumbai,27.93,32.08,81,moderate rain,10.55,2026-07-31 23:57:15,Hot
Delhi,29.02,33.35,73,broken clouds,4.72,2026-07-31 23:57:15,Hot
Bengaluru,21.88,22.4,87,overcast clouds,6.93,2026-07-31 23:57:15,Comfortable
Hyderabad,23.31,23.92,85,overcast clouds,5.96,2026-07-31 23:57:15,Comfortable
Tirunelveli,26.57,26.57,74,overcast clouds,4.29,2026-07-31 23:57:15,Comfortable
Madurai,26.76,28.39,69,light rain,2.31,2026-07-31 23:57:15,Warm
Theni,25.29,25.81,74,overcast clouds,4.24,2026-07-31 23:57:15,Comfortable
Chennai,31.61,38.29,67,overcast clouds,1.34,2026-08-01 02:48:00,Very Hot
Mumbai,28.2,33.11,83,overcast clouds,9.73,2026-08-01 02:48:00,Hot
Delhi,30.83,35.49,64,broken clouds,4.44,2026-08-01 02:48:00,Hot
Bengaluru,22.43,22.95,85,overcast clouds,8.49,2026-08-01 02:48:00,Comfortable
Hyderabad,25.52,26.09,75,overcast clouds,7.61,2026-08-01 02:48:00,Comfortable
Tirunelveli,27.44,29.62,70,overcast clouds,3.9,2026-08-01 02:48:00,Warm
Madurai,29.39,31.71,60,overcast clouds,4.2,2026-08-01 02:48:00,Warm
Theni,27.11,29.13,71,overcast clouds,6.23,2026-08-01 02:48:00,Warm
Chennai,35.13,42.13,54,overcast clouds,2.24,2026-08-01 05:50:42,Very Hot
Mumbai,28.61,34.07,82,light rain,10.07,2026-08-01 05:50:42,Hot
Delhi,35.41,40.08,46,broken clouds,4.92,2026-08-01 05:50:42,Very Hot
Bengaluru,26.89,28.59,69,overcast clouds,8.34,2026-08-01 05:50:42,Warm
Hyderabad,29.94,31.97,56,broken clouds,8.03,2026-08-01 05:50:42,Warm
Tirunelveli,31.79,34.7,53,overcast clouds,8.71,2026-08-01 05:50:42,Hot
Madurai,31.91,34.68,52,overcast clouds,8.13,2026-08-01 05:50:42,Hot
Theni,27.6,29.91,70,overcast clouds,6.11,2026-08-01 05:50:42,Warm
Chennai,37.53,44.53,49,overcast clouds,1.34,2026-08-01 08:12:01,Very Hot
Mumbai,28.67,34.04,81,light rain,10.64,2026-08-01 08:12:01,Hot
Delhi,36.3,41.29,44,overcast clouds,5.23,2026-08-01 08:12:01,Very Hot
Bengaluru,27.93,29.8,64,overcast clouds,8.62,2026-08-01 08:12:01,Warm
Hyderabad,29.47,31.34,57,overcast clouds,8.08,2026-08-01 08:12:01,Warm
Tirunelveli,33.28,37.48,52,overcast clouds,7.87,2026-08-01 08:12:01,Hot
Madurai,30.72,33.15,55,overcast clouds,5.32,2026-08-01 08:12:01,Hot
Theni,27.43,29.6,70,overcast clouds,6.62,2026-08-01 08:12:01,Warm
Chennai,32.76,39.76,67,overcast clouds,1.34,2026-08-01 10:37:00,Very Hot
Mumbai,28.72,34.17,81,light rain,10.28,2026-08-01 10:37:00,Hot
Delhi,35.43,39.75,45,overcast clouds,4.71,2026-08-01 10:37:00,Very Hot
Bengaluru,27.92,30.14,67,overcast clouds,8.29,2026-08-01 10:37:00,Warm
Hyderabad,28.97,30.98,60,overcast clouds,7.72,2026-08-01 10:37:00,Warm
Tirunelveli,31.51,32.66,46,overcast clouds,7.69,2026-08-01 10:37:00,Hot
Madurai,30.18,32.19,55,overcast clouds,5.55,2026-08-01 10:37:00,Hot
Theni,28.98,31.15,61,overcast clouds,5.51,2026-08-01 10:37:00,Warm
Chennai,32.2,39.2,71,heavy intensity rain,1.79,2026-08-01 11:59:15,Very Hot
Mumbai,28.29,32.84,80,light rain,10.49,2026-08-01 11:59:15,Hot
Delhi,35.38,39.64,45,overcast clouds,4.3,2026-08-01 11:59:15,Very Hot
Bengaluru,28.0,29.79,63,light rain,8.25,2026-08-01 11:59:15,Warm
Hyderabad,28.29,30.27,63,overcast clouds,6.95,2026-08-01 11:59:15,Warm
Tirunelveli,30.15,31.61,52,overcast clouds,6.98,2026-08-01 11:59:15,Warm
Madurai,28.58,30.34,60,overcast clouds,6.75,2026-08-01 11:59:15,Warm
Theni,27.74,29.6,65,overcast clouds,6.07,2026-08-01 11:59:15,Warm
Chennai,29.64,36.32,79,light rain,2.24,2026-08-01 13:40:01,Hot
Mumbai,28.36,33.2,81,moderate rain,10.58,2026-08-01 13:40:01,Hot
Delhi,34.21,38.86,50,overcast clouds,4.08,2026-08-01 13:40:01,Very Hot
Bengaluru,23.47,23.88,77,overcast clouds,7.78,2026-08-01 13:40:01,Comfortable
Hyderabad,27.5,29.31,66,overcast clouds,4.12,2026-08-01 13:40:01,Warm
Tirunelveli,27.93,29.8,64,overcast clouds,5.77,2026-08-01 13:40:01,Warm
Madurai,27.32,28.93,65,broken clouds,6.5,2026-08-01 13:40:01,Warm
Theni,25.58,26.15,75,overcast clouds,6.02,2026-08-01 13:40:01,Comfortable
Chennai,30.2,37.2,82,light rain,1.79,2026-08-01 14:55:30,Hot
Mumbai,28.2,33.29,84,light rain,10.64,2026-08-01 14:55:30,Hot
Delhi,33.87,38.79,52,overcast clouds,4.05,2026-08-01 14:55:30,Very Hot
Bengaluru,22.92,23.36,80,overcast clouds,7.52,2026-08-01 14:55:30,Comfortable
Hyderabad,27.65,29.24,63,overcast clouds,5.64,2026-08-01 14:55:30,Warm
Tirunelveli,27.53,29.36,66,overcast clouds,5.5,2026-08-01 14:55:30,Warm
Madurai,27.55,29.19,64,broken clouds,5.82,2026-08-01 14:55:30,Warm
Theni,25.52,26.06,74,overcast clouds,5.71,2026-08-01 14:55:30,Comfortable
Chennai,30.37,37.37,81,light rain,2.24,2026-08-01 15:57:31,Hot
Mumbai,28.12,32.9,83,moderate rain,10.89,2026-08-01 15:57:31,Hot
Delhi,33.62,38.56,53,overcast clouds,4.35,2026-08-01 15:57:31,Very Hot
Bengaluru,23.03,23.43,78,overcast clouds,7.01,2026-08-01 15:57:31,Comfortable
Hyderabad,27.12,28.55,64,overcast clouds,6.44,2026-08-01 15:57:31,Warm
Tirunelveli,27.27,29.04,67,overcast clouds,5.35,2026-08-01 15:57:31,Warm
Madurai,27.47,28.97,63,broken clouds,4.95,2026-08-01 15:57:31,Warm
Theni,25.53,26.04,73,overcast clouds,5.14,2026-08-01 15:57:31,Comfortable
Chennai,28.6,33.27,78,light rain,2.24,2026-08-01 17:00:21,Hot
Mumbai,28.13,32.92,83,light rain,9.8,2026-08-01 17:00:21,Hot
Delhi,33.29,38.14,54,overcast clouds,4.44,2026-08-01 17:00:21,Very Hot
Bengaluru,23.54,23.93,76,overcast clouds,7.04,2026-08-01 17:00:22,Comfortable
Hyderabad,26.59,26.59,67,overcast clouds,6.0,2026-08-01 17:00:22,Comfortable
Tirunelveli,26.91,28.63,69,overcast clouds,5.64,2026-08-01 17:00:22,Warm
Madurai,27.33,28.68,62,broken clouds,4.9,2026-08-01 17:00:22,Warm
Theni,25.45,25.98,74,overcast clouds,4.86,2026-08-01 17:00:22,Comfortable
Chennai,27.35,30.77,82,light rain,3.58,2026-08-01 19:00:50,Warm
Mumbai,28.26,33.64,85,light rain,9.76,2026-08-01 19:00:50,Hot
Delhi,32.58,37.18,56,overcast clouds,3.61,2026-08-01 19:00:50,Hot
Bengaluru,22.72,23.14,80,overcast clouds,6.92,2026-08-01 19:00:50,Comfortable
Hyderabad,25.78,26.29,72,overcast clouds,6.58,2026-08-01 19:00:50,Comfortable
Tirunelveli,27.04,28.51,65,overcast clouds,5.39,2026-08-01 19:00:50,Warm
Madurai,26.76,28.11,65,overcast clouds,4.76,2026-08-01 19:00:50,Warm
Theni,25.4,25.85,71,overcast clouds,4.28,2026-08-01 19:00:50,Comfortable
Chennai,27.12,30.42,84,moderate rain,0.45,2026-08-01 20:43:37,Warm
Mumbai,28.19,33.26,84,light rain,9.88,2026-08-01 20:43:37,Hot
Delhi,32.0,36.48,58,overcast clouds,2.99,2026-08-01 20:43:37,Hot
Bengaluru,22.16,22.6,83,overcast clouds,6.81,2026-08-01 20:43:37,Comfortable
Hyderabad,24.45,25.01,79,overcast clouds,6.44,2026-08-01 20:43:37,Comfortable
Tirunelveli,26.85,28.24,65,overcast clouds,5.39,2026-08-01 20:43:38,Warm
Madurai,26.54,26.54,64,overcast clouds,3.84,2026-08-01 20:43:38,Comfortable
Theni,25.27,25.71,71,overcast clouds,3.61,2026-08-01 20:43:38,Comfortable
Chennai,27.94,32.41,83,light rain,0.45,2026-08-01 21:49:55,Hot
Mumbai,28.06,32.9,84,light rain,9.98,2026-08-01 21:49:55,Hot
Delhi,31.82,36.08,58,overcast clouds,2.7,2026-08-01 21:49:55,Hot
Bengaluru,21.88,22.32,84,overcast clouds,6.64,2026-08-01 21:49:55,Comfortable
Hyderabad,24.02,24.59,81,overcast clouds,6.18,2026-08-01 21:49:55,Comfortable
Tirunelveli,26.94,28.29,64,overcast clouds,4.98,2026-08-01 21:49:56,Warm
Madurai,26.6,26.6,65,light rain,2.7,2026-08-01 21:49:56,Comfortable
Theni,25.35,25.77,70,overcast clouds,3.78,2026-08-01 21:49:56,Comfortable
Chennai,27.15,30.5,84,overcast clouds,0.45,2026-08-01 22:49:37,Warm
Mumbai,28.01,32.44,82,light rain,10.5,2026-08-01 22:49:37,Hot
Delhi,31.71,35.84,58,overcast clouds,2.52,2026-08-01 22:49:37,Hot
Bengaluru,21.88,22.34,85,overcast clouds,6.73,2026-08-01 22:49:37,Comfortable
Hyderabad,23.74,24.31,82,overcast clouds,6.2,2026-08-01 22:49:37,Comfortable
Tirunelveli,26.96,28.25,63,overcast clouds,4.37,2026-08-01 22:49:38,Warm
Madurai,26.51,26.51,65,overcast clouds,2.25,2026-08-01 22:49:38,Comfortable
Theni,25.25,25.66,70,overcast clouds,3.76,2026-08-01 22:49:38,Comfortable
Chennai,27.15,30.5,84,overcast clouds,0.45,2026-08-01 23:52:52,Warm
Mumbai,28.16,33.01,83,light rain,9.88,2026-08-01 23:52:52,Hot
Delhi,31.63,35.95,59,overcast clouds,2.32,2026-08-01 23:52:53,Hot
Bengaluru,21.59,22.02,85,overcast clouds,6.69,2026-08-01 23:52:53,Comfortable
Hyderabad,23.38,23.94,83,overcast clouds,5.93,2026-08-01 23:52:53,Comfortable
Tirunelveli,26.94,28.15,62,overcast clouds,4.22,2026-08-01 23:52:53,Warm
Madurai,26.57,26.57,65,overcast clouds,2.09,2026-08-01 23:52:53,Comfortable
Theni,25.09,25.53,72,overcast clouds,3.7,2026-08-01 23:52:53,Comfortable
Chennai,30.03,36.65,76,overcast clouds,1.34,2026-08-02 02:13:38,Hot
Mumbai,28.1,32.84,83,light rain,9.87,2026-08-02 02:13:38,Hot
Delhi,31.27,36.24,63,overcast clouds,3.51,2026-08-02 02:13:38,Hot
Bengaluru,22.16,22.62,84,overcast clouds,6.27,2026-08-02 02:13:38,Comfortable
Hyderabad,24.27,24.82,79,scattered clouds,6.87,2026-08-02 02:13:38,Comfortable
Tirunelveli,26.9,28.77,71,overcast clouds,4.52,2026-08-02 02:13:38,Warm
Madurai,27.28,28.78,64,overcast clouds,2.49,2026-08-02 02:13:38,Warm
Theni,25.67,26.15,71,overcast clouds,3.79,2026-08-02 02:13:38,Comfortable
Chennai,34.92,41.92,58,overcast clouds,1.79,2026-08-02 05:51:36,Very Hot
Mumbai,28.58,33.98,82,light rain,9.66,2026-08-02 05:51:36,Hot
Delhi,36.23,41.13,44,overcast clouds,3.42,2026-08-02 05:51:36,Very Hot
Bengaluru,26.07,26.07,68,overcast clouds,6.86,2026-08-02 05:51:36,Comfortable
Hyderabad,30.06,31.99,55,broken clouds,6.63,2026-08-02 05:51:36,Warm
Tirunelveli,32.64,34.8,47,overcast clouds,6.76,2026-08-02 05:51:36,Hot
Madurai,31.08,32.75,50,overcast clouds,3.93,2026-08-02 05:51:36,Hot
Theni,31.5,32.84,47,overcast clouds,3.68,2026-08-02 05:51:36,Hot
Chennai,35.54,42.54,55,overcast clouds,1.34,2026-08-02 08:13:10,Very Hot
Mumbai,28.53,33.65,81,broken clouds,10.22,2026-08-02 08:13:10,Hot
Delhi,36.45,40.82,42,light rain,3.44,2026-08-02 08:13:10,Very Hot
Bengaluru,29.41,31.41,58,overcast clouds,7.84,2026-08-02 08:13:10,Warm
Hyderabad,30.19,32.21,55,light rain,6.58,2026-08-02 08:13:11,Hot
Tirunelveli,29.85,32.17,58,overcast clouds,6.46,2026-08-02 08:13:11,Hot
Madurai,33.71,35.18,41,overcast clouds,1.97,2026-08-02 08:13:11,Hot
Theni,28.41,29.7,57,overcast clouds,4.18,2026-08-02 08:13:11,Warm
Chennai,33.89,40.89,62,overcast clouds,1.79,2026-08-02 10:36:06,Very Hot
Mumbai,28.48,33.52,81,light rain,9.32,2026-08-02 10:36:07,Hot
Delhi,36.17,40.22,42,overcast clouds,3.55,2026-08-02 10:36:07,Very Hot
Bengaluru,28.96,30.82,59,overcast clouds,6.81,2026-08-02 10:36:07,Warm
Hyderabad,29.7,31.73,57,light rain,7.55,2026-08-02 10:36:07,Warm
Tirunelveli,30.14,32.12,55,overcast clouds,6.0,2026-08-02 10:36:07,Hot
Madurai,31.55,32.92,47,overcast clouds,4.37,2026-08-02 10:36:07,Hot
Theni,29.07,30.7,57,overcast clouds,3.86,2026-08-02 10:36:07,Warm
Chennai,31.88,38.88,70,overcast clouds,1.34,2026-08-02 11:58:09,Very Hot
Mumbai,28.37,33.4,82,light rain,9.38,2026-08-02 11:58:09,Hot
Delhi,35.32,39.51,45,overcast clouds,3.62,2026-08-02 11:58:09,Very Hot
Bengaluru,24.06,24.58,79,light rain,6.25,2026-08-02 11:58:10,Comfortable
Hyderabad,29.44,31.63,59,overcast clouds,6.41,2026-08-02 11:58:10,Warm
Tirunelveli,28.67,30.92,63,overcast clouds,6.01,2026-08-02 11:58:10,Warm
Madurai,30.17,31.99,54,overcast clouds,4.07,2026-08-02 11:58:10,Warm
Theni,28.14,29.9,62,overcast clouds,4.0,2026-08-02 11:58:10,Warm
Chennai,30.95,37.95,74,overcast clouds,0.89,2026-08-02 13:26:13,Hot
Mumbai,28.25,33.08,82,light rain,9.01,2026-08-02 13:26:13,Hot
Delhi,35.07,39.33,46,overcast clouds,3.38,2026-08-02 13:26:13,Very Hot
Bengaluru,25.48,25.96,72,light rain,6.21,2026-08-02 13:26:13,Comfortable
Hyderabad,27.77,29.54,64,overcast clouds,5.73,2026-08-02 13:26:13,Warm
Tirunelveli,28.1,29.95,63,overcast clouds,5.8,2026-08-02 13:26:13,Warm
Madurai,29.72,31.59,56,overcast clouds,3.48,2026-08-02 13:26:13,Warm
Theni,26.87,28.49,68,overcast clouds,3.22,2026-08-02 13:26:13,Warm
Chennai,30.7,37.7,75,overcast clouds,2.24,2026-08-02 14:57:52,Hot
Mumbai,28.16,32.67,81,light rain,8.75,2026-08-02 14:57:52,Hot
Delhi,34.2,39.19,51,overcast clouds,3.31,2026-08-02 14:57:52,Very Hot
Bengaluru,24.37,24.87,77,broken clouds,5.97,2026-08-02 14:57:52,Comfortable
Hyderabad,26.21,26.21,72,overcast clouds,3.45,2026-08-02 14:57:52,Comfortable
Tirunelveli,27.45,29.33,67,overcast clouds,4.39,2026-08-02 14:57:52,Warm
Madurai,29.17,31.16,59,light rain,1.55,2026-08-02 14:57:52,Warm
Theni,26.31,26.31,71,overcast clouds,2.29,2026-08-02 14:57:52,Comfortable
Chennai,30.4,37.4,76,overcast clouds,2.24,2026-08-02 16:01:42,Hot
Mumbai,28.29,32.84,80,scattered clouds,8.17,2026-08-02 16:01:43,Hot
Delhi,33.91,38.53,51,overcast clouds,3.34,2026-08-02 16:01:43,Very Hot
Bengaluru,23.53,24.11,83,overcast clouds,5.47,2026-08-02 16:01:43,Comfortable
Hyderabad,25.9,26.45,73,light rain,3.26,2026-08-02 16:01:43,Comfortable
Tirunelveli,27.13,28.99,69,overcast clouds,4.32,2026-08-02 16:01:43,Warm
Madurai,29.03,30.93,59,overcast clouds,2.25,2026-08-02 16:01:43,Warm
Theni,26.14,26.14,72,overcast clouds,2.33,2026-08-02 16:01:44,Comfortable
Chennai,30.35,37.35,77,overcast clouds,2.24,2026-08-02 17:57:47,Hot
Mumbai,28.27,32.78,80,scattered clouds,7.88,2026-08-02 17:57:47,Hot
Delhi,33.1,38.37,56,overcast clouds,3.29,2026-08-02 17:57:47,Very Hot
Bengaluru,22.12,22.74,90,overcast clouds,5.48,2026-08-02 17:57:47,Comfortable
Hyderabad,26.16,26.16,72,overcast clouds,4.31,2026-08-02 17:57:47,Comfortable
Tirunelveli,26.86,28.7,71,overcast clouds,4.89,2026-08-02 17:57:47,Warm
Madurai,28.21,30.01,62,light rain,3.19,2026-08-02 17:57:47,Warm
Theni,25.81,26.38,74,overcast clouds,2.64,2026-08-02 17:57:47,Comfortable
Chennai,30.2,37.2,78,light rain,2.24,2026-08-02 19:12:07,Hot
Mumbai,28.31,32.89,80,few clouds,7.35,2026-08-02 19:12:07,Hot
Delhi,32.68,37.41,56,overcast clouds,3.55,2026-08-02 19:12:07,Hot
Bengaluru,22.7,23.22,84,broken clouds,5.29,2026-08-02 19:12:07,Comfortable
Hyderabad,25.62,26.2,75,overcast clouds,4.57,2026-08-02 19:12:07,Comfortable
Tirunelveli,26.98,28.9,71,overcast clouds,5.0,2026-08-02 19:12:07,Warm
Madurai,27.4,29.25,67,light rain,3.62,2026-08-02 19:12:07,Warm
Theni,25.44,26.05,77,overcast clouds,2.01,2026-08-02 19:12:07,Comfortable
Chennai,29.48,35.38,77,light rain,0.89,2026-08-02 20:47:44,Hot
Mumbai,28.31,33.06,81,light rain,7.43,2026-08-02 20:47:44,Hot
Delhi,31.82,36.95,61,overcast clouds,3.9,2026-08-02 20:47:44,Hot
Bengaluru,22.43,22.92,84,overcast clouds,5.06,2026-08-02 20:47:44,Comfortable
Hyderabad,25.04,25.61,77,broken clouds,5.83,2026-08-02 20:47:44,Comfortable
Tirunelveli,26.76,28.53,71,overcast clouds,4.44,2026-08-02 20:47:44,Warm
Madurai,26.97,28.72,69,overcast clouds,3.22,2026-08-02 20:47:44,Warm
Theni,24.89,25.55,81,overcast clouds,1.99,2026-08-02 20:47:44,Comfortable
Chennai,28.76,34.28,81,light rain,0.89,2026-08-02 21:50:24,Hot
Mumbai,28.54,33.49,80,light rain,8.42,2026-08-02 21:50:24,Hot
Delhi,31.46,36.69,63,overcast clouds,3.61,2026-08-02 21:50:24,Hot
Bengaluru,22.43,22.92,84,overcast clouds,5.05,2026-08-02 21:50:24,Comfortable
Hyderabad,24.65,25.26,80,overcast clouds,5.74,2026-08-02 21:50:25,Comfortable
Tirunelveli,26.68,28.4,71,overcast clouds,4.48,2026-08-02 21:50:25,Warm
Madurai,26.92,28.64,69,overcast clouds,3.24,2026-08-02 21:50:25,Warm
Theni,25.06,25.68,79,overcast clouds,1.71,2026-08-02 21:50:25,Comfortable
Chennai,26.68,29.92,91,light rain,0.45,2026-08-02 22:50:51,Warm
Mumbai,28.41,33.15,80,light rain,9.34,2026-08-02 22:50:51,Hot
Delhi,31.1,36.12,64,overcast clouds,3.38,2026-08-02 22:50:51,Hot
Bengaluru,22.14,22.63,85,overcast clouds,4.69,2026-08-02 22:50:51,Comfortable
Hyderabad,24.35,25.01,83,overcast clouds,5.51,2026-08-02 22:50:51,Comfortable
Tirunelveli,26.69,28.48,72,overcast clouds,4.26,2026-08-02 22:50:51,Warm
Madurai,26.6,26.6,70,overcast clouds,3.05,2026-08-02 22:50:51,Comfortable
Theni,25.09,25.67,77,overcast clouds,2.74,2026-08-02 22:50:51,Comfortable
Chennai,26.64,26.64,87,heavy intensity rain,0.45,2026-08-02 23:53:55,Comfortable
Mumbai,27.98,32.2,81,light rain,9.41,2026-08-02 23:53:55,Hot
Delhi,30.76,35.85,66,overcast clouds,3.2,2026-08-02 23:53:55,Hot
Bengaluru,21.88,22.37,86,overcast clouds,5.04,2026-08-02 23:53:55,Comfortable
Hyderabad,24.08,24.74,84,overcast clouds,5.28,2026-08-02 23:53:55,Comfortable
Tirunelveli,26.68,28.47,72,overcast clouds,4.17,2026-08-02 23:53:56,Warm
Madurai,26.63,26.63,70,overcast clouds,1.97,2026-08-02 23:53:56,Comfortable
Theni,25.05,25.6,76,overcast clouds,1.82,2026-08-02 23:53:56,Comfortable
Chennai,27.89,32.75,86,light rain,0.89,2026-08-03 02:21:15,Hot
Mumbai,28.28,33.16,82,light rain,9.3,2026-08-03 02:21:16,Hot
Delhi,30.9,36.19,66,broken clouds,3.66,2026-08-03 02:21:16,Hot
Bengaluru,22.16,22.62,84,overcast clouds,5.45,2026-08-03 02:21:16,Comfortable
Hyderabad,24.81,25.46,81,overcast clouds,6.24,2026-08-03 02:21:16,Comfortable
Tirunelveli,26.72,28.83,76,overcast clouds,4.46,2026-08-03 02:21:16,Warm
Madurai,27.56,29.41,66,overcast clouds,2.5,2026-08-03 02:21:16,Warm
Theni,25.88,26.4,72,overcast clouds,2.24,2026-08-03 02:21:17,Comfortable
Chennai,33.81,40.81,64,overcast clouds,1.34,2026-08-03 06:16:09,Very Hot
Mumbai,28.55,33.52,80,broken clouds,9.05,2026-08-03 06:16:09,Hot
Delhi,36.36,41.84,45,scattered clouds,3.68,2026-08-03 06:16:09,Very Hot
Bengaluru,26.05,26.05,70,overcast clouds,6.34,2026-08-03 06:16:09,Comfortable
Hyderabad,28.82,31.03,62,overcast clouds,6.81,2026-08-03 06:16:09,Warm
Tirunelveli,29.69,32.63,62,overcast clouds,5.67,2026-08-03 06:16:09,Hot
Madurai,31.95,33.81,48,overcast clouds,2.61,2026-08-03 06:16:09,Hot
Theni,32.55,34.16,45,overcast clouds,4.98,2026-08-03 06:16:10,Hot
Chennai,32.95,39.95,68,overcast clouds,2.68,2026-08-03 10:37:21,Very Hot
Mumbai,28.52,33.25,79,light rain,7.91,2026-08-03 10:37:21,Hot
Delhi,35.8,40.96,46,overcast clouds,4.24,2026-08-03 10:37:21,Very Hot
Bengaluru,28.59,29.72,55,overcast clouds,6.12,2026-08-03 10:37:21,Warm
Hyderabad,29.79,31.89,57,overcast clouds,6.22,2026-08-03 10:37:21,Warm
Tirunelveli,28.45,30.27,61,overcast clouds,5.41,2026-08-03 10:37:22,Warm
Madurai,33.09,34.86,44,light rain,4.8,2026-08-03 10:37:22,Hot
Theni,30.93,32.7,51,overcast clouds,5.4,2026-08-03 10:37:22,Hot
Chennai,28.27,32.61,79,moderate rain,0.89,2026-08-03 13:36:29,Hot
Mumbai,28.2,32.77,81,light rain,8.07,2026-08-03 13:36:29,Hot
Delhi,34.29,39.76,52,overcast clouds,2.96,2026-08-03 13:36:29,Very Hot
Bengaluru,25.28,25.72,71,moderate rain,5.75,2026-08-03 13:36:29,Comfortable
Hyderabad,28.42,30.49,63,overcast clouds,3.16,2026-08-03 13:36:29,Warm
Tirunelveli,27.75,29.51,64,overcast clouds,5.24,2026-08-03 13:36:29,Warm
Madurai,29.52,31.26,56,light rain,3.23,2026-08-03 13:36:29,Warm
Theni,27.13,28.9,68,overcast clouds,4.12,2026-08-03 13:36:29,Warm
Chennai,28.87,34.17,79,overcast clouds,2.24,2026-08-03 16:18:29,Hot
Mumbai,28.03,32.17,80,light rain,8.28,2026-08-03 16:18:29,Hot
Delhi,33.55,38.74,54,overcast clouds,2.58,2026-08-03 16:18:29,Very Hot
Bengaluru,24.16,24.49,71,moderate rain,6.0,2026-08-03 16:18:29,Comfortable
Hyderabad,26.58,26.58,73,light rain,3.49,2026-08-03 16:18:29,Comfortable
Tirunelveli,26.69,28.7,75,overcast clouds,4.18,2026-08-03 16:18:29,Warm
Madurai,29.26,30.7,55,overcast clouds,3.72,2026-08-03 16:18:30,Warm
Theni,26.29,26.29,70,overcast clouds,3.98,2026-08-03 16:18:30,Comfortable
Chennai,29.13,34.88,79,overcast clouds,1.34,2026-08-03 18:46:33,Hot
Mumbai,28.2,32.6,80,light rain,7.28,2026-08-03 18:46:33,Hot
Delhi,32.36,36.11,54,overcast clouds,2.65,2026-08-03 18:46:34,Hot
Bengaluru,22.5,22.92,81,light rain,5.13,2026-08-03 18:46:34,Comfortable
Hyderabad,25.19,25.83,79,light rain,3.88,2026-08-03 18:46:34,Comfortable
Tirunelveli,27.05,29.03,71,overcast clouds,4.78,2026-08-03 18:46:34,Warm
Madurai,28.52,30.12,59,overcast clouds,2.88,2026-08-03 18:46:34,Warm
Theni,25.62,26.17,74,overcast clouds,3.04,2026-08-03 18:46:34,Comfortable
Chennai,28.82,34.04,79,overcast clouds,0.89,2026-08-03 20:23:24,Hot
Mumbai,28.17,32.69,81,light rain,6.53,2026-08-03 20:23:24,Hot
Delhi,31.54,35.48,58,light rain,2.27,2026-08-03 20:23:24,Hot
Bengaluru,22.5,22.89,80,overcast clouds,4.93,2026-08-03 20:23:25,Comfortable
Hyderabad,25.24,25.86,78,light rain,4.95,2026-08-03 20:23:25,Comfortable
Tirunelveli,26.86,28.93,74,overcast clouds,4.55,2026-08-03 20:23:25,Warm
Madurai,28.1,29.71,61,overcast clouds,2.98,2026-08-03 20:23:25,Warm
Theni,25.4,25.93,74,overcast clouds,2.67,2026-08-03 20:23:25,Comfortable
Chennai,28.11,32.54,81,overcast clouds,0.45,2026-08-03 22:03:29,Hot
Mumbai,28.25,32.73,80,light rain,6.44,2026-08-03 22:03:30,Hot
Delhi,31.1,35.32,61,overcast clouds,1.88,2026-08-03 22:03:30,Hot
Bengaluru,21.94,22.3,81,overcast clouds,4.79,2026-08-03 22:03:30,Comfortable
Hyderabad,24.53,25.18,82,light rain,5.51,2026-08-03 22:03:30,Comfortable
Tirunelveli,26.63,26.63,76,overcast clouds,5.26,2026-08-03 22:03:31,Comfortable
Madurai,27.93,29.57,62,overcast clouds,2.52,2026-08-03 22:03:31,Warm
Theni,25.36,25.86,73,overcast clouds,2.63,2026-08-03 22:03:31,Comfortable
Chennai,28.12,32.08,78,overcast clouds,0.45,2026-08-04 00:03:55,Hot
Mumbai,28.05,32.38,81,moderate rain,6.69,2026-08-04 00:03:56,Hot
Delhi,30.43,34.59,64,light rain,1.57,2026-08-04 00:03:56,Hot
Bengaluru,21.39,21.75,83,overcast clouds,4.75,2026-08-04 00:03:56,Comfortable
Hyderabad,24.17,24.84,84,overcast clouds,5.62,2026-08-04 00:03:56,Comfortable
Tirunelveli,26.26,26.26,78,overcast clouds,4.2,2026-08-04 00:03:56,Comfortable
Madurai,27.84,29.43,62,overcast clouds,2.25,2026-08-04 00:03:56,Warm
Theni,25.07,25.59,75,overcast clouds,2.58,2026-08-04 00:03:56,Comfortable
Chennai,32.29,39.29,65,overcast clouds,2.24,2026-08-04 04:08:26,Very Hot
Mumbai,28.25,32.56,79,moderate rain,5.48,2026-08-04 04:08:26,Hot
Delhi,32.6,36.92,55,overcast clouds,2.18,2026-08-04 04:08:26,Hot
Bengaluru,23.61,24.01,76,overcast clouds,6.85,2026-08-04 04:08:27,Comfortable
Hyderabad,27.36,29.28,68,overcast clouds,7.12,2026-08-04 04:08:27,Warm
Tirunelveli,30.04,33.11,61,overcast clouds,5.45,2026-08-04 04:08:27,Hot
Madurai,30.19,31.67,52,overcast clouds,2.85,2026-08-04 04:08:27,Warm
Theni,27.87,29.59,63,overcast clouds,2.42,2026-08-04 04:08:27,Warm
Chennai,35.46,42.46,55,overcast clouds,1.34,2026-08-04 07:33:28,Very Hot
Mumbai,28.37,32.87,79,light rain,6.73,2026-08-04 07:33:28,Hot
Delhi,34.09,39.65,53,light rain,2.63,2026-08-04 07:33:28,Very Hot
Bengaluru,26.9,28.53,68,overcast clouds,6.28,2026-08-04 07:33:28,Warm
Hyderabad,30.16,32.73,58,overcast clouds,6.46,2026-08-04 07:33:29,Hot
Tirunelveli,34.47,36.82,42,overcast clouds,8.36,2026-08-04 07:33:29,Hot
Madurai,34.14,35.67,40,overcast clouds,3.2,2026-08-04 07:33:29,Hot
Theni,31.96,33.83,48,light rain,5.64,2026-08-04 07:33:29,Hot
Chennai,33.53,40.53,64,overcast clouds,2.24,2026-08-04 10:32:13,Very Hot
Mumbai,28.46,32.92,78,light rain,7.36,2026-08-04 10:32:14,Hot
Delhi,32.02,38.72,65,moderate rain,4.41,2026-08-04 10:32:14,Very Hot
Bengaluru,26.08,26.08,70,overcast clouds,6.4,2026-08-04 10:32:14,Comfortable
Hyderabad,28.52,31.09,66,light rain,4.79,2026-08-04 10:32:14,Warm
Tirunelveli,32.71,35.18,48,overcast clouds,9.16,2026-08-04 10:32:14,Hot
Madurai,34.55,36.12,39,overcast clouds,5.67,2026-08-04 10:32:14,Hot
Theni,26.8,28.82,74,light rain,4.73,2026-08-04 10:32:14,Warm
Chennai,29.42,34.98,76,overcast clouds,0.45,2026-08-04 12:56:29,Hot
Mumbai,28.24,32.71,80,light rain,6.97,2026-08-04 12:56:29,Hot
Delhi,31.05,37.43,69,moderate rain,4.48,2026-08-04 12:56:29,Hot
Bengaluru,22.42,22.96,86,overcast clouds,5.54,2026-08-04 12:56:29,Comfortable
Hyderabad,27.74,30.05,69,overcast clouds,4.32,2026-08-04 12:56:30,Warm
Tirunelveli,29.49,31.89,60,overcast clouds,7.16,2026-08-04 12:56:30,Warm
Madurai,29.73,31.61,56,light rain,7.15,2026-08-04 12:56:30,Warm
Theni,26.52,26.52,72,light rain,3.97,2026-08-04 12:56:30,Comfortable
Chennai,30.45,37.45,77,overcast clouds,0.89,2026-08-04 15:23:19,Hot
Mumbai,28.18,32.55,80,light rain,6.59,2026-08-04 15:23:19,Hot
Delhi,29.1,34.36,77,light rain,5.1,2026-08-04 15:23:19,Hot
Bengaluru,21.88,22.42,88,light rain,6.03,2026-08-04 15:23:19,Comfortable
Hyderabad,26.12,26.12,77,broken clouds,3.08,2026-08-04 15:23:19,Comfortable
Tirunelveli,28.23,30.7,67,overcast clouds,7.41,2026-08-04 15:23:19,Warm
Madurai,28.34,29.84,59,overcast clouds,4.74,2026-08-04 15:23:19,Warm
Theni,26.07,26.07,70,overcast clouds,4.29,2026-08-04 15:23:19,Comfortable
Chennai,29.02,35.7,84,light rain,4.96,2026-08-04 17:40:06,Hot
Mumbai,28.2,32.44,79,light rain,6.75,2026-08-04 17:40:06,Hot
Delhi,28.46,33.1,79,overcast clouds,3.95,2026-08-04 17:40:06,Hot
Bengaluru,20.77,21.25,90,overcast clouds,5.3,2026-08-04 17:40:06,Comfortable
Hyderabad,25.4,26.06,79,broken clouds,3.73,2026-08-04 17:40:06,Comfortable
Tirunelveli,27.57,29.64,68,light rain,6.07,2026-08-04 17:40:06,Warm
Madurai,27.46,29.25,66,light rain,2.68,2026-08-04 17:40:06,Warm
Theni,25.68,26.13,70,overcast clouds,3.27,2026-08-04 17:40:06,Comfortable
Chennai,26.09,26.09,97,very heavy rain,0.89,2026-08-04 19:24:14,Comfortable
Mumbai,28.14,32.62,81,light rain,6.8,2026-08-04 19:24:14,Hot
Delhi,28.96,33.6,75,light rain,1.98,2026-08-04 19:24:14,Hot
Bengaluru,20.77,21.25,90,overcast clouds,4.89,2026-08-04 19:24:14,Comfortable
Hyderabad,25.03,25.7,81,light rain,4.24,2026-08-04 19:24:14,Comfortable
Tirunelveli,27.14,29.28,72,overcast clouds,5.63,2026-08-04 19:24:20,Warm
Madurai,26.82,28.41,68,light rain,2.98,2026-08-04 19:24:20,Warm
Theni,25.16,25.61,72,overcast clouds,2.56,2026-08-04 19:24:20,Comfortable
Chennai,25.54,26.66,96,moderate rain,0.45,2026-08-04 21:06:13,Comfortable
Mumbai,27.82,31.8,81,light rain,7.96,2026-08-04 21:06:13,Warm
Delhi,28.91,33.67,76,overcast clouds,1.97,2026-08-04 21:06:13,Hot
Bengaluru,20.77,21.25,90,overcast clouds,5.08,2026-08-04 21:06:13,Comfortable
Hyderabad,24.73,25.4,82,overcast clouds,5.52,2026-08-04 21:06:13,Comfortable
Tirunelveli,26.86,28.93,74,overcast clouds,5.51,2026-08-04 21:06:16,Warm
Madurai,26.53,26.53,69,light rain,2.59,2026-08-04 21:06:16,Comfortable
Theni,25.02,25.51,74,overcast clouds,3.32,2026-08-04 21:06:18,Comfortable
Chennai,25.84,26.99,96,overcast clouds,0.89,2026-08-04 22:57:40,Comfortable
Mumbai,27.97,32.02,80,light rain,8.31,2026-08-04 22:57:40,Hot
Delhi,27.98,32.05,80,moderate rain,2.63,2026-08-04 22:57:41,Hot
Bengaluru,20.77,21.25,90,overcast clouds,4.9,2026-08-04 22:57:41,Comfortable
Hyderabad,23.96,24.63,85,overcast clouds,5.72,2026-08-04 22:57:41,Comfortable
Tirunelveli,26.61,26.61,72,overcast clouds,5.37,2026-08-04 22:57:41,Comfortable
Madurai,26.68,28.13,67,light rain,2.24,2026-08-04 22:57:41,Warm
Theni,24.97,25.51,76,overcast clouds,3.45,2026-08-04 22:57:41,Comfortable
Chennai,26.1,26.1,96,light rain,0.45,2026-08-05 00:04:13,Comfortable
Mumbai,28.01,32.12,80,light rain,7.43,2026-08-05 00:04:13,Hot
Delhi,27.83,31.68,80,moderate rain,1.52,2026-08-05 00:04:13,Warm
Bengaluru,20.77,21.25,90,overcast clouds,5.27,2026-08-05 00:04:13,Comfortable
Hyderabad,23.83,24.51,86,overcast clouds,5.4,2026-08-05 00:04:13,Comfortable
Tirunelveli,26.45,26.45,73,overcast clouds,5.78,2026-08-05 00:04:14,Comfortable
Madurai,26.58,26.58,68,overcast clouds,3.27,2026-08-05 00:04:14,Comfortable
Theni,24.62,25.2,79,overcast clouds,2.63,2026-08-05 00:04:14,Comfortable
Chennai,30.75,37.52,72,overcast clouds,2.24,2026-08-05 03:55:46,Hot
Mumbai,28.08,32.3,80,moderate rain,7.34,2026-08-05 03:55:46,Hot
Delhi,31.17,36.85,66,moderate rain,2.56,2026-08-05 03:55:46,Hot
Bengaluru,22.95,23.47,83,overcast clouds,6.9,2026-08-05 03:55:46,Comfortable
Hyderabad,27.26,29.21,69,overcast clouds,7.24,2026-08-05 03:55:47,Warm
Tirunelveli,28.86,30.95,61,overcast clouds,5.33,2026-08-05 03:55:47,Warm
Madurai,27.74,29.49,64,overcast clouds,2.44,2026-08-05 03:55:47,Warm
Theni,28.33,30.47,64,overcast clouds,3.54,2026-08-05 03:55:47,Warm
Chennai,33.18,40.18,64,overcast clouds,1.34,2026-08-05 06:24:10,Very Hot
Mumbai,28.4,32.6,77,moderate rain,7.74,2026-08-05 06:24:10,Hot
Delhi,33.65,39.33,55,moderate rain,3.09,2026-08-05 06:24:10,Very Hot
Bengaluru,26.83,28.42,68,overcast clouds,7.64,2026-08-05 06:24:10,Warm
Hyderabad,29.6,32.09,60,overcast clouds,7.86,2026-08-05 06:24:10,Hot
Tirunelveli,32.32,34.46,48,overcast clouds,7.4,2026-08-05 06:24:11,Hot
Madurai,30.98,32.78,51,overcast clouds,3.36,2026-08-05 06:24:11,Hot
Theni,31.19,33.8,54,overcast clouds,4.17,2026-08-05 06:24:11,Hot
Chennai,35.4,42.4,58,overcast clouds,1.34,2026-08-05 09:32:22,Very Hot
Mumbai,28.43,33.02,79,light rain,8.35,2026-08-05 09:32:22,Hot
Delhi,29.73,34.85,72,overcast clouds,2.81,2026-08-05 09:32:22,Hot
Bengaluru,27.18,29.07,69,overcast clouds,7.65,2026-08-05 09:32:22,Warm
Hyderabad,29.78,31.87,57,overcast clouds,7.2,2026-08-05 09:32:22,Warm
Tirunelveli,33.57,36.27,46,overcast clouds,8.0,2026-08-05 09:32:23,Hot
Madurai,32.79,34.57,45,overcast clouds,1.41,2026-08-05 09:32:23,Hot
Theni,31.93,33.77,48,light rain,5.03,2026-08-05 09:32:23,Hot
Chennai,33.82,40.82,63,overcast clouds,1.79,2026-08-05 11:54:55,Very Hot
Mumbai,28.23,32.68,80,light rain,7.87,2026-08-05 11:54:55,Hot
Delhi,30.42,35.56,68,light rain,1.99,2026-08-05 11:54:55,Hot
Bengaluru,27.14,28.83,67,overcast clouds,6.35,2026-08-05 11:54:55,Warm
Hyderabad,28.91,31.19,62,overcast clouds,6.03,2026-08-05 11:54:55,Warm
Tirunelveli,32.1,34.55,50,overcast clouds,8.44,2026-08-05 11:54:55,Hot
Madurai,32.35,34.28,47,overcast clouds,3.73,2026-08-05 11:54:55,Hot
Theni,29.83,32.14,58,light rain,5.51,2026-08-05 11:54:55,Hot
Chennai,31.06,38.06,77,overcast clouds,0.89,2026-08-05 13:55:36,Very Hot
Mumbai,28.28,32.81,80,light rain,8.24,2026-08-05 13:55:36,Hot
Delhi,31.03,36.51,66,light rain,2.78,2026-08-05 13:55:36,Hot
Bengaluru,22.4,22.97,87,overcast clouds,5.27,2026-08-05 13:55:36,Comfortable
Hyderabad,26.6,26.6,73,overcast clouds,4.35,2026-08-05 13:55:36,Comfortable
Tirunelveli,29.56,32.01,60,overcast clouds,5.9,2026-08-05 13:55:36,Hot
Madurai,30.38,32.35,54,light rain,3.16,2026-08-05 13:55:36,Hot
Theni,26.41,26.41,73,light rain,3.87,2026-08-05 13:55:36,Comfortable
Chennai,30.65,37.65,81,overcast clouds,0.89,2026-08-05 15:59:26,Hot
Mumbai,28.23,32.85,81,light rain,8.25,2026-08-05 15:59:26,Hot
Delhi,30.82,36.55,68,overcast clouds,1.65,2026-08-05 15:59:26,Hot
Bengaluru,22.72,23.21,83,overcast clouds,5.19,2026-08-05 15:59:27,Comfortable
Hyderabad,26.15,26.15,75,overcast clouds,3.63,2026-08-05 15:59:27,Comfortable
Tirunelveli,28.39,30.71,65,overcast clouds,6.4,2026-08-05 15:59:27,Warm
Madurai,29.24,31.12,58,overcast clouds,2.47,2026-08-05 15:59:27,Warm
Theni,26.33,26.33,70,overcast clouds,2.87,2026-08-05 15:59:27,Comfortable
Chennai,29.49,36.49,84,light rain,4.83,2026-08-05 17:46:27,Hot
Mumbai,28.08,32.3,80,light rain,8.18,2026-08-05 17:46:27,Hot
Delhi,30.88,36.42,67,overcast clouds,1.53,2026-08-05 17:46:27,Hot
Bengaluru,22.16,22.68,86,overcast clouds,4.76,2026-08-05 17:46:27,Comfortable
Hyderabad,25.88,26.48,75,overcast clouds,4.51,2026-08-05 17:46:27,Comfortable
Tirunelveli,28.0,30.28,67,overcast clouds,5.57,2026-08-05 17:46:27,Warm
Madurai,28.26,29.96,61,light rain,3.39,2026-08-05 17:46:27,Warm
Theni,25.74,26.2,70,overcast clouds,2.23,2026-08-05 17:46:27,Comfortable
Chennai,27.14,31.14,90,light rain,0.89,2026-08-05 19:22:29,Warm
Mumbai,28.09,32.33,80,light rain,7.27,2026-08-05 19:22:29,Hot
Delhi,30.33,35.34,68,light rain,0.85,2026-08-05 19:22:29,Hot
Bengaluru,21.61,22.1,87,overcast clouds,5.58,2026-08-05 19:22:29,Comfortable
Hyderabad,25.43,26.09,79,light rain,4.93,2026-08-05 19:22:29,Comfortable
Tirunelveli,27.5,29.95,72,overcast clouds,5.96,2026-08-05 19:22:29,Warm
Madurai,28.13,30.0,63,light rain,2.66,2026-08-05 19:22:29,Warm
Theni,25.42,25.9,72,overcast clouds,2.23,2026-08-05 19:22:30,Comfortable
Chennai,26.94,30.98,94,overcast clouds,1.79,2026-08-05 21:02:24,Warm
Mumbai,28.04,32.2,80,light rain,7.92,2026-08-05 21:02:24,Hot
Delhi,30.36,35.41,68,overcast clouds,0.8,2026-08-05 21:02:24,Hot
Bengaluru,21.61,22.07,86,overcast clouds,5.6,2026-08-05 21:02:24,Comfortable
Hyderabad,24.7,25.34,81,overcast clouds,6.22,2026-08-05 21:02:24,Comfortable
Tirunelveli,27.27,29.61,73,overcast clouds,5.2,2026-08-05 21:02:24,Warm
Madurai,27.2,28.75,65,light rain,3.17,2026-08-05 21:02:24,Warm
Theni,24.78,25.3,76,overcast clouds,2.36,2026-08-05 21:02:24,Comfortable
Chennai,27.1,31.36,93,overcast clouds,1.79,2026-08-05 22:53:36,Warm
Mumbai,28.03,32.17,80,light rain,7.53,2026-08-05 22:53:36,Hot
Delhi,29.13,34.02,75,moderate rain,2.42,2026-08-05 22:53:37,Hot
Bengaluru,21.05,21.51,88,overcast clouds,5.14,2026-08-05 22:53:37,Comfortable
Hyderabad,23.8,24.46,85,overcast clouds,5.95,2026-08-05 22:53:37,Comfortable
Tirunelveli,27.24,29.36,71,overcast clouds,5.0,2026-08-05 22:53:37,Warm
Madurai,27.27,28.68,63,overcast clouds,2.92,2026-08-05 22:53:37,Warm
Theni,24.81,25.36,77,overcast clouds,3.43,2026-08-05 22:53:37,Comfortable
Chennai,27.11,31.05,90,overcast clouds,1.34,2026-08-05 23:55:29,Warm
Mumbai,27.9,32.0,81,light rain,8.15,2026-08-05 23:55:29,Hot
Delhi,29.12,33.79,74,light rain,2.55,2026-08-05 23:55:29,Hot
Bengaluru,21.05,21.51,88,overcast clouds,5.04,2026-08-05 23:55:29,Comfortable
Hyderabad,23.55,24.23,87,overcast clouds,6.04,2026-08-05 23:55:29,Comfortable
Tirunelveli,27.17,29.24,71,overcast clouds,4.8,2026-08-05 23:55:29,Warm
Madurai,27.17,28.62,64,overcast clouds,2.42,2026-08-05 23:55:29,Warm
Theni,24.89,25.42,76,overcast clouds,3.63,2026-08-05 23:55:29,Comfortable
Chennai,28.87,33.97,78,overcast clouds,0.45,2026-08-06 02:07:39,Hot
Mumbai,28.03,32.49,82,light rain,8.09,2026-08-06 02:07:39,Hot
Delhi,28.65,32.67,74,overcast clouds,1.77,2026-08-06 02:07:39,Hot
Bengaluru,21.05,21.53,89,overcast clouds,5.96,2026-08-06 02:07:39,Comfortable
Hyderabad,24.28,24.9,82,overcast clouds,6.51,2026-08-06 02:07:39,Comfortable
Tirunelveli,27.39,29.95,74,overcast clouds,5.31,2026-08-06 02:07:39,Warm
Madurai,27.73,29.47,64,overcast clouds,2.59,2026-08-06 02:07:39,Warm
Theni,25.98,25.98,72,overcast clouds,3.56,2026-08-06 02:07:39,Comfortable
Chennai,33.66,40.66,60,overcast clouds,1.34,2026-08-06 05:43:10,Very Hot
Mumbai,28.45,33.25,80,light rain,8.37,2026-08-06 05:43:10,Hot
Delhi,29.76,34.69,71,overcast clouds,1.96,2026-08-06 05:43:10,Hot
Bengaluru,25.86,26.43,74,overcast clouds,7.16,2026-08-06 05:43:10,Comfortable
Hyderabad,29.46,31.66,59,overcast clouds,7.65,2026-08-06 05:43:10,Warm
Tirunelveli,33.74,37.2,48,overcast clouds,6.08,2026-08-06 05:43:10,Hot
Madurai,32.92,34.8,45,overcast clouds,2.63,2026-08-06 05:43:10,Hot
Theni,32.38,34.33,47,overcast clouds,4.35,2026-08-06 05:43:10,Hot
Chennai,35.62,42.62,56,overcast clouds,0.89,2026-08-06 08:25:51,Very Hot
Mumbai,28.73,33.8,79,light rain,8.27,2026-08-06 08:25:51,Hot
Delhi,27.61,31.54,83,light rain,3.14,2026-08-06 08:25:51,Warm
Bengaluru,27.19,29.09,69,overcast clouds,6.5,2026-08-06 08:25:51,Warm
Hyderabad,30.16,32.35,56,overcast clouds,6.76,2026-08-06 08:25:51,Hot
Tirunelveli,31.81,36.06,58,overcast clouds,6.21,2026-08-06 08:25:51,Hot
Madurai,34.39,36.39,41,light rain,3.89,2026-08-06 08:25:51,Hot
Theni,31.7,34.77,54,light rain,5.64,2026-08-06 08:25:51,Hot
Chennai,33.52,40.52,61,overcast clouds,1.34,2026-08-06 11:16:37,Very Hot
Mumbai,28.49,33.18,79,overcast clouds,8.76,2026-08-06 11:16:37,Hot
Delhi,26.84,29.91,86,light rain,3.03,2026-08-06 11:16:37,Warm
Bengaluru,23.51,23.98,79,overcast clouds,7.27,2026-08-06 11:16:37,Comfortable
Hyderabad,28.94,30.93,60,overcast clouds,6.24,2026-08-06 11:16:37,Warm
Tirunelveli,29.76,32.96,63,overcast clouds,7.65,2026-08-06 11:16:37,Hot
Madurai,31.51,33.49,50,light rain,7.5,2026-08-06 11:16:37,Hot
Theni,29.18,31.84,63,light rain,6.47,2026-08-06 11:16:38,Warm
Chennai,30.55,37.55,77,overcast clouds,0.89,2026-08-06 13:53:14,Hot
Mumbai,28.18,32.72,81,light rain,8.7,2026-08-06 13:53:14,Hot
Delhi,27.05,30.05,82,overcast clouds,2.29,2026-08-06 13:53:14,Warm
Bengaluru,22.45,22.97,85,overcast clouds,7.66,2026-08-06 13:53:14,Comfortable
Hyderabad,27.53,29.36,66,overcast clouds,4.54,2026-08-06 13:53:14,Warm
Tirunelveli,27.51,29.54,68,overcast clouds,6.13,2026-08-06 13:53:14,Warm
Madurai,28.61,30.39,60,light rain,6.02,2026-08-06 13:53:14,Warm
Theni,26.33,26.33,72,overcast clouds,5.16,2026-08-06 13:53:14,Comfortable
Chennai,29.13,34.23,76,light rain,2.68,2026-08-06 16:10:25,Hot
Mumbai,28.12,32.4,80,light rain,8.8,2026-08-06 16:10:25,Hot
Delhi,26.68,29.35,84,overcast clouds,2.63,2026-08-06 16:10:25,Warm
Bengaluru,22.16,22.65,85,overcast clouds,7.66,2026-08-06 16:10:25,Comfortable
Hyderabad,26.3,26.3,73,light rain,5.76,2026-08-06 16:10:25,Comfortable
Tirunelveli,27.0,29.11,73,overcast clouds,5.61,2026-08-06 16:10:26,Warm
Madurai,27.57,29.22,64,light rain,5.7,2026-08-06 16:10:26,Warm
Theni,25.66,26.27,76,overcast clouds,5.38,2026-08-06 16:10:26,Comfortable
Chennai,27.75,31.91,83,overcast clouds,0.45,2026-08-07 00:38:18,Warm
Mumbai,27.8,31.89,82,light rain,9.06,2026-08-07 00:38:18,Warm
Delhi,26.36,26.36,88,moderate rain,3.67,2026-08-07 00:38:18,Comfortable
Bengaluru,21.05,21.48,87,overcast clouds,6.64,2026-08-07 00:38:19,Comfortable
Hyderabad,23.4,24.04,86,overcast clouds,6.34,2026-08-07 00:38:19,Comfortable
Tirunelveli,25.85,26.42,74,overcast clouds,5.45,2026-08-07 00:38:19,Comfortable
Madurai,26.39,26.39,70,overcast clouds,3.87,2026-08-07 00:38:19,Comfortable
Theni,24.1,24.68,81,overcast clouds,4.79,2026-08-07 00:38:19,Comfortable
Chennai,31.29,37.45,67,overcast clouds,1.34,2026-08-07 03:45:53,Hot
Mumbai,28.11,32.54,81,light rain,9.13,2026-08-07 03:45:53,Hot
Delhi,27.81,32.07,83,light rain,3.88,2026-08-07 03:45:53,Hot
Bengaluru,23.0,23.42,79,overcast clouds,8.4,2026-08-07 03:45:53,Comfortable
Hyderabad,27.54,29.18,64,overcast clouds,8.33,2026-08-07 03:45:54,Warm
Tirunelveli,27.57,29.43,66,overcast clouds,6.3,2026-08-07 03:45:54,Warm
Madurai,28.32,30.06,61,overcast clouds,4.62,2026-08-07 03:45:54,Warm
Theni,27.01,28.79,69,overcast clouds,4.85,2026-08-07 03:45:54,Warm
Chennai,32.84,39.83,62,overcast clouds,1.34,2026-08-07 05:35:56,Very Hot
Mumbai,28.16,32.67,81,light rain,8.95,2026-08-07 05:35:56,Hot
Delhi,28.58,33.41,79,light rain,3.65,2026-08-07 05:35:56,Hot
Bengaluru,25.75,26.29,73,overcast clouds,8.65,2026-08-07 05:35:56,Comfortable
Hyderabad,28.8,30.42,58,overcast clouds,8.67,2026-08-07 05:35:56,Warm
Tirunelveli,28.68,30.5,60,overcast clouds,6.25,2026-08-07 05:35:57,Warm
Madurai,31.03,33.07,52,overcast clouds,4.29,2026-08-07 05:35:57,Hot
Theni,28.56,30.87,64,overcast clouds,5.77,2026-08-07 05:35:57,Warm
Chennai,34.2,41.2,58,overcast clouds,1.79,2026-08-07 07:06:23,Very Hot
Mumbai,28.62,33.51,79,light rain,8.12,2026-08-07 07:06:23,Hot
Delhi,30.14,36.15,73,moderate rain,3.53,2026-08-07 07:06:23,Hot
Bengaluru,26.74,28.43,70,light rain,8.36,2026-08-07 07:06:23,Warm
Hyderabad,30.73,32.76,53,light rain,7.82,2026-08-07 07:06:23,Hot
Tirunelveli,30.48,33.34,58,overcast clouds,6.29,2026-08-07 07:06:23,Hot
Madurai,33.28,35.45,45,overcast clouds,5.87,2026-08-07 07:06:23,Hot
Theni,28.98,31.47,63,overcast clouds,6.73,2026-08-07 07:06:23,Warm
Chennai,33.66,40.66,61,light rain,0.89,2026-08-07 08:52:33,Very Hot
Mumbai,28.73,33.41,77,light rain,8.97,2026-08-07 08:52:33,Hot
Delhi,30.79,36.75,69,light rain,3.28,2026-08-07 08:52:33,Hot
Bengaluru,27.24,29.36,71,light rain,8.08,2026-08-07 08:52:33,Warm
Hyderabad,30.62,32.18,51,overcast clouds,7.26,2026-08-07 08:52:33,Hot
Tirunelveli,29.7,31.91,58,overcast clouds,5.95,2026-08-07 08:52:33,Warm
Madurai,33.18,35.01,44,overcast clouds,7.48,2026-08-07 08:52:33,Hot
Theni,29.03,31.4,62,light rain,6.85,2026-08-07 08:52:33,Warm
Chennai,33.07,40.07,62,overcast clouds,1.79,2026-08-07 09:56:08,Very Hot
Mumbai,28.78,33.74,78,overcast clouds,8.25,2026-08-07 09:56:08,Hot
Delhi,31.28,37.43,67,light rain,2.65,2026-08-07 09:56:08,Hot
Bengaluru,27.14,29.75,77,light rain,7.87,2026-08-07 09:56:08,Warm
Hyderabad,29.35,31.31,58,overcast clouds,7.22,2026-08-07 09:56:08,Warm
Tirunelveli,29.13,31.26,60,overcast clouds,5.83,2026-08-07 09:56:08,Warm
Madurai,31.47,33.42,50,light rain,7.97,2026-08-07 09:56:09,Hot
Theni,27.44,29.52,69,overcast clouds,6.27,2026-08-07 09:56:09,Warm
Chennai,31.11,36.99,67,overcast clouds,0.45,2026-08-07 10:49:40,Hot
Mumbai,28.63,33.35,78,overcast clouds,8.06,2026-08-07 10:49:40,Hot
Delhi,31.51,37.71,66,light rain,2.5,2026-08-07 10:49:40,Hot
Bengaluru,27.14,29.95,79,light rain,6.69,2026-08-07 10:49:40,Warm
Hyderabad,28.78,30.67,60,light rain,6.83,2026-08-07 10:49:40,Warm
Tirunelveli,28.66,30.61,61,overcast clouds,5.49,2026-08-07 10:49:40,Warm
Madurai,28.7,30.68,61,moderate rain,7.24,2026-08-07 10:49:40,Warm
Theni,26.66,26.66,73,light rain,5.02,2026-08-07 10:49:40,Comfortable
Chennai,30.46,36.73,72,light rain,0.89,2026-08-07 11:41:12,Hot
Mumbai,28.56,33.36,79,overcast clouds,7.82,2026-08-07 11:41:12,Hot
Delhi,30.55,36.69,71,light rain,2.4,2026-08-07 11:41:12,Hot
Bengaluru,27.34,30.63,81,light rain,5.85,2026-08-07 11:41:13,Warm
Hyderabad,28.04,29.98,64,light rain,6.26,2026-08-07 11:41:13,Warm
Tirunelveli,28.07,30.15,65,overcast clouds,4.79,2026-08-07 11:41:13,Warm
Madurai,27.92,30.02,66,light rain,5.53,2026-08-07 11:41:13,Warm
Theni,26.45,26.45,73,light rain,4.21,2026-08-07 11:41:13,Comfortable
Chennai,30.08,36.79,76,overcast clouds,1.34,2026-08-07 14:09:19,Hot
Mumbai,28.43,33.02,79,light rain,7.22,2026-08-07 14:09:19,Hot
Delhi,28.69,33.7,79,light rain,3.15,2026-08-07 14:09:20,Hot
Bengaluru,21.61,22.18,90,light rain,6.43,2026-08-07 14:09:20,Comfortable
Hyderabad,26.13,26.13,74,light rain,4.72,2026-08-07 14:09:20,Comfortable
Tirunelveli,28.08,30.55,68,broken clouds,6.11,2026-08-07 14:09:20,Warm
Madurai,28.51,30.5,62,light rain,4.32,2026-08-07 14:09:20,Warm
Theni,25.35,25.95,77,light rain,2.89,2026-08-07 14:09:20,Comfortable
Chennai,29.6,35.23,75,overcast clouds,2.24,2026-08-07 15:51:14,Hot
Mumbai,28.48,32.97,78,light rain,7.62,2026-08-07 15:51:14,Hot
Delhi,28.26,32.93,81,light rain,3.01,2026-08-07 15:51:14,Hot
Bengaluru,21.61,22.18,90,overcast clouds,6.36,2026-08-07 15:51:14,Comfortable
Hyderabad,25.73,26.32,75,light rain,3.58,2026-08-07 15:51:14,Comfortable
Tirunelveli,27.29,28.98,66,overcast clouds,6.51,2026-08-07 15:51:14,Warm
Madurai,27.16,28.86,67,light rain,4.59,2026-08-07 15:51:14,Warm
Theni,25.11,25.71,78,overcast clouds,4.05,2026-08-07 15:51:14,Comfortable
Chennai,28.82,33.25,75,light rain,1.34,2026-08-07 16:48:24,Hot
Mumbai,28.5,33.02,78,light rain,7.24,2026-08-07 16:48:24,Hot
Delhi,28.03,32.49,82,light rain,2.94,2026-08-07 16:48:24,Hot
Bengaluru,21.61,22.2,91,overcast clouds,6.37,2026-08-07 16:48:24,Comfortable
Hyderabad,25.65,26.2,74,light rain,4.52,2026-08-07 16:48:25,Comfortable
Tirunelveli,27.16,28.86,67,overcast clouds,5.94,2026-08-07 16:48:25,Warm
Madurai,26.9,28.53,68,overcast clouds,4.01,2026-08-07 16:48:25,Warm
Theni,25.1,25.7,78,overcast clouds,3.52,2026-08-07 16:48:25,Comfortable
Chennai,29.13,34.02,75,overcast clouds,2.24,2026-08-07 17:43:53,Hot
Mumbai,28.51,33.04,78,light rain,7.7,2026-08-07 17:43:53,Hot
Delhi,27.88,32.25,83,overcast clouds,2.84,2026-08-07 17:43:53,Hot
Bengaluru,21.61,22.18,90,overcast clouds,6.41,2026-08-07 17:43:53,Comfortable
Hyderabad,25.8,26.34,73,light rain,5.1,2026-08-07 17:43:54,Comfortable
Tirunelveli,26.95,28.53,67,overcast clouds,5.51,2026-08-07 17:43:54,Warm
Madurai,26.91,28.55,68,overcast clouds,3.53,2026-08-07 17:43:54,Warm
Theni,25.13,25.71,77,overcast clouds,3.48,2026-08-07 17:43:54,Comfortable
Chennai,28.76,33.3,76,overcast clouds,0.89,2026-08-07 18:47:07,Hot
Mumbai,28.47,32.77,77,light rain,6.94,2026-08-07 18:47:07,Hot
Delhi,26.59,26.59,84,overcast clouds,3.31,2026-08-07 18:47:07,Comfortable
Bengaluru,21.34,21.88,90,overcast clouds,6.54,2026-08-07 18:47:08,Comfortable
Hyderabad,25.3,25.87,76,overcast clouds,5.22,2026-08-07 18:47:08,Comfortable
Tirunelveli,26.89,28.52,68,overcast clouds,5.54,2026-08-07 18:47:08,Warm
Madurai,26.77,28.4,69,light rain,2.77,2026-08-07 18:47:08,Warm
Theni,24.45,25.07,81,light rain,4.08,2026-08-07 18:47:08,Comfortable
Chennai,28.78,33.35,76,overcast clouds,1.34,2026-08-07 19:48:49,Hot
Mumbai,28.35,32.48,77,overcast clouds,7.25,2026-08-07 19:48:49,Hot
Delhi,26.57,26.57,85,overcast clouds,3.03,2026-08-07 19:48:49,Comfortable
Bengaluru,21.05,21.56,90,overcast clouds,6.65,2026-08-07 19:48:49,Comfortable
Hyderabad,24.68,25.27,79,overcast clouds,5.47,2026-08-07 19:48:49,Comfortable
Tirunelveli,26.51,26.51,70,overcast clouds,5.77,2026-08-07 19:48:49,Comfortable
Madurai,26.79,28.36,68,light rain,2.72,2026-08-07 19:48:49,Warm
Theni,24.12,24.75,83,light rain,3.44,2026-08-07 19:48:49,Comfortable
Chennai,29.05,33.62,74,overcast clouds,0.89,2026-08-07 20:35:02,Hot
Mumbai,28.35,32.48,77,overcast clouds,7.25,2026-08-07 20:35:02,Hot
Delhi,26.57,26.57,85,light rain,3.03,2026-08-07 20:35:02,Comfortable
Bengaluru,21.05,21.56,90,overcast clouds,6.65,2026-08-07 20:35:02,Comfortable
Hyderabad,24.68,25.27,79,light rain,5.47,2026-08-07 20:35:03,Comfortable
Tirunelveli,26.36,26.36,72,overcast clouds,5.42,2026-08-07 20:35:03,Comfortable
Madurai,26.79,28.29,67,overcast clouds,3.12,2026-08-07 20:35:03,Warm
Theni,24.24,24.81,80,overcast clouds,3.6,2026-08-07 20:35:03,Comfortable
Chennai,28.76,32.92,74,overcast clouds,1.34,2026-08-07 21:33:31,Hot
Mumbai,28.01,31.82,78,light rain,7.42,2026-08-07 21:33:32,Warm
Delhi,26.69,29.46,85,overcast clouds,2.92,2026-08-07 21:33:32,Warm
Bengaluru,21.05,21.56,90,overcast clouds,6.18,2026-08-07 21:33:32,Comfortable
Hyderabad,24.41,25.0,80,overcast clouds,5.67,2026-08-07 21:33:32,Comfortable
Tirunelveli,26.45,26.45,72,overcast clouds,4.67,2026-08-07 21:33:32,Comfortable
Madurai,26.38,26.38,68,overcast clouds,3.18,2026-08-07 21:33:32,Comfortable
Theni,24.48,25.05,79,overcast clouds,3.22,2026-08-07 21:33:33,Comfortable
Chennai,28.51,32.34,74,overcast clouds,1.34,2026-08-07 22:29:04,Hot
Mumbai,28.01,31.82,78,light rain,7.42,2026-08-07 22:29:04,Warm
Delhi,26.69,29.46,85,overcast clouds,2.92,2026-08-07 22:29:04,Warm
Bengaluru,20.77,21.25,90,overcast clouds,6.18,2026-08-07 22:29:04,Comfortable
Hyderabad,24.25,24.85,81,overcast clouds,5.77,2026-08-07 22:29:04,Comfortable
Tirunelveli,26.43,26.43,75,overcast clouds,4.67,2026-08-07 22:29:04,Comfortable
Madurai,26.37,26.37,68,overcast clouds,3.18,2026-08-07 22:29:05,Comfortable
Theni,24.47,25.04,79,overcast clouds,3.22,2026-08-07 22:29:05,Comfortable
Chennai,28.22,31.85,75,overcast clouds,0.89,2026-08-07 23:28:41,Warm
Mumbai,28.0,31.8,78,light rain,7.58,2026-08-07 23:28:41,Warm
Delhi,26.69,29.54,86,overcast clouds,2.92,2026-08-07 23:28:42,Warm
Bengaluru,20.77,21.23,89,overcast clouds,6.37,2026-08-07 23:28:42,Comfortable
Hyderabad,23.8,24.43,84,overcast clouds,5.81,2026-08-07 23:28:42,Comfortable
Tirunelveli,26.38,26.38,74,overcast clouds,4.92,2026-08-07 23:28:42,Comfortable
Madurai,26.15,26.15,70,overcast clouds,2.94,2026-08-07 23:28:42,Comfortable
Theni,24.4,24.96,79,overcast clouds,2.95,2026-08-07 23:28:42,Comfortable
Chennai,28.51,32.34,74,overcast clouds,0.89,2026-08-08 01:11:49,Hot
Mumbai,28.04,32.2,80,light rain,7.98,2026-08-08 01:11:49,Hot
Delhi,26.88,29.92,85,light rain,3.5,2026-08-08 01:11:49,Warm
Bengaluru,20.5,20.96,90,overcast clouds,7.21,2026-08-08 01:11:50,Comfortable
Hyderabad,23.44,24.06,85,overcast clouds,5.73,2026-08-08 01:11:50,Comfortable
Tirunelveli,26.11,26.11,75,overcast clouds,4.32,2026-08-08 01:11:50,Comfortable
Madurai,25.58,26.15,75,overcast clouds,2.49,2026-08-08 01:11:50,Comfortable
Theni,24.47,24.98,77,overcast clouds,2.61,2026-08-08 01:11:50,Comfortable
Chennai,30.79,36.47,68,overcast clouds,0.45,2026-08-08 03:19:57,Hot
Mumbai,28.32,32.91,80,light rain,8.21,2026-08-08 03:19:57,Hot
Delhi,29.03,33.77,75,light rain,4.68,2026-08-08 03:19:57,Hot
Bengaluru,22.45,22.94,84,overcast clouds,8.21,2026-08-08 03:19:57,Comfortable
Hyderabad,25.06,25.63,77,overcast clouds,7.14,2026-08-08 03:19:57,Comfortable
Tirunelveli,26.71,28.52,72,overcast clouds,4.0,2026-08-08 03:19:57,Warm
Madurai,26.49,26.49,71,overcast clouds,1.47,2026-08-08 03:19:57,Comfortable
Theni,25.79,26.3,72,overcast clouds,3.05,2026-08-08 03:19:57,Comfortable
Chennai,32.0,38.01,63,overcast clouds,1.34,2026-08-08 04:51:08,Very Hot
Mumbai,28.6,33.46,79,overcast clouds,7.81,2026-08-08 04:51:08,Hot
Delhi,31.31,36.33,63,light rain,5.0,2026-08-08 04:51:08,Hot
Bengaluru,26.29,26.29,75,overcast clouds,8.25,2026-08-08 04:51:08,Comfortable
Hyderabad,27.26,29.02,67,overcast clouds,6.87,2026-08-08 04:51:09,Warm
Tirunelveli,27.8,29.59,64,overcast clouds,4.93,2026-08-08 04:51:09,Warm
Madurai,27.5,29.31,66,overcast clouds,1.1,2026-08-08 04:51:09,Warm
Theni,27.53,29.16,64,overcast clouds,2.46,2026-08-08 04:51:09,Warm
Chennai,32.93,39.7,61,overcast clouds,1.34,2026-08-08 05:38:20,Very Hot
Mumbai,28.72,33.58,78,overcast clouds,7.65,2026-08-08 05:38:20,Hot
Delhi,31.57,37.25,64,light rain,4.93,2026-08-08 05:38:20,Hot
Bengaluru,26.53,26.53,74,overcast clouds,7.59,2026-08-08 05:38:20,Comfortable
Hyderabad,28.81,30.72,60,overcast clouds,7.02,2026-08-08 05:38:20,Warm
Tirunelveli,28.33,30.07,61,overcast clouds,5.45,2026-08-08 05:38:20,Warm
Madurai,28.52,30.52,62,overcast clouds,0.62,2026-08-08 05:38:20,Warm
Theni,28.1,29.95,63,overcast clouds,2.76,2026-08-08 05:38:20,Warm
Chennai,33.85,40.85,60,overcast clouds,1.34,2026-08-08 06:41:42,Very Hot
Mumbai,28.63,33.16,77,broken clouds,7.9,2026-08-08 06:41:43,Hot
Delhi,32.54,38.37,60,light rain,4.26,2026-08-08 06:41:43,Very Hot
Bengaluru,26.35,26.35,74,overcast clouds,7.18,2026-08-08 06:41:43,Comfortable
Hyderabad,30.41,32.4,54,light rain,7.73,2026-08-08 06:41:43,Hot
Tirunelveli,27.87,29.93,66,overcast clouds,5.01,2026-08-08 06:41:43,Warm
Madurai,32.69,34.4,45,overcast clouds,3.54,2026-08-08 06:41:43,Hot
Theni,31.4,33.73,52,light rain,4.59,2026-08-08 06:41:43,Hot
Chennai,35.06,42.06,58,overcast clouds,0.89,2026-08-08 07:43:40,Very Hot
Mumbai,28.7,33.34,77,broken clouds,7.82,2026-08-08 07:43:40,Hot
Delhi,33.6,39.57,56,light rain,4.41,2026-08-08 07:43:40,Very Hot
Bengaluru,26.88,28.89,73,overcast clouds,6.81,2026-08-08 07:43:40,Warm
Hyderabad,30.09,32.04,55,light rain,7.68,2026-08-08 07:43:40,Hot
Tirunelveli,28.31,30.43,64,overcast clouds,5.03,2026-08-08 07:43:40,Warm
Madurai,33.78,35.83,43,overcast clouds,3.19,2026-08-08 07:43:40,Hot
Theni,32.75,34.75,46,light rain,5.66,2026-08-08 07:43:40,Hot
Chennai,34.42,41.42,59,overcast clouds,1.34,2026-08-08 08:34:08,Very Hot
Mumbai,28.65,33.4,78,broken clouds,7.72,2026-08-08 08:34:08,Hot
Delhi,33.6,39.57,56,light rain,4.41,2026-08-08 08:34:08,Very Hot
Bengaluru,27.2,29.48,73,overcast clouds,6.81,2026-08-08 08:34:08,Warm
Hyderabad,30.09,32.04,55,light rain,7.68,2026-08-08 08:34:08,Hot
Tirunelveli,28.29,30.14,62,overcast clouds,5.89,2026-08-08 08:34:08,Warm
Madurai,34.51,36.32,40,overcast clouds,4.22,2026-08-08 08:34:08,Hot
Theni,32.41,34.15,46,light rain,5.5,2026-08-08 08:34:08,Hot
Chennai,35.3,42.3,57,overcast clouds,1.34,2026-08-08 09:32:00,Very Hot
Mumbai,28.65,33.4,78,broken clouds,7.72,2026-08-08 09:32:00,Hot
Delhi,34.09,39.65,53,light rain,4.52,2026-08-08 09:32:00,Very Hot
Bengaluru,27.16,29.41,73,overcast clouds,6.78,2026-08-08 09:32:01,Warm
Hyderabad,29.48,31.53,58,light rain,7.21,2026-08-08 09:32:01,Warm
Tirunelveli,28.3,29.9,60,overcast clouds,6.13,2026-08-08 09:32:01,Warm
Madurai,34.64,36.56,40,overcast clouds,4.22,2026-08-08 09:32:01,Hot
Theni,31.66,33.53,49,overcast clouds,5.25,2026-08-08 09:32:01,Hot
Chennai,32.27,39.27,74,overcast clouds,1.34,2026-08-08 10:25:48,Very Hot
Mumbai,28.74,33.44,77,light rain,7.56,2026-08-08 10:25:48,Hot
Delhi,34.14,39.77,53,overcast clouds,4.37,2026-08-08 10:25:48,Very Hot
Bengaluru,27.27,29.51,72,overcast clouds,6.42,2026-08-08 10:25:48,Warm
Hyderabad,29.03,31.08,60,light rain,6.28,2026-08-08 10:25:48,Warm
Tirunelveli,28.34,30.48,64,overcast clouds,6.13,2026-08-08 10:25:48,Warm
Madurai,34.19,35.76,40,overcast clouds,5.43,2026-08-08 10:25:49,Hot
Theni,31.69,33.58,49,overcast clouds,5.25,2026-08-08 10:25:49,Hot
Chennai,30.06,37.06,79,overcast clouds,3.67,2026-08-08 11:22:45,Hot
Mumbai,28.63,33.16,77,broken clouds,7.87,2026-08-08 11:22:45,Hot
Delhi,34.28,39.74,52,overcast clouds,4.34,2026-08-08 11:22:45,Very Hot
Bengaluru,27.16,29.5,74,overcast clouds,6.08,2026-08-08 11:22:45,Warm
Hyderabad,28.64,30.86,63,overcast clouds,5.58,2026-08-08 11:22:45,Warm
Tirunelveli,28.42,30.91,66,overcast clouds,6.05,2026-08-08 11:22:46,Warm
Madurai,33.02,34.49,43,overcast clouds,5.47,2026-08-08 11:22:46,Hot
Theni,31.15,33.28,52,light rain,5.68,2026-08-08 11:22:46,Hot
Chennai,27.76,32.68,88,overcast clouds,0.45,2026-08-08 12:36:13,Hot
Mumbai,28.54,33.12,78,light rain,7.22,2026-08-08 12:36:13,Hot
Delhi,32.96,38.05,56,overcast clouds,4.08,2026-08-08 12:36:13,Very Hot
Bengaluru,27.14,29.75,77,overcast clouds,5.96,2026-08-08 12:36:13,Warm
Hyderabad,27.33,29.04,66,light rain,4.09,2026-08-08 12:36:14,Warm
Tirunelveli,27.77,29.65,65,overcast clouds,4.57,2026-08-08 12:36:14,Warm
Madurai,30.1,31.7,53,overcast clouds,4.65,2026-08-08 12:36:14,Warm
Theni,27.14,29.0,69,overcast clouds,5.47,2026-08-08 12:36:14,Warm
Chennai,27.76,32.53,87,overcast clouds,0.89,2026-08-08 13:41:07,Hot
Mumbai,28.6,33.27,78,scattered clouds,6.97,2026-08-08 13:41:07,Hot
Delhi,32.31,38.13,61,broken clouds,3.47,2026-08-08 13:41:07,Very Hot
Bengaluru,21.61,22.23,92,light rain,6.31,2026-08-08 13:41:07,Comfortable
Hyderabad,25.96,25.96,73,light rain,4.2,2026-08-08 13:41:08,Comfortable
Tirunelveli,25.6,26.12,73,broken clouds,4.89,2026-08-08 13:41:08,Comfortable
Madurai,29.0,30.59,57,overcast clouds,5.39,2026-08-08 13:41:08,Warm
Theni,26.58,26.58,70,overcast clouds,4.88,2026-08-08 13:41:08,Comfortable
Chennai,27.99,33.2,87,overcast clouds,0.45,2026-08-08 14:26:39,Hot
Mumbai,28.6,33.27,78,scattered clouds,6.97,2026-08-08 14:26:39,Hot
Delhi,32.31,38.13,61,broken clouds,3.47,2026-08-08 14:26:39,Very Hot
Bengaluru,22.16,22.78,90,light rain,6.31,2026-08-08 14:26:39,Comfortable
Hyderabad,25.96,25.96,73,light rain,4.2,2026-08-08 14:26:40,Comfortable
Tirunelveli,25.59,26.19,76,broken clouds,4.89,2026-08-08 14:26:40,Comfortable
Madurai,28.94,30.64,58,overcast clouds,5.39,2026-08-08 14:26:40,Warm
Theni,26.58,26.58,70,overcast clouds,4.88,2026-08-08 14:26:40,Comfortable
Chennai,27.99,33.03,86,overcast clouds,0.89,2026-08-08 15:23:59,Hot
Mumbai,28.58,33.04,77,light rain,6.36,2026-08-08 15:23:59,Hot
Delhi,31.76,37.72,64,broken clouds,3.09,2026-08-08 15:23:59,Hot
Bengaluru,22.16,22.76,89,overcast clouds,6.34,2026-08-08 15:23:59,Comfortable
Hyderabad,25.73,26.29,74,overcast clouds,4.11,2026-08-08 15:23:59,Comfortable
Tirunelveli,25.67,26.3,77,broken clouds,4.8,2026-08-08 15:23:59,Comfortable
Madurai,28.42,29.96,59,overcast clouds,4.79,2026-08-08 15:23:59,Warm
Theni,26.1,26.1,71,overcast clouds,4.78,2026-08-08 15:23:59,Comfortable
Chennai,28.07,33.97,90,light rain,1.34,2026-08-08 16:26:05,Hot
Mumbai,28.65,33.21,77,light rain,6.09,2026-08-08 16:26:06,Hot
Delhi,31.41,37.16,65,broken clouds,2.98,2026-08-08 16:26:06,Hot
Bengaluru,22.16,22.7,87,overcast clouds,6.18,2026-08-08 16:26:06,Comfortable
Hyderabad,25.48,26.04,75,overcast clouds,4.28,2026-08-08 16:26:06,Comfortable
Tirunelveli,25.41,26.04,78,overcast clouds,4.75,2026-08-08 16:26:06,Comfortable
Madurai,28.19,29.73,60,overcast clouds,4.25,2026-08-08 16:26:06,Warm
Theni,25.99,25.99,72,overcast clouds,4.32,2026-08-08 16:26:07,Comfortable
Chennai,27.76,32.53,87,heavy intensity rain,0.45,2026-08-08 17:24:08,Hot
Mumbai,28.62,33.14,77,light rain,6.68,2026-08-08 17:24:08,Hot
Delhi,31.09,36.37,65,broken clouds,2.81,2026-08-08 17:24:09,Hot
Bengaluru,21.61,22.07,86,moderate rain,5.95,2026-08-08 17:24:09,Comfortable
Hyderabad,25.39,25.92,74,light rain,4.54,2026-08-08 17:24:09,Comfortable
Tirunelveli,25.25,25.87,78,overcast clouds,5.41,2026-08-08 17:24:09,Comfortable
Madurai,27.77,29.22,61,overcast clouds,3.73,2026-08-08 17:24:09,Warm
Theni,25.83,26.35,72,overcast clouds,3.78,2026-08-08 17:24:09,Comfortable
Chennai,27.2,30.62,84,overcast clouds,0.45,2026-08-08 18:29:37,Warm
Mumbai,28.6,33.46,79,broken clouds,7.17,2026-08-08 18:29:37,Hot
Delhi,30.71,35.73,66,broken clouds,2.93,2026-08-08 18:29:37,Hot
Bengaluru,21.61,22.07,86,broken clouds,5.81,2026-08-08 18:29:37,Comfortable
Hyderabad,25.15,25.76,78,overcast clouds,3.76,2026-08-08 18:29:37,Comfortable
Tirunelveli,25.84,26.52,78,overcast clouds,4.87,2026-08-08 18:29:37,Comfortable
Madurai,27.63,29.11,62,overcast clouds,3.46,2026-08-08 18:29:38,Warm
Theni,25.43,25.93,73,overcast clouds,3.33,2026-08-08 18:29:38,Comfortable
Chennai,27.76,31.65,81,overcast clouds,0.89,2026-08-08 19:24:35,Warm
Mumbai,28.47,33.31,80,light rain,7.41,2026-08-08 19:24:36,Hot
Delhi,29.97,34.97,70,light rain,3.1,2026-08-08 19:24:36,Hot
Bengaluru,21.34,21.78,86,overcast clouds,5.99,2026-08-08 19:24:36,Comfortable
Hyderabad,25.21,25.8,77,overcast clouds,4.67,2026-08-08 19:24:36,Comfortable
Tirunelveli,25.74,26.41,78,overcast clouds,5.19,2026-08-08 19:24:36,Comfortable
Madurai,27.29,28.71,63,overcast clouds,2.55,2026-08-08 19:24:36,Warm
Theni,25.15,25.65,74,overcast clouds,3.15,2026-08-08 19:24:36,Comfortable
Chennai,26.65,26.65,87,light rain,0.45,2026-08-08 20:21:54,Comfortable
Mumbai,28.53,33.28,79,light rain,7.68,2026-08-08 20:21:54,Hot
Delhi,29.79,34.53,70,overcast clouds,3.18,2026-08-08 20:21:54,Hot
Bengaluru,21.05,21.48,87,overcast clouds,5.67,2026-08-08 20:21:54,Comfortable
Hyderabad,25.12,25.67,76,overcast clouds,5.77,2026-08-08 20:21:54,Comfortable
Tirunelveli,25.72,26.38,78,overcast clouds,5.16,2026-08-08 20:21:54,Comfortable
Madurai,26.96,28.32,64,overcast clouds,2.6,2026-08-08 20:21:54,Warm
Theni,24.83,25.3,74,overcast clouds,3.1,2026-08-08 20:21:54,Comfortable
Chennai,26.65,26.65,87,overcast clouds,0.89,2026-08-08 21:24:37,Comfortable
Mumbai,28.43,32.84,78,light rain,8.09,2026-08-08 21:24:37,Hot
Delhi,29.64,34.18,70,overcast clouds,2.88,2026-08-08 21:24:37,Hot
Bengaluru,21.05,21.51,88,broken clouds,5.71,2026-08-08 21:24:37,Comfortable
Hyderabad,24.25,24.82,80,overcast clouds,5.88,2026-08-08 21:24:37,Comfortable
Tirunelveli,25.56,26.23,79,overcast clouds,4.93,2026-08-08 21:24:37,Comfortable
Madurai,26.73,28.07,65,overcast clouds,2.57,2026-08-08 21:24:37,Warm
Theni,24.79,25.23,73,overcast clouds,2.96,2026-08-08 21:24:37,Comfortable
Chennai,26.65,26.65,87,overcast clouds,0.45,2026-08-08 22:22:17,Comfortable
Mumbai,28.41,32.79,78,light rain,7.54,2026-08-08 22:22:17,Hot
Delhi,29.4,34.04,72,overcast clouds,2.86,2026-08-08 22:22:17,Hot
Bengaluru,20.5,20.9,88,broken clouds,6.28,2026-08-08 22:22:17,Comfortable
Hyderabad,23.91,24.52,83,overcast clouds,5.2,2026-08-08 22:22:17,Comfortable
Tirunelveli,25.5,26.19,80,overcast clouds,4.96,2026-08-08 22:22:17,Comfortable
Madurai,26.48,26.48,67,overcast clouds,2.61,2026-08-08 22:22:17,Comfortable
Theni,24.74,25.18,73,overcast clouds,3.0,2026-08-08 22:22:17,Comfortable
Chennai,26.45,26.45,85,overcast clouds,0.89,2026-08-08 23:22:52,Comfortable
Mumbai,28.41,32.79,78,light rain,7.05,2026-08-08 23:22:52,Hot
Delhi,29.25,33.69,72,overcast clouds,3.04,2026-08-08 23:22:52,Hot
Bengaluru,20.5,20.93,89,broken clouds,5.59,2026-08-08 23:22:53,Comfortable
Hyderabad,23.73,24.38,85,overcast clouds,5.23,2026-08-08 23:22:53,Comfortable
Tirunelveli,25.5,26.19,80,overcast clouds,4.68,2026-08-08 23:22:53,Comfortable
Madurai,26.33,26.33,67,overcast clouds,2.07,2026-08-08 23:22:53,Comfortable
Theni,24.78,25.19,72,overcast clouds,2.76,2026-08-08 23:22:53,Comfortable
Chennai,26.94,30.07,85,overcast clouds,0.89,2026-08-09 01:16:37,Warm
Mumbai,28.6,33.27,78,light rain,7.7,2026-08-09 01:16:37,Hot
Delhi,29.0,33.49,74,overcast clouds,3.15,2026-08-09 01:16:37,Hot
Bengaluru,20.5,20.96,90,scattered clouds,5.68,2026-08-09 01:16:37,Comfortable
Hyderabad,23.84,24.47,84,overcast clouds,5.85,2026-08-09 01:16:37,Comfortable
Tirunelveli,25.49,26.18,80,broken clouds,5.26,2026-08-09 01:16:37,Comfortable
Madurai,26.27,26.27,69,overcast clouds,1.92,2026-08-09 01:16:37,Comfortable
Theni,24.49,24.93,74,overcast clouds,1.74,2026-08-09 01:16:37,Comfortable
Chennai,31.35,38.35,70,overcast clouds,1.34,2026-08-09 03:28:22,Very Hot
Mumbai,28.58,33.22,78,light rain,7.74,2026-08-09 03:28:22,Hot
Delhi,30.87,35.58,64,broken clouds,4.42,2026-08-09 03:28:22,Hot
Bengaluru,21.89,22.38,86,broken clouds,6.84,2026-08-09 03:28:22,Comfortable
Hyderabad,24.35,24.93,80,overcast clouds,6.36,2026-08-09 03:28:22,Comfortable
Tirunelveli,29.45,32.35,63,overcast clouds,7.3,2026-08-09 03:28:22,Hot
Madurai,28.53,30.26,60,overcast clouds,2.51,2026-08-09 03:28:22,Warm
Theni,27.34,28.78,63,overcast clouds,3.14,2026-08-09 03:28:22,Warm
Chennai,33.38,40.38,63,overcast clouds,1.34,2026-08-09 04:59:06,Very Hot
Mumbai,28.83,33.67,77,light rain,6.92,2026-08-09 04:59:06,Hot
Delhi,33.6,38.52,53,scattered clouds,3.93,2026-08-09 04:59:07,Very Hot
Bengaluru,26.39,26.39,75,broken clouds,6.88,2026-08-09 04:59:07,Comfortable
Hyderabad,27.81,29.49,63,overcast clouds,7.81,2026-08-09 04:59:07,Warm
Tirunelveli,32.75,34.04,43,overcast clouds,7.39,2026-08-09 04:59:07,Hot
Madurai,31.2,32.95,50,overcast clouds,2.58,2026-08-09 04:59:07,Hot
Theni,31.47,32.99,48,overcast clouds,3.43,2026-08-09 04:59:07,Hot
Chennai,33.95,40.95,61,overcast clouds,0.89,2026-08-09 05:49:39,Very Hot
Mumbai,28.99,33.67,75,light rain,7.3,2026-08-09 05:49:39,Hot
Delhi,34.83,39.53,48,scattered clouds,3.74,2026-08-09 05:49:39,Very Hot
Bengaluru,26.14,26.14,75,broken clouds,6.72,2026-08-09 05:49:39,Comfortable
Hyderabad,28.93,30.62,58,overcast clouds,7.82,2026-08-09 05:49:40,Warm
Tirunelveli,33.79,36.69,46,overcast clouds,6.54,2026-08-09 05:49:40,Hot
Madurai,32.16,33.95,47,overcast clouds,1.67,2026-08-09 05:49:40,Hot
Theni,33.21,34.58,42,overcast clouds,3.76,2026-08-09 05:49:40,Hot
Chennai,34.94,41.94,58,overcast clouds,0.89,2026-08-09 06:45:54,Very Hot
Mumbai,28.81,33.42,76,light rain,8.01,2026-08-09 06:45:54,Hot
Delhi,35.99,40.6,44,scattered clouds,3.53,2026-08-09 06:45:54,Very Hot
Bengaluru,26.82,28.86,74,overcast clouds,6.08,2026-08-09 06:45:54,Warm
Hyderabad,29.54,31.46,57,light rain,7.74,2026-08-09 06:45:54,Warm
Tirunelveli,34.39,37.58,45,overcast clouds,6.51,2026-08-09 06:45:54,Hot
Madurai,33.42,35.71,45,overcast clouds,1.18,2026-08-09 06:45:54,Hot
Theni,34.3,35.95,40,overcast clouds,4.87,2026-08-09 06:45:55,Hot
Chennai,36.07,43.07,55,overcast clouds,1.34,2026-08-09 07:49:43,Very Hot
Mumbai,28.65,33.03,76,light rain,8.11,2026-08-09 07:49:43,Hot
Delhi,36.74,41.05,41,scattered clouds,3.16,2026-08-09 07:49:43,Very Hot
Bengaluru,27.28,29.63,73,overcast clouds,5.92,2026-08-09 07:49:44,Warm
Hyderabad,29.76,31.66,56,light rain,7.68,2026-08-09 07:49:44,Warm
Tirunelveli,35.05,38.26,43,overcast clouds,6.75,2026-08-09 07:49:44,Very Hot
Madurai,34.35,36.6,42,overcast clouds,2.02,2026-08-09 07:49:44,Hot
Theni,34.38,36.37,41,light rain,7.27,2026-08-09 07:49:44,Hot
Chennai,35.05,42.05,59,overcast clouds,0.89,2026-08-09 08:35:33,Very Hot
Mumbai,28.77,33.32,76,light rain,7.79,2026-08-09 08:35:33,Hot
Delhi,37.27,41.39,39,scattered clouds,3.95,2026-08-09 08:35:33,Very Hot
Bengaluru,27.24,29.27,70,overcast clouds,5.03,2026-08-09 08:35:33,Warm
Hyderabad,29.61,31.41,56,overcast clouds,7.13,2026-08-09 08:35:33,Warm
Tirunelveli,34.7,37.88,44,overcast clouds,7.05,2026-08-09 08:35:34,Hot
Madurai,35.37,37.6,39,overcast clouds,3.15,2026-08-09 08:35:34,Hot
Theni,32.69,34.64,46,light rain,6.71,2026-08-09 08:35:34,Hot
Chennai,34.18,41.18,62,overcast clouds,0.89,2026-08-09 09:33:40,Very Hot
Mumbai,28.77,33.32,76,light rain,7.79,2026-08-09 09:33:40,Hot
Delhi,37.27,41.39,39,scattered clouds,3.95,2026-08-09 09:33:40,Very Hot
Bengaluru,27.83,29.98,67,overcast clouds,4.81,2026-08-09 09:33:40,Warm
Hyderabad,29.62,31.43,56,overcast clouds,7.13,2026-08-09 09:33:40,Warm
Tirunelveli,34.4,37.6,45,overcast clouds,7.58,2026-08-09 09:33:40,Hot
Madurai,35.39,37.64,39,overcast clouds,3.15,2026-08-09 09:33:40,Hot
Theni,31.89,33.93,49,light rain,5.17,2026-08-09 09:33:40,Hot
Chennai,32.35,39.35,83,overcast clouds,3.77,2026-08-09 10:27:41,Very Hot
Mumbai,28.83,33.47,76,light rain,7.29,2026-08-09 10:27:41,Hot
Delhi,37.05,41.73,41,scattered clouds,5.07,2026-08-09 10:27:41,Very Hot
Bengaluru,27.68,29.83,68,overcast clouds,4.81,2026-08-09 10:27:41,Warm
Hyderabad,29.62,31.43,56,overcast clouds,6.8,2026-08-09 10:27:41,Warm
Tirunelveli,34.33,38.43,48,overcast clouds,7.58,2026-08-09 10:27:41,Very Hot
Madurai,35.03,36.98,39,overcast clouds,2.84,2026-08-09 10:27:41,Hot
Theni,31.84,33.84,49,overcast clouds,5.17,2026-08-09 10:27:41,Hot
Chennai,29.4,33.83,71,overcast clouds,4.17,2026-08-09 11:23:21,Hot
Mumbai,28.57,33.01,77,light rain,7.1,2026-08-09 11:23:21,Hot
Delhi,35.77,40.5,45,scattered clouds,4.91,2026-08-09 11:23:22,Very Hot
Bengaluru,27.14,29.37,73,overcast clouds,5.05,2026-08-09 11:23:22,Warm
Hyderabad,29.21,31.07,58,overcast clouds,6.95,2026-08-09 11:23:22,Warm
Tirunelveli,33.26,37.43,52,overcast clouds,7.69,2026-08-09 11:23:22,Hot
Madurai,34.12,36.17,42,light rain,0.91,2026-08-09 11:23:22,Hot
Theni,29.44,31.46,58,moderate rain,4.79,2026-08-09 11:23:22,Warm
Chennai,29.1,35.48,82,overcast clouds,1.34,2026-08-09 12:38:37,Hot
Mumbai,28.54,33.12,78,light rain,6.28,2026-08-09 12:38:37,Hot
Delhi,35.26,39.75,46,scattered clouds,4.28,2026-08-09 12:38:37,Very Hot
Bengaluru,27.02,29.41,76,overcast clouds,4.24,2026-08-09 12:38:37,Warm
Hyderabad,26.89,28.59,69,light rain,4.6,2026-08-09 12:38:37,Warm
Tirunelveli,30.41,33.41,59,overcast clouds,6.5,2026-08-09 12:38:37,Hot
Madurai,28.58,31.83,70,heavy intensity rain,4.83,2026-08-09 12:38:37,Warm
Theni,28.36,30.66,65,light rain,5.32,2026-08-09 12:38:37,Warm
Chennai,29.43,35.96,80,overcast clouds,0.89,2026-08-09 13:44:12,Hot
Mumbai,28.65,33.21,77,light rain,6.15,2026-08-09 13:44:12,Hot
Delhi,34.06,37.86,48,overcast clouds,3.33,2026-08-09 13:44:12,Hot
Bengaluru,26.83,29.28,79,light rain,5.21,2026-08-09 13:44:12,Warm
Hyderabad,26.05,26.05,73,overcast clouds,3.54,2026-08-09 13:44:12,Comfortable
Tirunelveli,28.99,31.99,66,overcast clouds,5.69,2026-08-09 13:44:12,Warm
Madurai,27.89,30.98,74,moderate rain,4.5,2026-08-09 13:44:12,Warm
Theni,26.63,26.63,72,overcast clouds,5.07,2026-08-09 13:44:13,Comfortable
Chennai,29.43,36.43,82,overcast clouds,0.89,2026-08-09 14:29:11,Hot
Mumbai,28.65,33.21,77,light rain,6.15,2026-08-09 14:29:11,Hot
Delhi,34.06,37.86,48,overcast clouds,3.33,2026-08-09 14:29:11,Hot
Bengaluru,27.33,30.15,77,light rain,5.21,2026-08-09 14:29:11,Warm
Hyderabad,26.05,26.05,73,overcast clouds,3.54,2026-08-09 14:29:11,Comfortable
Tirunelveli,28.92,32.2,68,overcast clouds,5.69,2026-08-09 14:29:11,Hot
Madurai,27.7,30.58,74,light rain,4.5,2026-08-09 14:29:12,Warm
Theni,26.56,26.56,72,moderate rain,5.07,2026-08-09 14:29:12,Comfortable
Chennai,29.43,36.43,85,overcast clouds,2.24,2026-08-09 15:25:18,Hot
Mumbai,28.56,32.99,77,light rain,6.15,2026-08-09 15:25:18,Hot
Delhi,33.59,38.16,52,overcast clouds,2.76,2026-08-09 15:25:18,Very Hot
Bengaluru,23.25,23.72,80,light rain,5.26,2026-08-09 15:25:18,Comfortable
Hyderabad,25.5,26.06,75,overcast clouds,3.22,2026-08-09 15:25:18,Comfortable
Tirunelveli,28.04,31.02,72,overcast clouds,6.03,2026-08-09 15:25:18,Warm
Madurai,26.79,29.12,78,overcast clouds,5.11,2026-08-09 15:25:18,Warm
Theni,26.43,26.43,71,overcast clouds,3.99,2026-08-09 15:25:18,Comfortable
Chennai,29.42,36.42,86,overcast clouds,2.68,2026-08-09 16:27:43,Hot
Mumbai,28.51,32.87,77,light rain,5.86,2026-08-09 16:27:43,Hot
Delhi,33.53,38.36,53,overcast clouds,2.54,2026-08-09 16:27:43,Very Hot
Bengaluru,23.54,24.06,81,light rain,4.91,2026-08-09 16:27:44,Comfortable
Hyderabad,25.38,25.93,75,overcast clouds,3.41,2026-08-09 16:27:44,Comfortable
Tirunelveli,27.77,30.6,73,overcast clouds,5.74,2026-08-09 16:27:44,Warm
Madurai,26.1,26.1,82,overcast clouds,3.74,2026-08-09 16:27:44,Comfortable
Theni,26.07,26.07,72,overcast clouds,3.53,2026-08-09 16:27:44,Comfortable
Chennai,29.34,36.34,87,overcast clouds,2.24,2026-08-09 17:25:42,Hot
Mumbai,28.41,32.62,77,light rain,5.94,2026-08-09 17:25:42,Hot
Delhi,33.3,38.17,54,overcast clouds,2.54,2026-08-09 17:25:42,Very Hot
Bengaluru,22.72,23.21,83,light rain,4.86,2026-08-09 17:25:43,Comfortable
Hyderabad,25.02,25.56,76,overcast clouds,3.37,2026-08-09 17:25:43,Comfortable
Tirunelveli,27.36,29.89,74,overcast clouds,5.6,2026-08-09 17:25:43,Warm
Madurai,26.45,26.45,79,overcast clouds,1.1,2026-08-09 17:25:43,Comfortable
Theni,25.98,25.98,73,overcast clouds,2.67,2026-08-09 17:25:43,Comfortable
Chennai,29.33,36.33,83,light rain,3.13,2026-08-09 18:32:14,Hot
Mumbai,28.33,32.77,79,light rain,5.85,2026-08-09 18:32:14,Hot
Delhi,32.91,37.93,56,broken clouds,2.23,2026-08-09 18:32:15,Hot
Bengaluru,22.43,22.97,86,broken clouds,5.04,2026-08-09 18:32:15,Comfortable
Hyderabad,25.16,25.74,77,overcast clouds,3.61,2026-08-09 18:32:15,Comfortable
Tirunelveli,27.07,29.06,71,overcast clouds,5.47,2026-08-09 18:32:15,Warm
Madurai,27.38,29.62,71,overcast clouds,2.78,2026-08-09 18:32:15,Warm
Theni,25.67,26.25,75,overcast clouds,3.1,2026-08-09 18:32:15,Comfortable
Chennai,29.31,35.62,80,light rain,3.58,2026-08-09 19:28:26,Hot
Mumbai,28.15,32.48,80,light rain,6.54,2026-08-09 19:28:26,Hot
Delhi,32.47,37.24,57,overcast clouds,2.3,2026-08-09 19:28:26,Hot
Bengaluru,21.88,22.4,87,few clouds,4.7,2026-08-09 19:28:26,Comfortable
Hyderabad,25.0,25.57,77,overcast clouds,3.86,2026-08-09 19:28:26,Comfortable
Tirunelveli,27.04,29.45,76,overcast clouds,5.47,2026-08-09 19:28:26,Warm
Madurai,27.25,29.38,71,overcast clouds,2.78,2026-08-09 19:28:27,Warm
Theni,25.62,26.2,75,overcast clouds,3.1,2026-08-09 19:28:27,Comfortable
Chennai,28.86,34.35,80,light rain,2.68,2026-08-09 20:25:18,Hot
Mumbai,28.12,32.4,80,light rain,7.02,2026-08-09 20:25:18,Hot
Delhi,32.23,37.0,58,overcast clouds,2.19,2026-08-09 20:25:18,Hot
Bengaluru,21.32,21.81,88,scattered clouds,4.63,2026-08-09 20:25:18,Comfortable
Hyderabad,24.75,25.34,79,overcast clouds,3.9,2026-08-09 20:25:18,Comfortable
Tirunelveli,26.83,29.04,76,overcast clouds,4.92,2026-08-09 20:25:18,Warm
Madurai,27.29,29.16,68,overcast clouds,3.09,2026-08-09 20:25:18,Warm
Theni,25.31,25.88,76,overcast clouds,3.36,2026-08-09 20:25:18,Comfortable
Chennai,28.59,33.43,79,overcast clouds,1.34,2026-08-09 21:26:04,Hot
Mumbai,28.0,31.95,79,light rain,7.39,2026-08-09 21:26:04,Warm
Delhi,31.92,36.59,59,overcast clouds,2.43,2026-08-09 21:26:04,Hot
Bengaluru,21.32,21.83,89,scattered clouds,4.74,2026-08-09 21:26:04,Comfortable
Hyderabad,24.72,25.28,78,overcast clouds,4.59,2026-08-09 21:26:04,Comfortable
Tirunelveli,26.67,28.73,76,overcast clouds,4.44,2026-08-09 21:26:05,Warm
Madurai,27.01,28.71,68,overcast clouds,2.7,2026-08-09 21:26:05,Warm
Theni,25.18,25.74,76,overcast clouds,2.94,2026-08-09 21:26:05,Comfortable
Chennai,28.05,32.38,81,light rain,1.34,2026-08-09 22:24:17,Hot
Mumbai,28.24,32.37,78,light rain,7.17,2026-08-09 22:24:17,Hot
Delhi,31.69,36.36,60,overcast clouds,2.39,2026-08-09 22:24:17,Hot
Bengaluru,20.77,21.23,89,scattered clouds,4.64,2026-08-09 22:24:18,Comfortable
Hyderabad,24.54,25.14,80,overcast clouds,5.45,2026-08-09 22:24:18,Comfortable
Tirunelveli,26.46,26.46,77,overcast clouds,4.24,2026-08-09 22:24:18,Comfortable
Madurai,26.74,28.36,69,overcast clouds,2.35,2026-08-09 22:24:18,Warm
Theni,25.03,25.57,76,overcast clouds,2.31,2026-08-09 22:24:18,Comfortable
Chennai,27.75,31.76,82,overcast clouds,1.34,2026-08-09 23:25:19,Warm
Mumbai,28.35,32.48,77,light rain,7.15,2026-08-09 23:25:19,Hot
Delhi,31.35,36.15,62,overcast clouds,2.52,2026-08-09 23:25:19,Hot
Bengaluru,21.05,21.53,89,scattered clouds,4.38,2026-08-09 23:25:19,Comfortable
Hyderabad,23.84,24.47,84,overcast clouds,5.1,2026-08-09 23:25:19,Comfortable
Tirunelveli,26.15,26.15,78,overcast clouds,3.03,2026-08-09 23:25:19,Comfortable
Madurai,26.55,26.55,70,overcast clouds,2.03,2026-08-09 23:25:20,Comfortable
Theni,24.82,25.34,76,overcast clouds,1.98,2026-08-09 23:25:20,Comfortable
Chennai,27.5,31.39,84,overcast clouds,1.34,2026-08-10 01:18:27,Warm
Mumbai,28.02,31.69,77,moderate rain,5.61,2026-08-10 01:18:27,Warm
Delhi,30.91,35.94,65,overcast clouds,2.63,2026-08-10 01:18:27,Hot
Bengaluru,21.05,21.53,89,broken clouds,3.79,2026-08-10 01:18:27,Comfortable
Hyderabad,23.54,24.2,86,broken clouds,5.04,2026-08-10 01:18:27,Comfortable
Tirunelveli,25.91,26.59,78,overcast clouds,2.04,2026-08-10 01:18:27,Comfortable
Madurai,26.59,26.59,70,overcast clouds,1.88,2026-08-10 01:18:27,Comfortable
Theni,24.51,25.13,81,overcast clouds,2.05,2026-08-10 01:18:27,Comfortable
Chennai,32.46,39.46,65,overcast clouds,1.34,2026-08-10 03:48:27,Very Hot
Mumbai,28.09,32.01,78,moderate rain,6.02,2026-08-10 03:48:27,Hot
Delhi,33.21,38.63,56,overcast clouds,3.42,2026-08-10 03:48:27,Very Hot
Bengaluru,23.27,23.74,80,broken clouds,5.7,2026-08-10 03:48:27,Comfortable
Hyderabad,27.49,29.1,64,broken clouds,7.16,2026-08-10 03:48:28,Warm
Tirunelveli,31.37,34.37,55,overcast clouds,4.09,2026-08-10 03:48:28,Hot
Madurai,30.21,32.43,56,overcast clouds,2.49,2026-08-10 03:48:28,Hot
Theni,29.87,32.02,57,overcast clouds,3.63,2026-08-10 03:48:28,Hot
Chennai,33.58,40.58,60,overcast clouds,0.45,2026-08-10 05:20:58,Very Hot
Mumbai,28.35,32.31,76,moderate rain,6.12,2026-08-10 05:20:59,Hot
Delhi,34.13,39.38,52,light rain,3.4,2026-08-10 05:20:59,Very Hot
Bengaluru,26.98,29.16,74,broken clouds,5.8,2026-08-10 05:20:59,Warm
Hyderabad,28.84,30.62,59,broken clouds,7.5,2026-08-10 05:20:59,Warm
Tirunelveli,33.29,37.5,52,overcast clouds,5.01,2026-08-10 05:20:59,Hot
Madurai,31.51,33.71,51,overcast clouds,2.12,2026-08-10 05:20:59,Hot
Theni,31.5,34.15,53,overcast clouds,3.55,2026-08-10 05:21:00,Hot
Chennai,36.25,43.25,55,overcast clouds,0.89,2026-08-10 07:20:51,Very Hot
Mumbai,28.57,33.2,78,light rain,8.71,2026-08-10 07:20:51,Hot
Delhi,35.48,41.42,49,light rain,3.11,2026-08-10 07:20:51,Very Hot
Bengaluru,27.75,29.84,67,broken clouds,5.53,2026-08-10 07:20:52,Warm
Hyderabad,31.24,33.02,50,broken clouds,6.81,2026-08-10 07:20:52,Hot
Tirunelveli,35.51,40.69,47,overcast clouds,5.95,2026-08-10 07:20:52,Very Hot
Madurai,34.1,36.42,43,overcast clouds,1.69,2026-08-10 07:20:52,Hot
Theni,33.9,36.33,44,overcast clouds,4.72,2026-08-10 07:20:52,Hot
Chennai,34.03,41.03,67,overcast clouds,0.89,2026-08-10 09:13:28,Very Hot
Mumbai,28.69,33.31,77,light rain,8.89,2026-08-10 09:13:28,Hot
Delhi,35.79,41.34,47,broken clouds,2.48,2026-08-10 09:13:28,Very Hot
Bengaluru,29.34,31.97,62,overcast clouds,4.75,2026-08-10 09:13:28,Warm
Hyderabad,31.59,32.99,47,broken clouds,6.45,2026-08-10 09:13:28,Hot
Tirunelveli,35.84,38.83,40,overcast clouds,7.49,2026-08-10 09:13:29,Very Hot
Madurai,36.05,38.56,38,overcast clouds,3.86,2026-08-10 09:13:29,Very Hot
Theni,32.18,35.21,52,light rain,5.71,2026-08-10 09:13:29,Hot
Chennai,31.38,38.38,72,light rain,2.24,2026-08-10 11:03:05,Very Hot
Mumbai,28.61,33.11,77,light rain,8.02,2026-08-10 11:03:05,Hot
Delhi,34.5,40.26,52,light rain,2.68,2026-08-10 11:03:06,Very Hot
Bengaluru,27.14,29.75,77,overcast clouds,4.18,2026-08-10 11:03:06,Warm
Hyderabad,29.81,31.57,55,broken clouds,5.87,2026-08-10 11:03:06,Warm
Tirunelveli,33.86,36.25,44,overcast clouds,7.42,2026-08-10 11:03:06,Hot
Madurai,34.76,37.07,41,overcast clouds,0.75,2026-08-10 11:03:06,Hot
Theni,31.06,33.56,54,overcast clouds,5.82,2026-08-10 11:03:06,Hot
Chennai,28.82,35.31,85,light rain,2.24,2026-08-10 12:56:07,Hot
Mumbai,28.71,33.55,78,light rain,7.74,2026-08-10 12:56:08,Hot
Delhi,32.12,37.99,62,light rain,3.04,2026-08-10 12:56:08,Hot
Bengaluru,27.29,30.62,82,overcast clouds,1.59,2026-08-10 12:56:08,Warm
Hyderabad,28.14,30.02,63,scattered clouds,3.77,2026-08-10 12:56:08,Warm
Tirunelveli,29.57,31.51,57,overcast clouds,6.76,2026-08-10 12:56:08,Warm
Madurai,30.57,33.29,57,heavy intensity rain,3.19,2026-08-10 12:56:08,Hot
Theni,27.58,29.88,70,broken clouds,5.1,2026-08-10 12:56:08,Warm
Chennai,29.16,35.42,81,light rain,1.79,2026-08-10 14:18:19,Hot
Mumbai,28.44,32.87,78,light rain,7.87,2026-08-10 14:18:19,Hot
Delhi,31.85,37.95,64,overcast clouds,2.69,2026-08-10 14:18:19,Hot
Bengaluru,27.34,30.74,82,light rain,5.26,2026-08-10 14:18:19,Warm
Hyderabad,27.53,29.16,64,few clouds,3.12,2026-08-10 14:18:19,Warm
Tirunelveli,28.52,31.24,67,overcast clouds,6.47,2026-08-10 14:18:19,Warm
Madurai,29.21,32.07,64,light rain,2.05,2026-08-10 14:18:19,Hot
Theni,26.47,26.47,75,broken clouds,4.5,2026-08-10 14:18:19,Comfortable
Chennai,26.65,26.65,93,overcast clouds,0.45,2026-08-10 15:55:38,Comfortable
Mumbai,28.42,33.0,79,light rain,7.79,2026-08-10 15:55:39,Hot
Delhi,31.54,37.48,65,light rain,3.4,2026-08-10 15:55:39,Hot
Bengaluru,22.72,23.29,86,light rain,4.96,2026-08-10 15:55:39,Comfortable
Hyderabad,27.08,28.74,67,light rain,3.01,2026-08-10 15:55:39,Warm
Tirunelveli,27.69,29.96,69,overcast clouds,5.74,2026-08-10 15:55:39,Warm
Madurai,28.05,31.04,72,light rain,1.48,2026-08-10 15:55:39,Warm
Theni,26.1,26.1,75,broken clouds,3.71,2026-08-10 15:55:39,Comfortable
Chennai,27.2,30.85,86,overcast clouds,0.45,2026-08-10 16:49:53,Warm
Mumbai,28.3,32.69,79,light rain,7.66,2026-08-10 16:49:53,Hot
Delhi,31.07,36.89,67,overcast clouds,3.59,2026-08-10 16:49:53,Hot
Bengaluru,22.72,23.29,86,overcast clouds,5.28,2026-08-10 16:49:54,Comfortable
Hyderabad,26.42,26.42,69,scattered clouds,3.03,2026-08-10 16:49:54,Comfortable
Tirunelveli,27.05,29.03,71,overcast clouds,5.64,2026-08-10 16:49:54,Warm
Madurai,27.8,30.66,73,light rain,0.83,2026-08-10 16:49:54,Warm
Theni,25.73,26.32,75,broken clouds,3.23,2026-08-10 16:49:54,Comfortable
Chennai,27.7,32.21,86,overcast clouds,1.34,2026-08-10 17:46:56,Hot
Mumbai,28.35,32.64,78,light rain,8.3,2026-08-10 17:46:56,Hot
Delhi,30.86,36.65,68,overcast clouds,3.17,2026-08-10 17:46:57,Hot
Bengaluru,22.72,23.29,86,overcast clouds,5.0,2026-08-10 17:46:57,Comfortable
Hyderabad,26.04,26.04,70,broken clouds,3.31,2026-08-10 17:46:57,Comfortable
Tirunelveli,27.11,29.13,71,overcast clouds,5.18,2026-08-10 17:46:57,Warm
Madurai,28.42,31.2,68,light rain,2.6,2026-08-10 17:46:57,Warm
Theni,25.77,26.36,75,broken clouds,3.15,2026-08-10 17:46:57,Comfortable
Chennai,27.8,32.8,88,overcast clouds,1.79,2026-08-10 18:49:26,Hot
Mumbai,28.1,32.19,79,light rain,7.85,2026-08-10 18:49:26,Hot
Delhi,30.37,35.19,67,overcast clouds,2.63,2026-08-10 18:49:26,Hot
Bengaluru,22.45,23.02,87,overcast clouds,4.79,2026-08-10 18:49:26,Comfortable
Hyderabad,25.86,26.36,71,overcast clouds,3.83,2026-08-10 18:49:26,Comfortable
Tirunelveli,26.68,28.47,72,overcast clouds,4.93,2026-08-10 18:49:26,Warm
Madurai,28.43,30.92,66,overcast clouds,2.07,2026-08-10 18:49:26,Warm
Theni,25.42,26.0,76,overcast clouds,3.82,2026-08-10 18:49:26,Comfortable
Chennai,26.84,30.1,88,light rain,2.68,2026-08-10 19:51:36,Warm
Mumbai,27.97,31.87,79,light rain,8.0,2026-08-10 19:51:37,Warm
Delhi,30.01,34.82,69,overcast clouds,2.98,2026-08-10 19:51:37,Hot
Bengaluru,22.16,22.7,87,overcast clouds,5.02,2026-08-10 19:51:37,Comfortable
Hyderabad,25.0,25.54,76,broken clouds,4.24,2026-08-10 19:51:37,Comfortable
Tirunelveli,26.5,26.5,73,overcast clouds,5.07,2026-08-10 19:51:37,Comfortable
Madurai,28.27,30.36,64,overcast clouds,3.66,2026-08-10 19:51:37,Warm
Theni,25.1,25.68,77,overcast clouds,3.07,2026-08-10 19:51:37,Comfortable
Chennai,26.41,26.41,88,light rain,1.34,2026-08-10 20:35:54,Comfortable
Mumbai,27.97,31.87,79,light rain,8.0,2026-08-10 20:35:54,Warm
Delhi,29.67,34.47,71,overcast clouds,2.84,2026-08-10 20:35:54,Hot
Bengaluru,21.89,22.43,88,overcast clouds,4.81,2026-08-10 20:35:54,Comfortable
Hyderabad,24.58,25.1,77,broken clouds,3.59,2026-08-10 20:35:54,Comfortable
Tirunelveli,26.24,26.24,74,broken clouds,4.7,2026-08-10 20:35:54,Comfortable
Madurai,27.98,29.76,63,overcast clouds,3.22,2026-08-10 20:35:54,Warm
Theni,24.88,25.46,78,overcast clouds,3.16,2026-08-10 20:35:54,Comfortable
Chennai,26.21,26.21,87,overcast clouds,0.89,2026-08-10 21:36:06,Comfortable
Mumbai,28.0,31.95,79,light rain,7.87,2026-08-10 21:36:06,Warm
Delhi,29.43,34.12,72,overcast clouds,2.88,2026-08-10 21:36:06,Hot
Bengaluru,21.61,22.12,88,overcast clouds,4.81,2026-08-10 21:36:07,Comfortable
Hyderabad,24.47,24.98,77,scattered clouds,4.2,2026-08-10 21:36:07,Comfortable
Tirunelveli,26.11,26.11,75,broken clouds,4.54,2026-08-10 21:36:07,Comfortable
Madurai,27.49,29.0,63,overcast clouds,4.08,2026-08-10 21:36:07,Warm
Theni,24.75,25.29,77,overcast clouds,3.06,2026-08-10 21:36:07,Comfortable
Chennai,26.2,26.2,89,overcast clouds,0.45,2026-08-10 22:31:38,Comfortable
Mumbai,28.0,31.95,79,light rain,7.87,2026-08-10 22:31:38,Warm
Delhi,29.0,33.49,74,light rain,3.05,2026-08-10 22:31:38,Hot
Bengaluru,21.34,21.85,89,overcast clouds,4.43,2026-08-10 22:31:38,Comfortable
Hyderabad,24.02,24.54,79,scattered clouds,4.2,2026-08-10 22:31:38,Comfortable
Tirunelveli,26.01,26.01,76,broken clouds,3.75,2026-08-10 22:31:38,Comfortable
Madurai,27.43,29.01,64,overcast clouds,4.08,2026-08-10 22:31:38,Warm
Theni,24.59,25.14,78,overcast clouds,2.63,2026-08-10 22:31:39,Comfortable
Chennai,26.36,26.36,89,overcast clouds,0.45,2026-08-10 23:29:40,Comfortable
Mumbai,28.15,32.0,77,light rain,7.11,2026-08-10 23:29:40,Hot
Delhi,29.0,33.49,74,light rain,3.05,2026-08-10 23:29:40,Hot
Bengaluru,21.34,21.85,89,overcast clouds,4.43,2026-08-10 23:29:40,Comfortable
Hyderabad,24.02,24.54,79,scattered clouds,4.2,2026-08-10 23:29:40,Comfortable
Tirunelveli,25.98,25.98,78,broken clouds,3.75,2026-08-10 23:29:40,Comfortable
Madurai,27.0,28.53,66,overcast clouds,3.66,2026-08-10 23:29:40,Warm
Theni,24.52,25.06,78,overcast clouds,2.63,2026-08-10 23:29:41,Comfortable
Chennai,26.63,26.63,87,overcast clouds,5.74,2026-08-11 01:16:41,Comfortable
Mumbai,27.69,31.2,79,moderate rain,6.48,2026-08-11 01:16:41,Warm
Delhi,28.93,33.52,75,light rain,3.1,2026-08-11 01:16:41,Hot
Bengaluru,21.05,21.53,89,overcast clouds,4.58,2026-08-11 01:16:41,Comfortable
Hyderabad,23.88,24.44,81,scattered clouds,4.98,2026-08-11 01:16:41,Comfortable
Tirunelveli,25.56,26.26,80,overcast clouds,3.19,2026-08-11 01:16:41,Comfortable
Madurai,26.53,26.53,68,overcast clouds,2.99,2026-08-11 01:16:41,Comfortable
Theni,24.1,24.63,79,overcast clouds,2.44,2026-08-11 01:16:41,Comfortable
Chennai,29.98,36.98,79,overcast clouds,0.45,2026-08-11 03:38:33,Hot
Mumbai,28.11,32.06,78,moderate rain,7.33,2026-08-11 03:38:33,Hot
Delhi,32.34,37.25,58,light rain,4.91,2026-08-11 03:38:33,Hot
Bengaluru,22.45,22.92,83,overcast clouds,5.63,2026-08-11 03:38:33,Comfortable
Hyderabad,27.96,29.61,62,scattered clouds,6.51,2026-08-11 03:38:33,Warm
Tirunelveli,31.38,34.16,54,overcast clouds,4.33,2026-08-11 03:38:33,Hot
Madurai,30.35,32.11,53,overcast clouds,2.79,2026-08-11 03:38:34,Hot
Theni,29.54,31.46,57,overcast clouds,3.71,2026-08-11 03:38:34,Warm
Chennai,31.76,38.76,70,overcast clouds,1.34,2026-08-11 05:02:18,Very Hot
Mumbai,28.03,32.02,79,moderate rain,7.79,2026-08-11 05:02:18,Hot
Delhi,33.47,38.56,54,heavy intensity rain,5.05,2026-08-11 05:02:18,Very Hot
Bengaluru,26.68,28.75,76,overcast clouds,6.01,2026-08-11 05:02:18,Warm
Hyderabad,29.26,30.85,56,scattered clouds,6.77,2026-08-11 05:02:18,Warm
Tirunelveli,32.73,35.75,50,overcast clouds,4.53,2026-08-11 05:02:18,Hot
Madurai,31.68,33.56,49,overcast clouds,2.48,2026-08-11 05:02:19,Hot
Theni,31.56,33.8,51,overcast clouds,3.49,2026-08-11 05:02:19,Hot
Chennai,34.51,41.51,60,overcast clouds,1.79,2026-08-11 06:57:40,Very Hot
Mumbai,27.94,31.65,78,overcast clouds,8.75,2026-08-11 06:57:40,Warm
Delhi,33.78,39.64,55,light rain,4.01,2026-08-11 06:57:40,Very Hot
Bengaluru,27.04,29.1,72,overcast clouds,6.08,2026-08-11 06:57:40,Warm
Hyderabad,31.55,32.72,46,broken clouds,6.88,2026-08-11 06:57:40,Hot
Tirunelveli,34.91,37.98,43,overcast clouds,6.53,2026-08-11 06:57:40,Hot
Madurai,34.08,36.1,42,overcast clouds,1.38,2026-08-11 06:57:40,Hot
Theni,33.8,35.6,42,overcast clouds,4.13,2026-08-11 06:57:40,Hot
Chennai,35.3,42.3,59,overcast clouds,0.89,2026-08-11 08:09:37,Very Hot
Mumbai,27.67,31.16,79,overcast clouds,8.9,2026-08-11 08:09:37,Warm
Delhi,32.66,38.66,60,overcast clouds,3.82,2026-08-11 08:09:37,Very Hot
Bengaluru,27.55,29.71,69,broken clouds,6.19,2026-08-11 08:09:37,Warm
Hyderabad,32.29,33.29,43,broken clouds,7.03,2026-08-11 08:09:37,Hot
Tirunelveli,35.23,40.44,48,overcast clouds,7.03,2026-08-11 08:09:37,Very Hot
Madurai,34.92,36.49,38,overcast clouds,0.77,2026-08-11 08:09:37,Hot
Theni,33.02,34.73,44,overcast clouds,5.86,2026-08-11 08:09:37,Hot
Chennai,35.54,42.54,57,overcast clouds,0.89,2026-08-11 09:55:37,Very Hot
Mumbai,26.76,29.46,83,overcast clouds,6.33,2026-08-11 09:55:37,Warm
Delhi,33.36,39.7,58,moderate rain,3.21,2026-08-11 09:55:37,Very Hot
Bengaluru,28.45,30.68,64,overcast clouds,5.28,2026-08-11 09:55:37,Warm
Hyderabad,30.72,31.98,49,overcast clouds,7.94,2026-08-11 09:55:37,Warm
Tirunelveli,35.47,40.21,46,broken clouds,8.4,2026-08-11 09:55:38,Very Hot
Madurai,36.47,38.05,34,overcast clouds,1.63,2026-08-11 09:55:38,Very Hot
Theni,31.31,33.79,53,light rain,5.23,2026-08-11 09:55:38,Hot
Chennai,36.16,43.16,66,overcast clouds,7.95,2026-08-11 10:46:15,Very Hot
Mumbai,26.99,29.91,82,overcast clouds,5.77,2026-08-11 10:46:15,Warm
Delhi,33.29,39.53,58,light rain,3.53,2026-08-11 10:46:15,Very Hot
Bengaluru,28.06,30.26,66,overcast clouds,4.87,2026-08-11 10:46:15,Warm
Hyderabad,29.87,31.01,51,overcast clouds,6.13,2026-08-11 10:46:15,Warm
Tirunelveli,34.36,38.16,47,broken clouds,8.79,2026-08-11 10:46:15,Very Hot
Madurai,35.81,37.49,36,overcast clouds,4.14,2026-08-11 10:46:15,Hot
Theni,30.57,33.08,56,light rain,5.52,2026-08-11 10:46:15,Hot
Chennai,32.4,39.4,72,overcast clouds,2.68,2026-08-11 11:39:58,Very Hot
Mumbai,27.27,30.46,81,moderate rain,5.97,2026-08-11 11:39:58,Warm
Delhi,32.6,38.51,60,light rain,3.49,2026-08-11 11:39:58,Very Hot
Bengaluru,27.79,29.91,67,overcast clouds,4.87,2026-08-11 11:39:58,Warm
Hyderabad,30.06,31.47,52,overcast clouds,5.42,2026-08-11 11:39:58,Warm
Tirunelveli,32.2,35.25,52,broken clouds,7.6,2026-08-11 11:39:58,Hot
Madurai,34.34,36.02,40,overcast clouds,5.58,2026-08-11 11:39:58,Hot
Theni,30.0,32.44,58,light rain,4.92,2026-08-11 11:39:58,Hot
Chennai,30.96,37.96,75,overcast clouds,1.79,2026-08-11 12:52:21,Hot
Mumbai,27.45,31.01,82,moderate rain,6.47,2026-08-11 12:52:21,Warm
Delhi,32.09,37.6,61,overcast clouds,2.6,2026-08-11 12:52:21,Hot
Bengaluru,27.89,30.58,71,overcast clouds,5.52,2026-08-11 12:52:21,Warm
Hyderabad,28.84,30.34,57,scattered clouds,3.91,2026-08-11 12:52:22,Warm
Tirunelveli,30.5,32.75,55,overcast clouds,7.16,2026-08-11 12:52:22,Hot
Madurai,31.7,33.82,50,light rain,3.92,2026-08-11 12:52:22,Hot
Theni,27.61,30.04,71,light rain,4.97,2026-08-11 12:52:22,Warm
Chennai,29.18,36.18,87,overcast clouds,2.68,2026-08-11 14:16:41,Hot
Mumbai,27.72,31.41,80,moderate rain,7.26,2026-08-11 14:16:41,Warm
Delhi,31.24,36.45,64,light rain,2.54,2026-08-11 14:16:41,Hot
Bengaluru,26.34,26.34,73,overcast clouds,6.6,2026-08-11 14:16:41,Comfortable
Hyderabad,27.84,29.22,60,scattered clouds,3.72,2026-08-11 14:16:41,Warm
Tirunelveli,28.76,31.38,65,overcast clouds,5.85,2026-08-11 14:16:41,Warm
Madurai,30.35,32.3,54,light rain,2.31,2026-08-11 14:16:42,Hot
Theni,26.44,26.44,75,light rain,4.82,2026-08-11 14:16:42,Comfortable
Chennai,28.85,35.85,87,overcast clouds,0.89,2026-08-11 15:55:51,Hot
Mumbai,28.05,32.07,79,light rain,7.69,2026-08-11 15:55:51,Hot
Delhi,30.15,34.67,67,light rain,2.48,2026-08-11 15:55:51,Hot
Bengaluru,22.7,23.25,85,overcast clouds,6.26,2026-08-11 15:55:51,Comfortable
Hyderabad,27.6,28.88,60,broken clouds,3.45,2026-08-11 15:55:51,Warm
Tirunelveli,28.04,30.35,67,overcast clouds,5.87,2026-08-11 15:55:51,Warm
Madurai,29.7,31.56,56,overcast clouds,1.26,2026-08-11 15:55:51,Warm
Theni,25.89,26.52,76,overcast clouds,3.62,2026-08-11 15:55:51,Comfortable
Chennai,29.27,36.27,87,overcast clouds,1.34,2026-08-11 16:54:16,Hot
Mumbai,28.03,32.02,79,light rain,7.96,2026-08-11 16:54:16,Hot
Delhi,29.66,33.58,67,light rain,2.64,2026-08-11 16:54:16,Hot
Bengaluru,23.25,23.77,82,overcast clouds,6.43,2026-08-11 16:54:16,Comfortable
Hyderabad,27.28,28.61,62,light rain,4.26,2026-08-11 16:54:16,Warm
Tirunelveli,27.63,29.74,68,overcast clouds,5.58,2026-08-11 16:54:17,Warm
Madurai,28.93,30.77,59,light rain,2.79,2026-08-11 16:54:17,Warm
Theni,25.68,26.29,76,overcast clouds,3.48,2026-08-11 16:54:17,Comfortable
Chennai,29.31,36.31,85,overcast clouds,1.34,2026-08-11 17:53:41,Hot
Mumbai,27.99,31.92,79,light rain,7.58,2026-08-11 17:53:41,Warm
Delhi,29.55,33.13,66,broken clouds,1.99,2026-08-11 17:53:41,Hot
Bengaluru,22.7,23.17,82,overcast clouds,6.0,2026-08-11 17:53:41,Comfortable
Hyderabad,25.15,25.63,73,light rain,5.14,2026-08-11 17:53:41,Comfortable
Tirunelveli,27.3,29.28,69,overcast clouds,5.79,2026-08-11 17:53:41,Warm
Madurai,27.86,29.8,65,light rain,3.34,2026-08-11 17:53:41,Warm
Theni,25.38,25.96,76,overcast clouds,3.3,2026-08-11 17:53:41,Comfortable
Chennai,29.15,36.15,86,overcast clouds,1.79,2026-08-11 18:54:58,Hot
Mumbai,28.07,31.96,78,light rain,7.61,2026-08-11 18:54:58,Warm
Delhi,29.91,34.13,67,overcast clouds,2.4,2026-08-11 18:54:58,Hot
Bengaluru,21.07,21.56,89,broken clouds,5.97,2026-08-11 18:54:58,Comfortable
Hyderabad,24.04,24.69,84,moderate rain,5.34,2026-08-11 18:54:58,Comfortable
Tirunelveli,27.31,29.39,70,overcast clouds,5.27,2026-08-11 18:54:58,Warm
Madurai,27.92,29.9,65,light rain,3.1,2026-08-11 18:54:59,Warm
Theni,25.12,25.72,78,overcast clouds,3.6,2026-08-11 18:54:59,Comfortable
Chennai,29.14,36.14,85,overcast clouds,0.45,2026-08-11 19:57:53,Hot
Mumbai,28.1,31.88,77,light rain,7.58,2026-08-11 19:57:53,Warm
Delhi,29.67,33.6,67,overcast clouds,2.25,2026-08-11 19:57:53,Hot
Bengaluru,21.2,21.65,87,scattered clouds,5.7,2026-08-11 19:57:53,Comfortable
Hyderabad,24.91,25.55,80,light rain,5.48,2026-08-11 19:57:53,Comfortable
Tirunelveli,26.93,28.82,71,overcast clouds,5.46,2026-08-11 19:57:53,Warm
Madurai,27.53,29.26,65,light rain,3.86,2026-08-11 19:57:53,Warm
Theni,24.73,25.32,79,overcast clouds,3.53,2026-08-11 19:57:53,Comfortable
Chennai,28.58,34.18,83,overcast clouds,2.24,2026-08-11 20:46:56,Hot
Mumbai,28.14,31.97,77,overcast clouds,7.71,2026-08-11 20:46:56,Warm
Delhi,29.44,33.1,67,overcast clouds,2.11,2026-08-11 20:46:57,Hot
Bengaluru,21.59,22.02,85,scattered clouds,5.49,2026-08-11 20:46:57,Comfortable
Hyderabad,26.5,26.5,74,moderate rain,18.864,2026-08-11 20:46:57,Comfortable
Tirunelveli,26.87,28.72,71,overcast clouds,5.63,2026-08-11 20:46:57,Warm
Madurai,27.11,28.62,65,light rain,3.66,2026-08-11 20:46:57,Warm
Theni,24.51,25.05,78,overcast clouds,3.66,2026-08-11 20:46:57,Comfortable
Chennai,28.04,32.52,82,overcast clouds,3.58,2026-08-11 21:40:05,Hot
Mumbai,28.06,31.94,78,light rain,8.31,2026-08-11 21:40:06,Warm
Delhi,29.31,32.64,66,broken clouds,1.79,2026-08-11 21:40:06,Hot
Bengaluru,21.32,21.75,86,scattered clouds,5.28,2026-08-11 21:40:06,Comfortable
Hyderabad,26.19,26.19,75,light rain,8.472,2026-08-11 21:40:06,Comfortable
Tirunelveli,26.65,26.65,72,overcast clouds,5.15,2026-08-11 21:40:06,Comfortable
Madurai,27.02,28.56,66,light rain,3.56,2026-08-11 21:40:06,Warm
Theni,24.32,24.84,78,broken clouds,2.87,2026-08-11 21:40:06,Comfortable
Chennai,28.02,32.62,83,overcast clouds,0.89,2026-08-11 22:35:46,Hot
Mumbai,28.1,32.03,78,light rain,8.43,2026-08-11 22:35:46,Hot
Delhi,29.31,32.64,66,broken clouds,1.79,2026-08-11 22:35:46,Hot
Bengaluru,21.05,21.48,87,scattered clouds,5.2,2026-08-11 22:35:46,Comfortable
Hyderabad,23.89,24.53,84,overcast clouds,6.08,2026-08-11 22:35:46,Comfortable
Tirunelveli,26.56,26.56,72,overcast clouds,4.77,2026-08-11 22:35:46,Comfortable
Madurai,26.75,28.23,67,overcast clouds,3.88,2026-08-11 22:35:46,Warm
Theni,24.13,24.66,79,broken clouds,2.59,2026-08-11 22:35:46,Comfortable
Chennai,28.03,32.49,82,overcast clouds,0.89,2026-08-11 23:34:03,Hot
Mumbai,28.1,32.03,78,light rain,8.43,2026-08-11 23:34:03,Hot
Delhi,29.16,32.33,66,broken clouds,2.02,2026-08-11 23:34:03,Hot
Bengaluru,20.77,21.17,87,scattered clouds,5.2,2026-08-11 23:34:03,Comfortable
Hyderabad,23.89,24.53,84,overcast clouds,6.08,2026-08-11 23:34:03,Comfortable
Tirunelveli,26.47,26.47,72,overcast clouds,4.66,2026-08-11 23:34:03,Comfortable
Madurai,26.4,26.4,68,overcast clouds,3.66,2026-08-11 23:34:03,Comfortable
Theni,24.04,24.59,80,overcast clouds,2.48,2026-08-11 23:34:03,Comfortable
Chennai,28.04,32.2,80,overcast clouds,0.89,2026-08-12 01:24:42,Hot
Mumbai,28.0,31.95,79,moderate rain,9.29,2026-08-12 01:24:42,Warm
Delhi,29.07,31.98,65,clear sky,2.28,2026-08-12 01:24:42,Warm
Bengaluru,20.77,21.23,89,overcast clouds,5.33,2026-08-12 01:24:42,Comfortable
Hyderabad,25.14,25.77,79,overcast clouds,33.36,2026-08-12 01:24:42,Comfortable
Tirunelveli,26.38,26.38,75,overcast clouds,4.71,2026-08-12 01:24:42,Comfortable
Madurai,26.21,26.21,69,overcast clouds,3.62,2026-08-12 01:24:42,Comfortable
Theni,24.04,24.64,82,overcast clouds,2.41,2026-08-12 01:24:42,Comfortable
Chennai,31.98,38.61,65,overcast clouds,1.79,2026-08-12 04:01:53,Very Hot
Mumbai,28.37,32.87,79,light rain,7.81,2026-08-12 04:01:53,Hot
Delhi,33.12,35.96,48,clear sky,1.49,2026-08-12 04:01:53,Hot
Bengaluru,26.96,29.04,73,overcast clouds,6.88,2026-08-12 04:01:53,Warm
Hyderabad,26.3,26.3,73,overcast clouds,7.72,2026-08-12 04:01:53,Comfortable
Tirunelveli,31.75,35.39,56,overcast clouds,4.84,2026-08-12 04:01:53,Hot
Madurai,30.44,32.26,53,overcast clouds,3.39,2026-08-12 04:01:53,Hot
Theni,29.1,31.05,59,overcast clouds,3.44,2026-08-12 04:01:53,Warm
Chennai,34.53,41.53,58,overcast clouds,1.34,2026-08-12 06:09:09,Very Hot
Mumbai,28.66,33.43,78,light rain,8.8,2026-08-12 06:09:09,Hot
Delhi,36.01,39.16,40,clear sky,1.21,2026-08-12 06:09:09,Very Hot
Bengaluru,27.14,29.0,69,overcast clouds,6.84,2026-08-12 06:09:09,Warm
Hyderabad,28.82,31.66,66,overcast clouds,7.91,2026-08-12 06:09:09,Warm
Tirunelveli,35.19,38.21,42,overcast clouds,6.03,2026-08-12 06:09:09,Very Hot
Madurai,33.13,35.18,45,overcast clouds,1.43,2026-08-12 06:09:09,Hot
Theni,32.59,34.96,48,overcast clouds,3.61,2026-08-12 06:09:09,Hot
Chennai,34.86,41.86,56,overcast clouds,0.89,2026-08-12 08:12:08,Very Hot
Mumbai,28.59,33.25,78,light rain,8.74,2026-08-12 08:12:08,Hot
Delhi,38.32,41.52,34,clear sky,1.32,2026-08-12 08:12:08,Very Hot
Bengaluru,28.04,29.86,63,overcast clouds,6.56,2026-08-12 08:12:08,Warm
Hyderabad,31.18,36.03,63,overcast clouds,23.496,2026-08-12 08:12:08,Hot
Tirunelveli,34.92,38.33,44,overcast clouds,7.48,2026-08-12 08:12:08,Very Hot
Madurai,34.91,37.05,40,overcast clouds,1.01,2026-08-12 08:12:09,Hot
Theni,33.35,36.13,47,light rain,5.32,2026-08-12 08:12:09,Hot
Chennai,35.17,42.17,60,scattered clouds,3.09,2026-08-12 09:56:58,Very Hot
Mumbai,29.99,36.01,74,light rain,7.72,2026-08-12 09:56:58,Hot
Delhi,35.96,42.96,63,haze,2.57,2026-08-12 09:56:58,Very Hot
Bengaluru,28.54,30.41,61,scattered clouds,5.14,2026-08-12 09:56:58,Warm
Hyderabad,30.23,32.86,58,haze,6.17,2026-08-12 09:56:59,Hot
Tirunelveli,33.15,33.59,38,overcast clouds,9.12,2026-08-12 09:56:59,Hot
Madurai,37.01,41.64,41,few clouds,2.57,2026-08-12 09:56:59,Very Hot
Theni,31.33,34.3,55,light rain,5.71,2026-08-12 09:56:59,Hot
Chennai,32.87,39.87,68,scattered clouds,5.14,2026-08-12 10:58:59,Very Hot
Mumbai,30.99,37.57,70,haze,7.2,2026-08-12 10:58:59,Hot
Delhi,35.96,42.96,63,haze,3.09,2026-08-12 10:58:59,Very Hot
Bengaluru,28.48,30.32,61,scattered clouds,5.14,2026-08-12 10:58:59,Warm
Hyderabad,30.23,32.86,58,haze,5.14,2026-08-12 10:58:59,Hot
Tirunelveli,32.67,33.48,41,overcast clouds,8.69,2026-08-12 10:58:59,Hot
Madurai,37.01,41.64,41,few clouds,3.09,2026-08-12 10:58:59,Very Hot
Theni,31.06,33.78,55,light rain,5.15,2026-08-12 10:59:00,Hot
Chennai,31.69,38.69,70,overcast clouds,6.17,2026-08-12 11:50:47,Very Hot
Mumbai,29.99,36.01,74,overcast clouds,7.2,2026-08-12 11:50:47,Hot
Delhi,34.96,41.96,63,haze,2.06,2026-08-12 11:50:47,Very Hot
Bengaluru,28.23,30.3,64,overcast clouds,3.6,2026-08-12 11:50:47,Warm
Hyderabad,26.23,26.23,83,light intensity drizzle,5.14,2026-08-12 11:50:47,Comfortable
Tirunelveli,32.01,32.66,42,overcast clouds,7.83,2026-08-12 11:50:48,Hot
Madurai,35.01,39.2,46,overcast clouds,3.09,2026-08-12 11:50:48,Very Hot
Theni,30.04,32.71,59,light rain,4.85,2026-08-12 11:50:48,Hot
Chennai,31.17,38.17,74,overcast clouds,3.6,2026-08-12 12:56:36,Very Hot
Mumbai,28.99,34.5,79,light rain,5.66,2026-08-12 12:56:36,Hot
Delhi,35.96,42.96,56,clear sky,2.06,2026-08-12 12:56:36,Very Hot
Bengaluru,27.25,29.19,69,overcast clouds,3.09,2026-08-12 12:56:37,Warm
Hyderabad,28.23,31.71,74,overcast clouds,5.14,2026-08-12 12:56:37,Warm
Tirunelveli,32.08,34.04,48,scattered clouds,6.43,2026-08-12 12:56:37,Hot
Madurai,30.01,34.13,66,light rain,5.14,2026-08-12 12:56:37,Hot
Theni,27.83,30.1,68,light rain,5.71,2026-08-12 12:56:37,Warm
Chennai,30.52,37.52,78,overcast clouds,3.6,2026-08-12 14:18:58,Hot
Mumbai,28.99,34.5,79,overcast clouds,5.14,2026-08-12 14:18:58,Hot
Delhi,33.05,40.05,62,clear sky,2.06,2026-08-12 14:18:58,Very Hot
Bengaluru,27.69,30.08,70,overcast clouds,5.75,2026-08-12 14:18:58,Warm
Hyderabad,26.23,26.23,83,light rain,32.4,2026-08-12 14:18:58,Comfortable
Tirunelveli,30.59,33.77,59,broken clouds,5.32,2026-08-12 14:18:58,Hot
Madurai,31.01,36.46,66,overcast clouds,2.57,2026-08-12 14:18:58,Hot
Theni,27.26,29.3,70,overcast clouds,4.72,2026-08-12 14:18:58,Warm
Chennai,30.51,37.51,79,light rain,3.09,2026-08-12 15:54:26,Hot
Mumbai,28.99,34.5,79,light rain,4.63,2026-08-12 15:54:26,Hot
Delhi,33.05,40.05,66,clear sky,2.57,2026-08-12 15:54:26,Very Hot
Bengaluru,23.82,24.35,80,light rain,5.14,2026-08-12 15:54:26,Comfortable
Hyderabad,26.23,26.23,83,light rain,3.6,2026-08-12 15:54:26,Comfortable
Tirunelveli,28.4,31.16,68,broken clouds,5.63,2026-08-12 15:54:26,Warm
Madurai,31.01,36.46,66,overcast clouds,2.06,2026-08-12 15:54:26,Hot
Theni,26.3,26.3,72,overcast clouds,4.01,2026-08-12 15:54:26,Comfortable
Chennai,30.24,37.24,81,overcast clouds,4.12,2026-08-12 16:52:33,Hot
Mumbai,28.99,34.5,79,light rain,4.63,2026-08-12 16:52:33,Hot
Delhi,31.96,38.96,79,clear sky,2.06,2026-08-12 16:52:34,Very Hot
Bengaluru,23.0,23.55,84,light rain,4.12,2026-08-12 16:52:34,Comfortable
Hyderabad,26.86,29.69,83,overcast clouds,3.6,2026-08-12 16:52:34,Warm
Tirunelveli,28.06,30.78,70,broken clouds,5.41,2026-08-12 16:52:34,Warm
Madurai,30.01,35.06,70,overcast clouds,2.06,2026-08-12 16:52:34,Hot
Theni,25.95,25.95,74,overcast clouds,3.4,2026-08-12 16:52:34,Comfortable
Chennai,30.18,37.18,81,overcast clouds,2.24,2026-08-12 17:54:11,Hot
Mumbai,28.99,34.5,79,light rain,4.12,2026-08-12 17:54:11,Hot
Delhi,32.05,39.05,70,clear sky,2.06,2026-08-12 17:54:11,Very Hot
Bengaluru,22.86,23.39,84,overcast clouds,5.76,2026-08-12 17:54:11,Comfortable
Hyderabad,26.62,26.62,83,overcast clouds,3.264,2026-08-12 17:54:11,Comfortable
Tirunelveli,27.68,30.18,71,broken clouds,5.53,2026-08-12 17:54:11,Warm
Madurai,28.21,30.01,62,overcast clouds,2.36,2026-08-12 17:54:11,Warm
Theni,25.52,26.11,76,overcast clouds,3.32,2026-08-12 17:54:11,Comfortable
Chennai,29.89,36.89,82,overcast clouds,4.12,2026-08-12 18:54:49,Hot
Mumbai,28.99,34.5,79,light rain,4.12,2026-08-12 18:54:49,Hot
Delhi,31.96,38.96,79,clear sky,2.06,2026-08-12 18:54:49,Very Hot
Bengaluru,21.81,22.29,86,overcast clouds,5.4,2026-08-12 18:54:49,Comfortable
Hyderabad,25.8,26.39,75,overcast clouds,4.18,2026-08-12 18:54:50,Comfortable
Tirunelveli,27.45,29.96,73,overcast clouds,5.17,2026-08-12 18:54:50,Warm
Madurai,30.01,34.13,66,overcast clouds,1.54,2026-08-12 18:54:50,Hot
Theni,25.4,26.01,77,overcast clouds,4.08,2026-08-12 18:54:50,Comfortable
Chennai,29.89,36.89,82,light rain,3.09,2026-08-12 19:58:34,Hot
Mumbai,27.99,33.54,89,light rain,4.12,2026-08-12 19:58:35,Hot
Delhi,30.96,37.96,84,clear sky,1.54,2026-08-12 19:58:35,Hot
Bengaluru,22.34,22.85,85,overcast clouds,4.63,2026-08-12 19:58:35,Comfortable
Hyderabad,25.77,26.6,84,overcast clouds,7.44,2026-08-12 19:58:35,Comfortable
Tirunelveli,27.14,29.37,73,overcast clouds,4.86,2026-08-12 19:58:35,Warm
Madurai,27.85,29.34,61,overcast clouds,4.47,2026-08-12 19:58:35,Warm
Theni,24.89,25.47,78,overcast clouds,3.69,2026-08-12 19:58:35,Comfortable
Chennai,29.66,36.66,81,light rain,3.6,2026-08-12 20:50:30,Hot
Mumbai,28.07,32.12,79,light rain,7.53,2026-08-12 20:50:30,Hot
Delhi,29.05,36.05,89,clear sky,2.57,2026-08-12 20:50:30,Hot
Bengaluru,21.88,22.29,83,overcast clouds,5.27,2026-08-12 20:50:30,Comfortable
Hyderabad,24.73,25.56,88,overcast clouds,6.17,2026-08-12 20:50:30,Comfortable
Tirunelveli,26.96,29.12,74,overcast clouds,4.55,2026-08-12 20:50:30,Warm
Madurai,29.01,31.86,65,overcast clouds,2.57,2026-08-12 20:50:30,Warm
Theni,24.99,25.56,77,overcast clouds,3.48,2026-08-12 20:50:30,Comfortable
Chennai,29.65,36.61,80,light rain,3.6,2026-08-12 21:39:47,Hot
Mumbai,27.99,32.54,83,light rain,4.12,2026-08-12 21:39:47,Hot
Delhi,29.05,35.79,84,clear sky,3.09,2026-08-12 21:39:47,Hot
Bengaluru,21.55,22.06,88,overcast clouds,5.12,2026-08-12 21:39:47,Comfortable
Hyderabad,24.73,25.56,88,overcast clouds,4.12,2026-08-12 21:39:48,Comfortable
Tirunelveli,26.74,28.79,75,overcast clouds,4.69,2026-08-12 21:39:48,Warm
Madurai,27.19,28.74,65,overcast clouds,3.88,2026-08-12 21:39:48,Warm
Theni,24.71,25.3,79,overcast clouds,3.34,2026-08-12 21:39:48,Comfortable
Chennai,29.21,35.8,82,light rain,3.6,2026-08-12 22:34:41,Hot
Mumbai,25.99,25.99,83,light rain,7.2,2026-08-12 22:34:41,Comfortable
Delhi,32.4,36.49,55,clear sky,2.05,2026-08-12 22:34:41,Hot
Bengaluru,20.91,21.48,93,overcast clouds,4.12,2026-08-12 22:34:41,Comfortable
Hyderabad,24.73,25.56,88,overcast clouds,4.12,2026-08-12 22:34:41,Comfortable
Tirunelveli,26.67,28.59,74,overcast clouds,4.09,2026-08-12 22:34:41,Warm
Madurai,27.08,28.65,66,overcast clouds,3.88,2026-08-12 22:34:41,Warm
Theni,24.47,25.01,78,overcast clouds,2.99,2026-08-12 22:34:41,Comfortable
Chennai,29.07,35.62,83,light rain,3.09,2026-08-12 23:35:46,Hot
Mumbai,28.2,32.12,77,moderate rain,7.91,2026-08-12 23:35:46,Hot
Delhi,32.29,36.25,55,clear sky,2.05,2026-08-12 23:35:46,Hot
Bengaluru,21.03,21.56,91,overcast clouds,5.14,2026-08-12 23:35:47,Comfortable
Hyderabad,24.93,25.91,93,overcast clouds,23.016,2026-08-12 23:35:47,Comfortable
Tirunelveli,26.52,26.52,75,overcast clouds,3.46,2026-08-12 23:35:47,Comfortable
Madurai,28.01,30.05,65,overcast clouds,2.06,2026-08-12 23:35:47,Warm
Theni,24.38,24.88,77,overcast clouds,2.97,2026-08-12 23:35:47,Comfortable
Chennai,28.72,34.58,83,overcast clouds,2.57,2026-08-13 01:26:39,Hot
Mumbai,28.27,32.45,78,light rain,7.83,2026-08-13 01:26:39,Hot
Delhi,28.05,33.73,89,overcast clouds,3.09,2026-08-13 01:26:39,Hot
Bengaluru,20.94,21.47,91,overcast clouds,4.12,2026-08-13 01:26:40,Comfortable
Hyderabad,23.35,23.96,85,overcast clouds,5.79,2026-08-13 01:26:40,Comfortable
Tirunelveli,26.5,26.5,76,overcast clouds,3.91,2026-08-13 01:26:40,Comfortable
Madurai,28.01,30.05,65,overcast clouds,2.06,2026-08-13 01:26:40,Warm
Theni,24.37,24.9,78,broken clouds,2.44,2026-08-13 01:26:40,Comfortable
Chennai,30.6,36.54,70,overcast clouds,1.34,2026-08-13 04:05:59,Hot
Mumbai,28.99,34.5,79,light rain,6.17,2026-08-13 04:06:00,Hot
Delhi,29.96,36.96,84,scattered clouds,2.06,2026-08-13 04:06:00,Hot
Bengaluru,23.94,24.48,80,overcast clouds,6.17,2026-08-13 04:06:00,Comfortable
Hyderabad,25.23,25.85,78,broken clouds,22.464,2026-08-13 04:06:00,Comfortable
Tirunelveli,31.86,36.46,59,overcast clouds,5.46,2026-08-13 04:06:00,Hot
Madurai,32.01,36.5,58,overcast clouds,2.06,2026-08-13 04:06:00,Hot
Theni,29.41,31.41,58,overcast clouds,3.12,2026-08-13 04:06:00,Warm
Chennai,33.02,39.93,61,overcast clouds,5.14,2026-08-13 06:12:35,Very Hot
Mumbai,24.99,26.0,94,light rain,5.14,2026-08-13 06:12:35,Comfortable
Delhi,33.96,40.96,62,clear sky,2.57,2026-08-13 06:12:36,Very Hot
Bengaluru,27.44,29.22,66,overcast clouds,7.2,2026-08-13 06:12:36,Warm
Hyderabad,29.23,32.29,65,broken clouds,4.63,2026-08-13 06:12:36,Hot
Tirunelveli,34.8,38.41,45,overcast clouds,5.92,2026-08-13 06:12:36,Very Hot
Madurai,33.01,35.75,48,overcast clouds,1.9,2026-08-13 06:12:36,Hot
Theni,32.24,34.32,48,light rain,4.09,2026-08-13 06:12:36,Hot
Chennai,34.73,41.73,57,overcast clouds,5.66,2026-08-13 08:15:31,Very Hot
Mumbai,26.99,31.13,94,light rain,4.63,2026-08-13 08:15:31,Warm
Delhi,34.05,41.05,62,light rain,4.12,2026-08-13 08:15:31,Very Hot
Bengaluru,28.47,30.3,61,overcast clouds,5.66,2026-08-13 08:15:31,Warm
Hyderabad,29.23,32.29,65,overcast clouds,7.2,2026-08-13 08:15:31,Hot
Tirunelveli,36.38,41.47,44,overcast clouds,7.64,2026-08-13 08:15:32,Very Hot
Madurai,38.01,42.13,37,overcast clouds,3.09,2026-08-13 08:15:32,Very Hot
Theni,31.79,34.7,53,light rain,5.55,2026-08-13 08:15:32,Hot
Chennai,35.61,42.61,66,overcast clouds,7.55,2026-08-13 09:58:32,Very Hot
Mumbai,27.99,32.54,83,light rain,3.6,2026-08-13 09:58:32,Hot
Delhi,28.96,35.96,94,overcast clouds,2.06,2026-08-13 09:58:32,Hot
Bengaluru,28.57,30.46,61,overcast clouds,4.95,2026-08-13 09:58:33,Warm
Hyderabad,30.23,33.71,62,overcast clouds,26.4,2026-08-13 09:58:33,Hot
Tirunelveli,35.02,37.56,41,overcast clouds,8.36,2026-08-13 09:58:33,Hot
Madurai,32.01,36.5,58,overcast clouds,7.72,2026-08-13 09:58:33,Hot
Theni,31.44,34.51,55,overcast clouds,4.84,2026-08-13 09:58:33,Hot
Chennai,30.52,37.52,75,overcast clouds,6.46,2026-08-13 11:02:05,Hot
Mumbai,27.99,32.54,83,light rain,4.63,2026-08-13 11:02:05,Hot
Delhi,28.96,35.96,89,overcast clouds,3.6,2026-08-13 11:02:05,Hot
Bengaluru,28.45,30.54,63,overcast clouds,5.66,2026-08-13 11:02:06,Warm
Hyderabad,30.23,32.86,58,overcast clouds,5.14,2026-08-13 11:02:06,Hot
Tirunelveli,33.94,36.12,43,overcast clouds,8.04,2026-08-13 11:02:06,Hot
Madurai,32.01,35.66,55,light rain,5.14,2026-08-13 11:02:06,Hot
Theni,31.21,34.06,55,light rain,4.68,2026-08-13 11:02:06,Hot
Chennai,31.41,38.4,69,overcast clouds,3.13,2026-08-13 12:57:21,Very Hot
Mumbai,24.99,26.0,94,moderate rain,8.75,2026-08-13 12:57:21,Comfortable
Delhi,28.96,35.96,94,overcast clouds,1.54,2026-08-13 12:57:21,Hot
Bengaluru,27.75,29.51,64,light rain,4.63,2026-08-13 12:57:22,Warm
Hyderabad,29.23,32.29,65,overcast clouds,5.14,2026-08-13 12:57:22,Hot
Tirunelveli,30.79,32.66,52,overcast clouds,6.46,2026-08-13 12:57:22,Hot
Madurai,31.01,35.38,62,heavy intensity rain,1.54,2026-08-13 12:57:22,Hot
Theni,27.96,30.08,66,moderate rain,4.93,2026-08-13 12:57:22,Warm
Chennai,30.58,37.05,72,overcast clouds,4.12,2026-08-13 14:21:58,Hot
Mumbai,28.11,32.22,79,light rain,8.91,2026-08-13 14:21:58,Hot
Delhi,31.05,38.05,79,overcast clouds,1.54,2026-08-13 14:21:58,Very Hot
Bengaluru,23.22,23.87,87,light rain,5.73,2026-08-13 14:21:58,Comfortable
Hyderabad,28.23,30.98,69,overcast clouds,4.12,2026-08-13 14:21:59,Warm
Tirunelveli,29.48,32.99,66,overcast clouds,7.16,2026-08-13 14:21:59,Hot
Madurai,27.29,30.28,79,light rain,4.2,2026-08-13 14:21:59,Warm
Theni,26.57,26.57,73,light rain,4.0,2026-08-13 14:21:59,Comfortable
Chennai,30.42,37.19,74,overcast clouds,4.12,2026-08-13 15:54:13,Hot
Mumbai,28.0,31.95,79,light rain,8.4,2026-08-13 15:54:13,Warm
Delhi,28.96,35.96,100,overcast clouds,1.54,2026-08-13 15:54:13,Hot
Bengaluru,23.07,23.68,86,overcast clouds,3.6,2026-08-13 15:54:13,Comfortable
Hyderabad,24.23,25.16,94,light rain,5.904,2026-08-13 15:54:13,Comfortable
Tirunelveli,28.98,31.15,61,overcast clouds,6.2,2026-08-13 15:54:14,Warm
Madurai,30.01,34.13,66,light rain,3.6,2026-08-13 15:54:14,Hot
Theni,26.28,26.28,72,overcast clouds,3.62,2026-08-13 15:54:14,Comfortable
Chennai,30.25,37.25,78,overcast clouds,2.24,2026-08-13 16:51:40,Hot
Mumbai,27.99,32.54,83,light rain,4.12,2026-08-13 16:51:40,Hot
Delhi,30.05,37.05,89,broken clouds,1.54,2026-08-13 16:51:40,Hot
Bengaluru,23.22,23.79,84,overcast clouds,5.37,2026-08-13 16:51:40,Comfortable
Hyderabad,24.74,25.7,93,overcast clouds,11.496,2026-08-13 16:51:40,Comfortable
Tirunelveli,28.69,31.41,66,overcast clouds,6.11,2026-08-13 16:51:40,Warm
Madurai,30.01,34.13,66,overcast clouds,4.63,2026-08-13 16:51:40,Hot
Theni,26.17,26.17,73,overcast clouds,3.3,2026-08-13 16:51:41,Comfortable
Chennai,29.89,36.89,82,overcast clouds,5.14,2026-08-13 17:53:48,Hot
Mumbai,27.96,31.85,79,light rain,8.08,2026-08-13 17:53:48,Warm
Delhi,30.05,37.05,89,broken clouds,1.03,2026-08-13 17:53:48,Hot
Bengaluru,22.46,22.98,85,overcast clouds,5.53,2026-08-13 17:53:48,Comfortable
Hyderabad,24.73,25.56,88,overcast clouds,3.09,2026-08-13 17:53:48,Comfortable
Tirunelveli,27.5,29.52,68,broken clouds,5.66,2026-08-13 17:53:48,Warm
Madurai,30.01,34.13,66,overcast clouds,3.6,2026-08-13 17:53:48,Hot
Theni,25.77,26.28,72,overcast clouds,2.2,2026-08-13 17:53:48,Comfortable
Chennai,30.16,37.16,83,overcast clouds,3.6,2026-08-13 18:55:35,Hot
Mumbai,26.99,30.0,83,light rain,4.63,2026-08-13 18:55:35,Warm
Delhi,31.17,33.32,52,overcast clouds,2.5,2026-08-13 18:55:36,Hot
Bengaluru,21.31,21.82,89,overcast clouds,4.91,2026-08-13 18:55:36,Comfortable
Hyderabad,25.29,26.09,85,overcast clouds,3.09,2026-08-13 18:55:36,Comfortable
Tirunelveli,27.46,29.45,68,overcast clouds,5.16,2026-08-13 18:55:36,Warm
Madurai,28.0,30.41,68,overcast clouds,2.3,2026-08-13 18:55:36,Warm
Theni,25.7,26.23,73,overcast clouds,2.62,2026-08-13 18:55:36,Comfortable
Chennai,29.72,36.72,82,overcast clouds,3.6,2026-08-13 19:54:16,Hot
Mumbai,28.27,32.28,77,light rain,7.68,2026-08-13 19:54:16,Hot
Delhi,29.58,30.89,53,broken clouds,2.5,2026-08-13 19:54:16,Warm
Bengaluru,21.55,22.03,87,overcast clouds,5.1,2026-08-13 19:54:16,Comfortable
Hyderabad,25.22,25.89,80,overcast clouds,9.264,2026-08-13 19:54:16,Comfortable
Tirunelveli,27.38,29.41,69,overcast clouds,5.48,2026-08-13 19:54:16,Warm
Madurai,30.01,32.46,58,overcast clouds,2.57,2026-08-13 19:54:17,Hot
Theni,25.34,25.81,72,overcast clouds,2.95,2026-08-13 19:54:17,Comfortable
Chennai,29.41,36.41,84,heavy intensity rain,3.6,2026-08-13 20:36:17,Hot
Mumbai,28.26,32.26,77,light rain,7.45,2026-08-13 20:36:17,Hot
Delhi,29.56,30.86,53,broken clouds,1.82,2026-08-13 20:36:17,Warm
Bengaluru,21.55,22.06,88,overcast clouds,5.34,2026-08-13 20:36:17,Comfortable
Hyderabad,25.17,25.6,71,overcast clouds,6.06,2026-08-13 20:36:17,Comfortable
Tirunelveli,27.25,29.28,70,overcast clouds,5.15,2026-08-13 20:36:17,Warm
Madurai,29.01,31.21,61,overcast clouds,1.03,2026-08-13 20:36:17,Warm
Theni,24.93,25.41,74,overcast clouds,2.7,2026-08-13 20:36:17,Comfortable
Chennai,28.98,35.81,85,overcast clouds,2.57,2026-08-13 21:39:03,Hot
Mumbai,27.99,32.54,83,light rain,4.12,2026-08-13 21:39:03,Hot
Delhi,30.05,37.05,84,broken clouds,2.06,2026-08-13 21:39:03,Hot
Bengaluru,20.94,21.44,90,overcast clouds,4.63,2026-08-13 21:39:03,Comfortable
Hyderabad,25.44,26.05,77,light rain,32.4,2026-08-13 21:39:03,Comfortable
Tirunelveli,26.95,28.85,71,overcast clouds,5.11,2026-08-13 21:39:03,Warm
Madurai,28.01,30.05,65,overcast clouds,2.06,2026-08-13 21:39:04,Warm
Theni,24.94,25.45,75,overcast clouds,2.14,2026-08-13 21:39:04,Comfortable
Chennai,28.98,35.58,84,overcast clouds,2.57,2026-08-13 22:35:25,Hot
Mumbai,27.99,32.54,83,light rain,4.12,2026-08-13 22:35:25,Hot
Delhi,28.96,35.96,100,overcast clouds,0.0,2026-08-13 22:35:25,Hot
Bengaluru,20.93,21.45,91,overcast clouds,3.6,2026-08-13 22:35:26,Comfortable
Hyderabad,25.15,25.71,76,overcast clouds,16.632,2026-08-13 22:35:26,Comfortable
Tirunelveli,26.91,28.7,70,overcast clouds,4.32,2026-08-13 22:35:26,Warm
Madurai,28.01,30.05,65,overcast clouds,1.54,2026-08-13 22:35:26,Warm
Theni,24.88,25.38,75,overcast clouds,2.37,2026-08-13 22:35:26,Comfortable
Chennai,28.63,34.73,85,overcast clouds,3.09,2026-08-13 23:35:47,Hot
Mumbai,27.99,32.54,83,light rain,3.6,2026-08-13 23:35:47,Hot
Delhi,29.05,36.05,89,overcast clouds,2.57,2026-08-13 23:35:47,Hot
Bengaluru,20.59,21.05,90,overcast clouds,4.67,2026-08-13 23:35:47,Comfortable
Hyderabad,23.73,24.46,88,overcast clouds,5.14,2026-08-13 23:35:47,Comfortable
Tirunelveli,26.83,28.65,71,overcast clouds,4.0,2026-08-13 23:35:47,Warm
Madurai,28.01,30.05,65,overcast clouds,2.06,2026-08-13 23:35:47,Warm
Theni,24.69,25.17,75,overcast clouds,2.32,2026-08-13 23:35:47,Comfortable
Chennai,29.13,34.88,79,overcast clouds,3.09,2026-08-14 01:25:38,Hot
Mumbai,26.99,30.6,89,light rain,3.09,2026-08-14 01:25:38,Warm
Delhi,28.96,35.96,94,overcast clouds,2.06,2026-08-14 01:25:38,Hot
Bengaluru,20.59,21.08,91,overcast clouds,4.77,2026-08-14 01:25:38,Comfortable
Hyderabad,23.21,23.7,81,overcast clouds,5.49,2026-08-14 01:25:38,Comfortable
Tirunelveli,26.17,26.17,76,overcast clouds,4.09,2026-08-14 01:25:39,Comfortable
Madurai,28.01,30.05,65,overcast clouds,1.54,2026-08-14 01:25:39,Warm
Theni,24.48,24.97,76,overcast clouds,2.33,2026-08-14 01:25:39,Comfortable
Chennai,32.34,38.87,63,overcast clouds,6.17,2026-08-14 04:02:21,Very Hot
Mumbai,27.99,32.54,83,light rain,5.14,2026-08-14 04:02:21,Hot
Delhi,29.05,36.05,89,light rain,5.14,2026-08-14 04:02:21,Hot
Bengaluru,22.43,22.95,85,overcast clouds,5.14,2026-08-14 04:02:21,Comfortable
Hyderabad,26.23,26.23,73,overcast clouds,6.17,2026-08-14 04:02:21,Comfortable
Tirunelveli,30.98,33.63,55,scattered clouds,5.21,2026-08-14 04:02:21,Hot
Madurai,30.59,32.51,53,overcast clouds,2.97,2026-08-14 04:02:21,Hot
Theni,29.09,30.58,56,overcast clouds,3.21,2026-08-14 04:02:21,Warm
Chennai,34.54,41.54,57,overcast clouds,6.17,2026-08-14 06:08:56,Very Hot
Mumbai,29.99,36.01,74,light rain,6.69,2026-08-14 06:08:56,Hot
Delhi,29.96,36.96,89,light rain,3.6,2026-08-14 06:08:56,Hot
Bengaluru,26.63,26.63,70,overcast clouds,5.66,2026-08-14 06:08:56,Comfortable
Hyderabad,29.23,32.11,64,overcast clouds,8.75,2026-08-14 06:08:56,Hot
Tirunelveli,33.82,36.46,45,broken clouds,6.73,2026-08-14 06:08:56,Hot
Madurai,34.01,38.08,49,broken clouds,3.09,2026-08-14 06:08:56,Very Hot
Theni,31.96,33.6,47,broken clouds,4.04,2026-08-14 06:08:56,Hot
Chennai,36.31,43.31,52,overcast clouds,6.17,2026-08-14 08:10:27,Very Hot
Mumbai,29.94,36.94,79,light rain,4.12,2026-08-14 08:10:27,Hot
Delhi,33.41,40.41,67,moderate rain,1.32,2026-08-14 08:10:27,Very Hot
Bengaluru,27.52,29.35,66,overcast clouds,6.64,2026-08-14 08:10:27,Warm
Hyderabad,30.29,33.39,60,overcast clouds,8.75,2026-08-14 08:10:27,Hot
Tirunelveli,35.04,38.24,43,overcast clouds,6.86,2026-08-14 08:10:27,Very Hot
Madurai,36.01,40.64,44,scattered clouds,3.09,2026-08-14 08:10:27,Very Hot
Theni,33.15,35.21,45,light rain,6.35,2026-08-14 08:10:27,Hot
Chennai,36.73,43.73,51,overcast clouds,4.63,2026-08-14 09:54:58,Very Hot
Mumbai,28.27,32.28,77,light rain,7.77,2026-08-14 09:54:58,Hot
Delhi,25.96,25.96,100,light rain,2.06,2026-08-14 09:54:58,Comfortable
Bengaluru,28.23,30.3,64,overcast clouds,4.12,2026-08-14 09:54:58,Warm
Hyderabad,29.73,33.31,65,overcast clouds,8.23,2026-08-14 09:54:59,Hot
Tirunelveli,34.63,36.54,40,overcast clouds,8.08,2026-08-14 09:54:59,Hot
Madurai,34.01,38.08,49,broken clouds,3.09,2026-08-14 09:54:59,Very Hot
Theni,32.04,34.68,51,broken clouds,6.03,2026-08-14 09:54:59,Hot
Chennai,33.93,40.93,63,overcast clouds,3.6,2026-08-14 10:53:46,Very Hot
Mumbai,29.99,35.01,70,light rain,5.66,2026-08-14 10:53:46,Hot
Delhi,25.96,25.96,100,overcast clouds,2.57,2026-08-14 10:53:46,Comfortable
Bengaluru,28.23,30.3,64,overcast clouds,5.14,2026-08-14 10:53:46,Warm
Hyderabad,29.23,31.59,61,overcast clouds,7.2,2026-08-14 10:53:46,Warm
Tirunelveli,33.15,34.72,43,overcast clouds,8.17,2026-08-14 10:53:46,Hot
Madurai,29.01,33.52,74,broken clouds,3.6,2026-08-14 10:53:46,Hot
Theni,29.87,32.21,58,broken clouds,5.01,2026-08-14 10:53:46,Hot
Chennai,32.78,39.78,65,overcast clouds,2.68,2026-08-14 11:40:22,Very Hot
Mumbai,28.99,33.47,74,light rain,6.69,2026-08-14 11:40:22,Hot
Delhi,26.96,31.04,94,light rain,3.6,2026-08-14 11:40:22,Warm
Bengaluru,27.86,29.91,66,light rain,5.14,2026-08-14 11:40:22,Warm
Hyderabad,30.32,33.89,62,overcast clouds,32.64,2026-08-14 11:40:22,Hot
Tirunelveli,30.82,32.13,49,overcast clouds,7.61,2026-08-14 11:40:22,Hot
Madurai,29.01,32.75,70,broken clouds,1.54,2026-08-14 11:40:22,Hot
Theni,28.67,31.07,64,light rain,5.15,2026-08-14 11:40:22,Warm
Chennai,31.8,38.8,71,overcast clouds,3.09,2026-08-14 12:53:43,Very Hot
Mumbai,28.99,34.5,79,light rain,5.66,2026-08-14 12:53:43,Hot
Delhi,27.96,33.45,89,overcast clouds,1.54,2026-08-14 12:53:43,Hot
Bengaluru,27.04,28.76,68,light rain,5.14,2026-08-14 12:53:43,Warm
Hyderabad,29.39,32.8,66,overcast clouds,21.192,2026-08-14 12:53:43,Hot
Tirunelveli,29.63,31.44,56,overcast clouds,7.23,2026-08-14 12:53:43,Warm
Madurai,30.01,34.13,66,very heavy rain,1.03,2026-08-14 12:53:44,Hot
Theni,27.97,30.35,68,moderate rain,3.75,2026-08-14 12:53:44,Warm
Chennai,31.05,38.05,76,overcast clouds,2.57,2026-08-14 14:12:52,Very Hot
Mumbai,28.99,34.5,79,light rain,5.66,2026-08-14 14:12:52,Hot
Delhi,27.96,34.33,94,overcast clouds,3.09,2026-08-14 14:12:53,Hot
Bengaluru,25.64,26.17,73,light rain,4.12,2026-08-14 14:12:53,Comfortable
Hyderabad,28.6,31.09,65,overcast clouds,3.6,2026-08-14 14:12:53,Warm
Tirunelveli,28.69,30.66,61,overcast clouds,6.51,2026-08-14 14:12:53,Warm
Madurai,30.01,36.07,74,overcast clouds,2.57,2026-08-14 14:12:53,Hot
Theni,27.22,29.42,72,overcast clouds,5.09,2026-08-14 14:12:53,Warm
Chennai,30.34,37.34,81,overcast clouds,4.63,2026-08-14 15:45:07,Hot
Mumbai,27.99,32.54,83,light rain,6.17,2026-08-14 15:45:07,Hot
Delhi,26.96,31.04,94,overcast clouds,2.06,2026-08-14 15:45:07,Warm
Bengaluru,22.73,23.33,87,overcast clouds,2.06,2026-08-14 15:45:07,Comfortable
Hyderabad,27.9,30.35,69,overcast clouds,6.69,2026-08-14 15:45:07,Warm
Tirunelveli,27.85,29.78,65,overcast clouds,5.98,2026-08-14 15:45:07,Warm
Madurai,30.01,35.06,70,overcast clouds,3.6,2026-08-14 15:45:07,Hot
Theni,26.61,26.61,73,overcast clouds,3.72,2026-08-14 15:45:07,Comfortable
Chennai,29.45,36.45,88,overcast clouds,2.68,2026-08-14 16:48:38,Hot
Mumbai,27.99,31.19,74,light rain,5.14,2026-08-14 16:48:38,Warm
Delhi,26.96,31.04,94,overcast clouds,2.06,2026-08-14 16:48:38,Warm
Bengaluru,22.73,23.33,87,overcast clouds,5.89,2026-08-14 16:48:38,Comfortable
Hyderabad,27.23,29.16,69,overcast clouds,6.69,2026-08-14 16:48:38,Warm
Tirunelveli,27.54,29.69,69,overcast clouds,5.92,2026-08-14 16:48:38,Warm
Madurai,29.01,32.75,70,overcast clouds,3.09,2026-08-14 16:48:38,Hot
Theni,26.28,26.28,73,overcast clouds,4.0,2026-08-14 16:48:38,Comfortable
Chennai,29.47,36.47,85,overcast clouds,3.6,2026-08-14 17:48:04,Hot
Mumbai,27.99,31.77,78,light rain,2.57,2026-08-14 17:48:04,Warm
Delhi,26.96,31.04,94,overcast clouds,2.06,2026-08-14 17:48:04,Warm
Bengaluru,22.8,23.36,85,overcast clouds,4.12,2026-08-14 17:48:04,Comfortable
Hyderabad,27.27,29.82,75,overcast clouds,8.952,2026-08-14 17:48:04,Warm
Tirunelveli,27.17,29.15,70,overcast clouds,5.9,2026-08-14 17:48:04,Warm
Madurai,28.01,31.24,74,overcast clouds,2.06,2026-08-14 17:48:04,Warm
Theni,26.03,26.03,73,overcast clouds,3.43,2026-08-14 17:48:05,Comfortable
Chennai,29.4,36.4,84,overcast clouds,3.09,2026-08-14 18:45:01,Hot
Mumbai,27.99,32.54,83,scattered clouds,3.6,2026-08-14 18:45:01,Hot
Delhi,27.05,31.32,94,light rain,1.54,2026-08-14 18:45:02,Warm
Bengaluru,22.04,22.6,88,overcast clouds,3.6,2026-08-14 18:45:02,Comfortable
Hyderabad,26.89,28.99,74,light rain,14.712,2026-08-14 18:45:02,Warm
Tirunelveli,27.09,29.19,72,overcast clouds,5.7,2026-08-14 18:45:02,Warm
Madurai,29.01,31.86,65,overcast clouds,5.14,2026-08-14 18:45:02,Warm
Theni,25.89,26.44,73,overcast clouds,3.44,2026-08-14 18:45:02,Comfortable
Chennai,29.09,35.45,82,overcast clouds,1.34,2026-08-14 19:43:43,Hot
Mumbai,27.99,31.77,78,light rain,5.66,2026-08-14 19:43:43,Warm
Delhi,26.96,31.04,94,light rain,1.03,2026-08-14 19:43:43,Warm
Bengaluru,21.27,21.8,90,overcast clouds,5.14,2026-08-14 19:43:43,Comfortable
Hyderabad,25.73,26.53,83,moderate rain,7.2,2026-08-14 19:43:43,Comfortable
Tirunelveli,27.08,29.08,71,overcast clouds,5.69,2026-08-14 19:43:44,Warm
Madurai,29.01,31.21,61,overcast clouds,6.17,2026-08-14 19:43:44,Warm
Theni,25.66,26.11,70,overcast clouds,3.36,2026-08-14 19:43:44,Comfortable
Chennai,28.62,33.9,81,overcast clouds,6.17,2026-08-14 20:25:29,Hot
Mumbai,26.99,30.0,83,light rain,4.63,2026-08-14 20:25:29,Warm
Delhi,26.96,31.04,94,light rain,1.03,2026-08-14 20:25:29,Warm
Bengaluru,21.47,21.97,88,overcast clouds,5.14,2026-08-14 20:25:29,Comfortable
Hyderabad,26.42,26.42,73,moderate rain,6.69,2026-08-14 20:25:29,Comfortable
Tirunelveli,27.04,29.36,75,overcast clouds,5.69,2026-08-14 20:25:29,Warm
Madurai,29.01,31.86,65,overcast clouds,6.69,2026-08-14 20:25:29,Warm
Theni,25.56,26.03,71,overcast clouds,3.36,2026-08-14 20:25:29,Comfortable
Chennai,28.12,32.56,81,overcast clouds,3.6,2026-08-14 21:19:38,Hot
Mumbai,25.99,25.99,89,light rain,4.12,2026-08-14 21:19:38,Comfortable
Delhi,27.05,31.32,94,broken clouds,1.54,2026-08-14 21:19:38,Warm
Bengaluru,21.03,21.46,87,overcast clouds,5.14,2026-08-14 21:19:38,Comfortable
Hyderabad,25.87,26.55,78,overcast clouds,33.36,2026-08-14 21:19:39,Comfortable
Tirunelveli,27.13,29.35,73,overcast clouds,5.42,2026-08-14 21:19:39,Warm
Madurai,28.01,30.05,65,light rain,4.12,2026-08-14 21:19:39,Warm
Theni,25.33,25.8,72,overcast clouds,3.28,2026-08-14 21:19:39,Comfortable
Chennai,28.12,33.07,84,overcast clouds,5.14,2026-08-14 22:16:47,Hot
Mumbai,27.99,32.54,83,light rain,4.63,2026-08-14 22:16:47,Hot
Delhi,26.96,31.04,94,overcast clouds,1.54,2026-08-14 22:16:47,Warm
Bengaluru,20.93,21.38,88,overcast clouds,5.14,2026-08-14 22:16:47,Comfortable
Hyderabad,25.37,26.03,79,overcast clouds,21.504,2026-08-14 22:16:47,Comfortable
Tirunelveli,26.74,28.57,72,overcast clouds,5.32,2026-08-14 22:16:47,Warm
Madurai,28.01,30.05,65,overcast clouds,3.09,2026-08-14 22:16:47,Warm
Theni,25.07,25.54,73,overcast clouds,2.91,2026-08-14 22:16:47,Comfortable
Chennai,28.12,33.07,84,overcast clouds,3.6,2026-08-14 23:16:18,Hot
Mumbai,26.99,30.6,89,light rain,2.57,2026-08-14 23:16:18,Warm
Delhi,27.05,31.32,94,light rain,0.0,2026-08-14 23:16:19,Warm
Bengaluru,20.66,21.08,88,overcast clouds,4.63,2026-08-14 23:16:19,Comfortable
Hyderabad,24.99,25.63,80,overcast clouds,31.2,2026-08-14 23:16:19,Comfortable
Tirunelveli,26.55,26.55,73,overcast clouds,4.88,2026-08-14 23:16:19,Comfortable
Madurai,28.01,30.05,65,overcast clouds,2.57,2026-08-14 23:16:19,Warm
Theni,24.83,25.27,73,overcast clouds,2.84,2026-08-14 23:16:19,Comfortable
Chennai,28.35,33.53,83,overcast clouds,4.12,2026-08-15 00:56:18,Hot
Mumbai,26.99,30.0,83,moderate rain,3.6,2026-08-15 00:56:19,Warm
Delhi,26.96,31.04,94,overcast clouds,0.0,2026-08-15 00:56:19,Warm
Bengaluru,20.19,20.64,91,overcast clouds,4.12,2026-08-15 00:56:19,Comfortable
Hyderabad,24.76,25.43,82,overcast clouds,16.632,2026-08-15 00:56:19,Comfortable
Tirunelveli,26.12,26.12,70,overcast clouds,4.85,2026-08-15 00:56:19,Comfortable
Madurai,27.01,28.79,69,light rain,3.09,2026-08-15 00:56:19,Warm
Theni,24.33,24.8,76,broken clouds,2.62,2026-08-15 00:56:19,Comfortable
Chennai,29.73,35.09,73,overcast clouds,3.09,2026-08-15 02:12:21,Hot
Mumbai,24.99,26.0,94,moderate rain,2.57,2026-08-15 02:12:21,Comfortable
Delhi,26.96,31.04,94,overcast clouds,2.57,2026-08-15 02:12:21,Warm
Bengaluru,20.89,21.36,89,overcast clouds,4.63,2026-08-15 02:12:21,Comfortable
Hyderabad,24.95,25.54,78,overcast clouds,8.23,2026-08-15 02:12:21,Comfortable
Tirunelveli,26.69,28.48,72,overcast clouds,5.21,2026-08-15 02:12:21,Warm
Madurai,29.01,31.21,61,broken clouds,2.06,2026-08-15 02:12:21,Warm
Theni,25.5,25.99,72,overcast clouds,3.32,2026-08-15 02:12:21,Comfortable
Chennai,30.75,36.1,67,overcast clouds,4.63,2026-08-15 03:33:41,Hot
Mumbai,25.99,25.99,94,moderate rain,2.06,2026-08-15 03:33:41,Comfortable
Delhi,27.96,34.33,94,light rain,1.54,2026-08-15 03:33:41,Hot
Bengaluru,22.67,23.16,83,overcast clouds,5.14,2026-08-15 03:33:41,Comfortable
Hyderabad,26.23,26.23,69,overcast clouds,8.75,2026-08-15 03:33:41,Comfortable
Tirunelveli,30.53,33.43,58,overcast clouds,5.74,2026-08-15 03:33:41,Hot
Madurai,31.01,34.38,58,overcast clouds,3.6,2026-08-15 03:33:41,Hot
Theni,29.2,30.75,56,overcast clouds,3.76,2026-08-15 03:33:41,Warm
Chennai,31.34,36.98,65,overcast clouds,6.17,2026-08-15 04:23:49,Hot
Mumbai,25.99,25.99,89,moderate rain,2.57,2026-08-15 04:23:49,Comfortable
Delhi,29.96,36.96,89,light rain,2.57,2026-08-15 04:23:49,Hot
Bengaluru,23.75,24.24,79,overcast clouds,7.2,2026-08-15 04:23:49,Comfortable
Hyderabad,26.96,28.63,68,overcast clouds,7.72,2026-08-15 04:23:49,Warm
Tirunelveli,30.8,33.51,56,overcast clouds,5.74,2026-08-15 04:23:49,Hot
Madurai,32.01,34.63,51,overcast clouds,2.57,2026-08-15 04:23:49,Hot
Theni,29.38,30.88,55,overcast clouds,3.76,2026-08-15 04:23:49,Warm
Chennai,32.09,37.91,62,overcast clouds,5.14,2026-08-15 05:19:35,Hot
Mumbai,26.99,30.6,89,moderate rain,1.54,2026-08-15 05:19:35,Warm
Delhi,30.96,37.96,79,light rain,3.6,2026-08-15 05:19:35,Hot
Bengaluru,25.85,26.27,68,overcast clouds,6.17,2026-08-15 05:19:35,Comfortable
Hyderabad,28.16,30.7,68,overcast clouds,26.64,2026-08-15 05:19:35,Warm
Tirunelveli,32.29,35.16,51,overcast clouds,6.13,2026-08-15 05:19:35,Hot
Madurai,33.01,36.9,52,overcast clouds,4.12,2026-08-15 05:19:35,Hot
Theni,31.11,32.8,50,overcast clouds,3.7,2026-08-15 05:19:35,Hot
Chennai,33.79,40.79,59,overcast clouds,6.17,2026-08-15 06:28:42,Very Hot
Mumbai,25.99,25.99,94,light rain,2.06,2026-08-15 06:28:42,Comfortable
Delhi,32.05,39.05,70,light rain,4.12,2026-08-15 06:28:43,Very Hot
Bengaluru,26.2,26.2,68,overcast clouds,6.69,2026-08-15 06:28:43,Comfortable
Hyderabad,29.07,31.98,65,overcast clouds,15.6,2026-08-15 06:28:43,Warm
Tirunelveli,34.62,38.04,45,overcast clouds,6.39,2026-08-15 06:28:43,Very Hot
Madurai,34.01,37.13,46,overcast clouds,3.6,2026-08-15 06:28:43,Hot
Theni,32.31,33.75,45,overcast clouds,4.58,2026-08-15 06:28:43,Hot
Chennai,34.11,40.84,56,overcast clouds,5.14,2026-08-15 07:25:38,Very Hot
Mumbai,27.99,32.54,83,light rain,3.09,2026-08-15 07:25:38,Hot
Delhi,33.96,40.96,62,overcast clouds,3.6,2026-08-15 07:25:38,Very Hot
Bengaluru,27.25,28.65,63,overcast clouds,6.17,2026-08-15 07:25:38,Warm
Hyderabad,30.17,33.37,61,overcast clouds,8.23,2026-08-15 07:25:38,Hot
Tirunelveli,33.46,35.0,42,overcast clouds,6.41,2026-08-15 07:25:38,Hot
Madurai,35.01,38.18,43,overcast clouds,2.57,2026-08-15 07:25:39,Very Hot
Theni,32.65,33.87,43,overcast clouds,4.9,2026-08-15 07:25:39,Hot
Chennai,35.79,42.79,52,overcast clouds,4.12,2026-08-15 08:21:03,Very Hot
Mumbai,26.99,30.6,89,light rain,3.09,2026-08-15 08:21:03,Warm
Delhi,33.96,40.96,66,light rain,5.14,2026-08-15 08:21:03,Very Hot
Bengaluru,28.04,29.51,60,overcast clouds,7.72,2026-08-15 08:21:03,Warm
Hyderabad,29.23,31.59,61,overcast clouds,8.23,2026-08-15 08:21:03,Warm
Tirunelveli,33.47,34.54,40,overcast clouds,6.35,2026-08-15 08:21:03,Hot
Madurai,35.01,38.18,43,overcast clouds,3.6,2026-08-15 08:21:04,Very Hot
Theni,32.98,34.42,43,overcast clouds,5.96,2026-08-15 08:21:04,Hot
Chennai,36.25,43.25,51,overcast clouds,4.12,2026-08-15 09:20:21,Very Hot
Mumbai,26.99,30.6,89,light rain,4.12,2026-08-15 09:20:21,Warm
Delhi,33.96,40.96,66,light rain,4.63,2026-08-15 09:20:21,Very Hot
Bengaluru,28.64,30.04,57,overcast clouds,5.66,2026-08-15 09:20:21,Warm
Hyderabad,30.74,34.07,59,overcast clouds,8.23,2026-08-15 09:20:21,Hot
Tirunelveli,36.54,40.24,40,overcast clouds,7.06,2026-08-15 09:20:22,Very Hot
Madurai,36.01,40.64,44,overcast clouds,2.06,2026-08-15 09:20:22,Very Hot
Theni,33.02,34.73,44,overcast clouds,6.7,2026-08-15 09:20:22,Hot
Chennai,36.48,43.48,51,overcast clouds,3.09,2026-08-15 10:17:06,Very Hot
Mumbai,29.99,35.01,70,light rain,6.17,2026-08-15 10:17:06,Hot
Delhi,34.96,41.96,63,overcast clouds,4.12,2026-08-15 10:17:06,Very Hot
Bengaluru,28.0,29.13,57,overcast clouds,6.17,2026-08-15 10:17:06,Warm
Hyderabad,30.68,33.95,59,overcast clouds,8.23,2026-08-15 10:17:06,Hot
Tirunelveli,34.73,37.01,41,overcast clouds,7.62,2026-08-15 10:17:06,Hot
Madurai,36.01,39.52,41,overcast clouds,6.17,2026-08-15 10:17:06,Very Hot
Theni,32.52,34.34,46,overcast clouds,7.02,2026-08-15 10:17:06,Hot
Chennai,34.34,41.34,58,overcast clouds,2.57,2026-08-15 11:15:04,Very Hot
Mumbai,28.99,34.5,79,light rain,6.17,2026-08-15 11:15:04,Hot
Delhi,34.96,41.96,63,overcast clouds,4.12,2026-08-15 11:15:04,Very Hot
Bengaluru,27.93,29.24,59,overcast clouds,5.66,2026-08-15 11:15:04,Warm
Hyderabad,30.08,33.19,61,overcast clouds,8.23,2026-08-15 11:15:04,Hot
Tirunelveli,33.66,36.16,45,overcast clouds,7.21,2026-08-15 11:15:04,Hot
Madurai,36.01,39.52,41,overcast clouds,7.72,2026-08-15 11:15:05,Very Hot
Theni,31.79,33.53,48,overcast clouds,6.37,2026-08-15 11:15:05,Hot
Chennai,32.26,39.26,67,overcast clouds,1.34,2026-08-15 12:26:38,Very Hot
Mumbai,28.99,34.5,79,light rain,5.66,2026-08-15 12:26:38,Hot
Delhi,33.96,40.96,66,overcast clouds,3.6,2026-08-15 12:26:39,Very Hot
Bengaluru,27.41,28.62,60,overcast clouds,6.17,2026-08-15 12:26:39,Warm
Hyderabad,30.2,33.22,60,overcast clouds,30.24,2026-08-15 12:26:39,Hot
Tirunelveli,32.44,34.93,49,overcast clouds,7.01,2026-08-15 12:26:39,Hot
Madurai,35.01,38.18,43,overcast clouds,6.17,2026-08-15 12:26:39,Very Hot
Theni,30.46,32.29,53,overcast clouds,5.46,2026-08-15 12:26:39,Hot
Chennai,31.36,38.36,72,overcast clouds,4.12,2026-08-15 13:25:46,Very Hot
Mumbai,27.99,32.54,83,light rain,5.14,2026-08-15 13:25:46,Hot
Delhi,33.96,40.96,66,overcast clouds,3.6,2026-08-15 13:25:46,Very Hot
Bengaluru,26.52,26.52,63,overcast clouds,5.66,2026-08-15 13:25:46,Comfortable
Hyderabad,29.85,32.55,60,overcast clouds,30.72,2026-08-15 13:25:46,Hot
Tirunelveli,31.59,34.32,53,overcast clouds,6.7,2026-08-15 13:25:47,Hot
Madurai,33.01,36.03,49,overcast clouds,7.72,2026-08-15 13:25:47,Hot
Theni,28.91,30.88,60,overcast clouds,4.77,2026-08-15 13:25:47,Warm
Chennai,30.93,37.93,73,overcast clouds,5.14,2026-08-15 14:16:31,Hot
Mumbai,27.99,31.19,74,light rain,3.6,2026-08-15 14:16:31,Warm
Delhi,32.96,39.96,70,overcast clouds,2.57,2026-08-15 14:16:31,Very Hot
Bengaluru,25.48,25.75,64,overcast clouds,3.09,2026-08-15 14:16:31,Comfortable
Hyderabad,28.98,31.64,64,overcast clouds,9.264,2026-08-15 14:16:31,Warm
Tirunelveli,30.21,33.03,59,overcast clouds,6.53,2026-08-15 14:16:31,Hot
Madurai,32.01,33.91,48,overcast clouds,7.72,2026-08-15 14:16:32,Hot
Theni,27.7,29.32,63,overcast clouds,3.97,2026-08-15 14:16:32,Warm
Chennai,30.93,37.93,74,overcast clouds,5.66,2026-08-15 15:14:32,Hot
Mumbai,26.99,30.0,83,light rain,4.12,2026-08-15 15:14:32,Warm
Delhi,31.96,38.96,79,light rain,2.57,2026-08-15 15:14:32,Very Hot
Bengaluru,24.62,24.99,71,overcast clouds,3.09,2026-08-15 15:14:32,Comfortable
Hyderabad,28.23,30.43,65,overcast clouds,3.6,2026-08-15 15:14:32,Warm
Tirunelveli,27.99,29.89,64,overcast clouds,6.32,2026-08-15 15:14:32,Warm
Madurai,31.01,32.83,51,overcast clouds,6.17,2026-08-15 15:14:32,Hot
Theni,26.97,28.49,66,overcast clouds,3.83,2026-08-15 15:14:32,Warm
Chennai,30.42,37.42,79,overcast clouds,5.66,2026-08-15 16:17:33,Hot
Mumbai,26.99,30.6,89,light rain,3.09,2026-08-15 16:17:33,Warm
Delhi,30.96,37.96,84,overcast clouds,2.57,2026-08-15 16:17:33,Hot
Bengaluru,23.74,24.13,75,overcast clouds,5.14,2026-08-15 16:17:34,Comfortable
Hyderabad,28.23,30.43,65,overcast clouds,5.14,2026-08-15 16:17:34,Warm
Tirunelveli,27.27,29.82,75,overcast clouds,6.29,2026-08-15 16:17:34,Warm
Madurai,30.01,31.73,54,overcast clouds,3.6,2026-08-15 16:17:34,Warm
Theni,26.25,26.25,67,overcast clouds,3.61,2026-08-15 16:17:34,Comfortable
Chennai,29.91,36.91,83,overcast clouds,5.14,2026-08-15 17:15:58,Hot
Mumbai,27.99,32.54,83,light rain,4.63,2026-08-15 17:15:58,Hot
Delhi,30.96,37.96,84,broken clouds,2.57,2026-08-15 17:15:58,Hot
Bengaluru,23.04,23.44,78,overcast clouds,4.63,2026-08-15 17:15:59,Comfortable
Hyderabad,28.23,30.43,65,overcast clouds,6.17,2026-08-15 17:15:59,Warm
Tirunelveli,26.88,29.05,75,overcast clouds,5.76,2026-08-15 17:15:59,Warm
Madurai,29.01,31.21,61,overcast clouds,3.09,2026-08-15 17:15:59,Warm
Theni,25.97,25.97,68,overcast clouds,3.38,2026-08-15 17:15:59,Comfortable
Chennai,29.89,36.89,84,overcast clouds,4.12,2026-08-15 18:20:18,Hot
Mumbai,27.99,32.54,83,light rain,3.6,2026-08-15 18:20:18,Hot
Delhi,29.96,36.96,84,overcast clouds,3.09,2026-08-15 18:20:18,Hot
Bengaluru,22.37,22.75,80,overcast clouds,5.66,2026-08-15 18:20:18,Comfortable
Hyderabad,26.23,26.23,73,overcast clouds,6.17,2026-08-15 18:20:18,Comfortable
Tirunelveli,26.53,26.53,72,overcast clouds,5.37,2026-08-15 18:20:18,Comfortable
Madurai,29.01,31.21,61,overcast clouds,2.57,2026-08-15 18:20:18,Warm
Theni,25.31,25.75,71,overcast clouds,3.35,2026-08-15 18:20:18,Comfortable
Chennai,29.97,36.97,80,overcast clouds,4.12,2026-08-15 19:18:01,Hot
Mumbai,27.99,32.54,83,light rain,4.12,2026-08-15 19:18:01,Hot
Delhi,29.96,36.96,84,overcast clouds,2.57,2026-08-15 19:18:01,Hot
Bengaluru,21.7,22.12,84,overcast clouds,5.14,2026-08-15 19:18:01,Comfortable
Hyderabad,26.46,26.46,73,overcast clouds,29.04,2026-08-15 19:18:02,Comfortable
Tirunelveli,26.39,26.39,76,overcast clouds,4.85,2026-08-15 19:18:02,Comfortable
Madurai,29.01,31.21,61,overcast clouds,3.09,2026-08-15 19:18:02,Warm
Theni,24.98,25.41,72,overcast clouds,3.35,2026-08-15 19:18:02,Comfortable
Chennai,29.89,36.89,79,overcast clouds,3.6,2026-08-15 20:15:49,Hot
Mumbai,26.99,30.0,83,light rain,5.66,2026-08-15 20:15:49,Warm
Delhi,28.96,35.96,89,overcast clouds,3.09,2026-08-15 20:15:49,Hot
Bengaluru,21.5,21.9,84,overcast clouds,5.97,2026-08-15 20:15:49,Comfortable
Hyderabad,26.36,26.36,76,overcast clouds,18.312,2026-08-15 20:15:49,Comfortable
Tirunelveli,26.22,26.22,78,overcast clouds,4.64,2026-08-15 20:15:50,Comfortable
Madurai,27.22,28.61,63,overcast clouds,3.83,2026-08-15 20:15:50,Warm
Theni,24.45,24.91,75,overcast clouds,3.35,2026-08-15 20:15:50,Comfortable
Chennai,29.66,36.38,79,overcast clouds,2.57,2026-08-15 21:15:49,Hot
Mumbai,26.99,30.6,89,light rain,5.14,2026-08-15 21:15:49,Warm
Delhi,29.05,35.79,84,overcast clouds,4.12,2026-08-15 21:15:49,Hot
Bengaluru,21.03,21.46,87,overcast clouds,5.14,2026-08-15 21:15:49,Comfortable
Hyderabad,23.73,24.61,94,broken clouds,5.14,2026-08-15 21:15:49,Comfortable
Tirunelveli,26.03,26.03,78,overcast clouds,4.36,2026-08-15 21:15:49,Comfortable
Madurai,28.01,30.05,65,overcast clouds,1.54,2026-08-15 21:15:49,Warm
Theni,24.37,24.77,73,overcast clouds,3.05,2026-08-15 21:15:50,Comfortable
Chennai,29.65,36.1,78,overcast clouds,3.09,2026-08-15 22:14:55,Hot
Mumbai,26.99,30.6,89,light rain,4.63,2026-08-15 22:14:55,Warm
Delhi,28.96,35.96,89,overcast clouds,3.6,2026-08-15 22:14:55,Hot
Bengaluru,20.89,21.33,88,overcast clouds,5.14,2026-08-15 22:14:55,Comfortable
Hyderabad,23.73,24.61,94,broken clouds,5.14,2026-08-15 22:14:56,Comfortable
Tirunelveli,25.93,26.62,78,overcast clouds,3.84,2026-08-15 22:14:56,Comfortable
Madurai,28.01,30.05,65,overcast clouds,2.06,2026-08-15 22:14:56,Warm
Theni,24.11,24.51,74,overcast clouds,3.09,2026-08-15 22:14:56,Comfortable
Chennai,29.32,34.95,77,overcast clouds,3.6,2026-08-15 23:14:52,Hot
Mumbai,27.99,32.54,83,light rain,4.12,2026-08-15 23:14:52,Hot
Delhi,28.96,35.51,84,overcast clouds,3.09,2026-08-15 23:14:52,Hot
Bengaluru,20.89,21.36,89,overcast clouds,4.63,2026-08-15 23:14:52,Comfortable
Hyderabad,23.73,24.61,94,broken clouds,6.17,2026-08-15 23:14:52,Comfortable
Tirunelveli,25.49,26.16,79,overcast clouds,3.96,2026-08-15 23:14:52,Comfortable
Madurai,27.01,28.47,65,overcast clouds,1.54,2026-08-15 23:14:52,Warm
Theni,23.88,24.31,76,overcast clouds,2.97,2026-08-15 23:14:52,Comfortable
Chennai,29.15,33.06,70,overcast clouds,4.12,2026-08-16 00:58:43,Hot
Mumbai,26.99,30.6,89,light rain,4.12,2026-08-16 00:58:43,Warm
Delhi,27.96,33.45,89,few clouds,4.12,2026-08-16 00:58:43,Hot
Bengaluru,20.19,20.64,91,overcast clouds,5.14,2026-08-16 00:58:43,Comfortable
Hyderabad,24.69,25.28,79,overcast clouds,22.872,2026-08-16 00:58:43,Comfortable
Tirunelveli,25.41,25.96,75,overcast clouds,3.22,2026-08-16 00:58:43,Comfortable
Madurai,26.01,26.01,69,broken clouds,1.03,2026-08-16 00:58:43,Comfortable
Theni,23.85,24.25,75,overcast clouds,3.05,2026-08-16 00:58:43,Comfortable
Chennai,30.75,35.05,63,overcast clouds,4.12,2026-08-16 02:22:07,Hot
Mumbai,27.99,32.54,83,light rain,4.63,2026-08-16 02:22:07,Hot
Delhi,28.96,35.51,84,few clouds,4.12,2026-08-16 02:22:07,Hot
Bengaluru,21.23,21.71,88,overcast clouds,4.12,2026-08-16 02:22:07,Comfortable
Hyderabad,25.23,25.85,78,overcast clouds,7.2,2026-08-16 02:22:07,Comfortable
Tirunelveli,27.73,30.15,70,overcast clouds,3.91,2026-08-16 02:22:07,Warm
Madurai,29.01,31.21,61,overcast clouds,2.06,2026-08-16 02:22:07,Warm
Theni,25.39,25.81,70,overcast clouds,3.0,2026-08-16 02:22:07,Comfortable
Chennai,32.26,37.38,59,overcast clouds,7.72,2026-08-16 03:43:06,Hot
Mumbai,28.99,34.5,79,light rain,5.66,2026-08-16 03:43:06,Hot
Delhi,29.96,35.93,74,scattered clouds,5.14,2026-08-16 03:43:06,Hot
Bengaluru,23.38,23.86,80,overcast clouds,5.14,2026-08-16 03:43:06,Comfortable
Hyderabad,26.31,26.31,74,overcast clouds,19.992,2026-08-16 03:43:06,Comfortable
Tirunelveli,31.09,32.97,51,overcast clouds,4.61,2026-08-16 03:43:06,Hot
Madurai,31.01,33.68,55,overcast clouds,3.09,2026-08-16 03:43:06,Hot
Theni,28.92,30.19,55,overcast clouds,4.07,2026-08-16 03:43:06,Warm
Chennai,32.91,38.94,59,overcast clouds,7.2,2026-08-16 04:29:45,Very Hot
Mumbai,28.99,34.5,79,light rain,6.17,2026-08-16 04:29:46,Hot
Delhi,30.96,37.49,70,scattered clouds,4.63,2026-08-16 04:29:46,Hot
Bengaluru,24.65,25.16,76,overcast clouds,5.66,2026-08-16 04:29:46,Comfortable
Hyderabad,27.23,29.16,69,overcast clouds,8.23,2026-08-16 04:29:46,Warm
Tirunelveli,31.41,34.21,54,overcast clouds,4.61,2026-08-16 04:29:46,Hot
Madurai,32.01,34.63,51,overcast clouds,3.6,2026-08-16 04:29:46,Hot
Theni,29.28,30.73,55,overcast clouds,4.07,2026-08-16 04:29:46,Warm
Chennai,34.53,41.52,55,overcast clouds,6.69,2026-08-16 05:22:31,Very Hot
Mumbai,29.99,35.01,70,light rain,6.69,2026-08-16 05:22:31,Hot
Delhi,30.96,37.49,70,broken clouds,4.63,2026-08-16 05:22:31,Hot
Bengaluru,27.09,28.51,64,overcast clouds,7.2,2026-08-16 05:22:31,Warm
Hyderabad,28.23,30.43,65,overcast clouds,8.23,2026-08-16 05:22:31,Warm
Tirunelveli,32.88,35.5,48,overcast clouds,4.78,2026-08-16 05:22:31,Hot
Madurai,34.01,37.13,46,overcast clouds,5.14,2026-08-16 05:22:32,Hot
Theni,31.07,31.98,46,overcast clouds,3.73,2026-08-16 05:22:32,Warm
Chennai,34.53,41.11,54,overcast clouds,5.66,2026-08-16 06:30:45,Very Hot
Mumbai,29.99,36.01,74,light rain,6.17,2026-08-16 06:30:45,Hot
Delhi,30.96,37.49,70,overcast clouds,4.63,2026-08-16 06:30:45,Hot
Bengaluru,27.15,28.51,63,overcast clouds,6.17,2026-08-16 06:30:45,Warm
Hyderabad,29.23,31.11,58,overcast clouds,8.23,2026-08-16 06:30:45,Warm
Tirunelveli,34.46,36.23,40,scattered clouds,6.78,2026-08-16 06:30:45,Hot
Madurai,35.01,38.18,43,overcast clouds,2.57,2026-08-16 06:30:45,Very Hot
Theni,32.74,33.8,42,overcast clouds,5.24,2026-08-16 06:30:45,Hot
Chennai,36.53,43.53,49,overcast clouds,5.14,2026-08-16 07:25:28,Very Hot
Mumbai,29.99,35.01,70,light rain,7.2,2026-08-16 07:25:28,Hot
Delhi,32.96,39.96,66,overcast clouds,4.12,2026-08-16 07:25:28,Very Hot
Bengaluru,27.75,29.19,61,overcast clouds,5.66,2026-08-16 07:25:28,Warm
Hyderabad,30.23,32.86,58,overcast clouds,7.72,2026-08-16 07:25:28,Hot
Tirunelveli,34.62,36.52,40,scattered clouds,6.78,2026-08-16 07:25:28,Hot
Madurai,37.01,41.64,41,overcast clouds,4.12,2026-08-16 07:25:28,Very Hot
Theni,33.0,34.23,42,overcast clouds,5.24,2026-08-16 07:25:28,Hot
Chennai,35.57,42.57,53,overcast clouds,5.14,2026-08-16 08:21:54,Very Hot
Mumbai,30.99,37.57,70,light rain,6.69,2026-08-16 08:21:54,Hot
Delhi,32.96,39.96,66,overcast clouds,4.63,2026-08-16 08:21:54,Very Hot
Bengaluru,28.22,29.54,58,overcast clouds,7.2,2026-08-16 08:21:54,Warm
Hyderabad,31.23,34.1,55,overcast clouds,7.72,2026-08-16 08:21:54,Hot
Tirunelveli,34.78,36.81,40,broken clouds,7.0,2026-08-16 08:21:54,Hot
Madurai,37.01,40.84,39,overcast clouds,3.09,2026-08-16 08:21:54,Very Hot
Theni,33.09,34.61,43,overcast clouds,6.06,2026-08-16 08:21:54,Hot
Chennai,34.58,41.24,54,overcast clouds,3.58,2026-08-16 09:22:03,Very Hot
Mumbai,29.99,36.01,74,light rain,5.66,2026-08-16 09:22:03,Hot
Delhi,33.96,40.96,62,broken clouds,4.12,2026-08-16 09:22:03,Very Hot
Bengaluru,28.62,30.01,57,overcast clouds,6.17,2026-08-16 09:22:03,Warm
Hyderabad,31.23,33.21,51,overcast clouds,6.17,2026-08-16 09:22:03,Hot
Tirunelveli,34.43,36.46,41,broken clouds,7.52,2026-08-16 09:22:03,Hot
Madurai,38.01,40.91,34,overcast clouds,3.09,2026-08-16 09:22:04,Very Hot
Theni,32.73,34.01,43,overcast clouds,6.29,2026-08-16 09:22:04,Hot
Chennai,33.21,40.21,61,overcast clouds,7.72,2026-08-16 10:17:13,Very Hot
Mumbai,30.99,36.41,66,light rain,6.17,2026-08-16 10:17:13,Hot
Delhi,33.96,40.96,62,broken clouds,4.12,2026-08-16 10:17:13,Very Hot
Bengaluru,28.69,29.98,56,overcast clouds,4.63,2026-08-16 10:17:13,Warm
Hyderabad,31.23,33.21,51,overcast clouds,6.17,2026-08-16 10:17:14,Hot
Tirunelveli,34.19,36.59,43,broken clouds,7.44,2026-08-16 10:17:14,Hot
Madurai,39.01,42.06,32,overcast clouds,5.66,2026-08-16 10:17:14,Very Hot
Theni,32.49,33.83,44,overcast clouds,6.1,2026-08-16 10:17:14,Hot
Chennai,32.29,39.29,69,overcast clouds,4.12,2026-08-16 11:14:40,Very Hot
Mumbai,29.99,36.01,74,light rain,7.2,2026-08-16 11:14:40,Hot
Delhi,33.96,40.96,62,broken clouds,4.63,2026-08-16 11:14:41,Very Hot
Bengaluru,28.27,29.62,58,overcast clouds,5.66,2026-08-16 11:14:41,Warm
Hyderabad,30.18,32.97,59,overcast clouds,32.4,2026-08-16 11:14:41,Hot
Tirunelveli,33.04,34.77,44,overcast clouds,8.05,2026-08-16 11:14:41,Hot
Madurai,38.01,40.16,32,overcast clouds,4.63,2026-08-16 11:14:41,Very Hot
Theni,32.05,33.76,47,overcast clouds,6.89,2026-08-16 11:14:41,Hot
Chennai,31.68,38.68,70,overcast clouds,5.14,2026-08-16 12:28:09,Very Hot
Mumbai,28.99,32.71,70,moderate rain,7.2,2026-08-16 12:28:09,Hot
Delhi,33.96,40.96,62,broken clouds,4.12,2026-08-16 12:28:09,Very Hot
Bengaluru,27.56,29.11,63,overcast clouds,4.63,2026-08-16 12:28:09,Warm
Hyderabad,29.95,33.14,62,overcast clouds,27.6,2026-08-16 12:28:09,Hot
Tirunelveli,31.42,32.14,44,overcast clouds,7.76,2026-08-16 12:28:09,Hot
Madurai,36.01,40.64,44,overcast clouds,4.12,2026-08-16 12:28:09,Very Hot
Theni,30.62,32.57,53,light rain,6.07,2026-08-16 12:28:09,Hot
Chennai,30.94,37.94,73,overcast clouds,3.13,2026-08-16 13:26:40,Hot
Mumbai,28.99,32.71,70,light rain,4.12,2026-08-16 13:26:40,Hot
Delhi,32.96,39.96,66,scattered clouds,2.57,2026-08-16 13:26:40,Very Hot
Bengaluru,27.23,28.71,64,overcast clouds,4.63,2026-08-16 13:26:40,Warm
Hyderabad,28.23,30.43,65,overcast clouds,4.12,2026-08-16 13:26:40,Warm
Tirunelveli,30.22,32.08,54,overcast clouds,6.75,2026-08-16 13:26:40,Hot
Madurai,33.01,37.84,55,overcast clouds,3.09,2026-08-16 13:26:40,Hot
Theni,29.28,31.85,62,overcast clouds,5.28,2026-08-16 13:26:40,Warm
Chennai,30.79,37.79,76,light rain,5.14,2026-08-16 14:16:46,Hot
Mumbai,27.99,31.77,78,moderate rain,3.6,2026-08-16 14:16:46,Warm
Delhi,32.05,39.05,70,broken clouds,2.06,2026-08-16 14:16:46,Very Hot
Bengaluru,26.68,28.0,65,overcast clouds,4.12,2026-08-16 14:16:46,Warm
Hyderabad,28.23,30.43,65,overcast clouds,4.12,2026-08-16 14:16:46,Warm
Tirunelveli,29.28,31.52,60,overcast clouds,5.91,2026-08-16 14:16:46,Warm
Madurai,32.01,37.72,62,overcast clouds,2.57,2026-08-16 14:16:46,Hot
Theni,27.79,30.27,70,overcast clouds,4.68,2026-08-16 14:16:46,Warm
Chennai,30.5,37.5,79,overcast clouds,5.14,2026-08-16 15:15:48,Hot
Mumbai,25.99,25.99,89,light rain,0.0,2026-08-16 15:15:48,Comfortable
Delhi,31.96,38.96,79,broken clouds,2.06,2026-08-16 15:15:48,Very Hot
Bengaluru,26.17,26.17,70,light rain,3.6,2026-08-16 15:15:49,Comfortable
Hyderabad,28.35,31.06,68,overcast clouds,20.16,2026-08-16 15:15:49,Warm
Tirunelveli,28.53,31.11,66,overcast clouds,5.21,2026-08-16 15:15:49,Warm
Madurai,32.01,35.66,55,overcast clouds,3.09,2026-08-16 15:15:49,Hot
Theni,27.17,29.24,71,overcast clouds,4.85,2026-08-16 15:15:49,Warm
Chennai,30.49,37.49,81,overcast clouds,5.66,2026-08-16 16:17:39,Hot
Mumbai,27.99,32.54,83,light rain,5.14,2026-08-16 16:17:39,Hot
Delhi,32.05,39.05,70,broken clouds,2.06,2026-08-16 16:17:39,Very Hot
Bengaluru,25.3,25.74,71,light rain,4.12,2026-08-16 16:17:39,Comfortable
Hyderabad,27.23,29.16,69,overcast clouds,16.56,2026-08-16 16:17:39,Warm
Tirunelveli,27.73,30.52,73,overcast clouds,4.88,2026-08-16 16:17:39,Warm
Madurai,30.01,34.13,66,overcast clouds,2.06,2026-08-16 16:17:39,Hot
Theni,26.43,26.43,74,overcast clouds,3.8,2026-08-16 16:17:39,Comfortable
Chennai,30.34,37.34,81,overcast clouds,5.14,2026-08-16 17:15:02,Hot
Mumbai,27.99,32.54,83,light rain,5.66,2026-08-16 17:15:02,Hot
Delhi,32.05,39.05,70,broken clouds,2.06,2026-08-16 17:15:02,Very Hot
Bengaluru,23.75,24.24,79,light rain,3.09,2026-08-16 17:15:02,Comfortable
Hyderabad,28.42,31.35,69,overcast clouds,12.0,2026-08-16 17:15:02,Warm
Tirunelveli,27.55,30.16,73,overcast clouds,5.08,2026-08-16 17:15:02,Warm
Madurai,30.01,34.13,66,overcast clouds,2.57,2026-08-16 17:15:02,Hot
Theni,26.07,26.07,73,overcast clouds,3.89,2026-08-16 17:15:02,Comfortable
Chennai,29.89,36.89,82,light rain,5.14,2026-08-16 18:20:03,Hot
Mumbai,27.99,32.54,83,light rain,5.66,2026-08-16 18:20:03,Hot
Delhi,30.96,37.96,84,broken clouds,2.57,2026-08-16 18:20:03,Hot
Bengaluru,22.94,23.43,82,overcast clouds,3.09,2026-08-16 18:20:03,Comfortable
Hyderabad,28.17,31.14,71,overcast clouds,13.752,2026-08-16 18:20:03,Warm
Tirunelveli,27.47,29.68,70,overcast clouds,4.52,2026-08-16 18:20:03,Warm
Madurai,29.01,32.75,70,overcast clouds,2.57,2026-08-16 18:20:03,Hot
Theni,25.79,26.36,74,overcast clouds,4.07,2026-08-16 18:20:03,Comfortable
Chennai,29.88,36.88,80,light rain,4.63,2026-08-16 19:17:04,Hot
Mumbai,27.99,32.54,83,light rain,4.12,2026-08-16 19:17:04,Hot
Delhi,29.96,36.96,89,broken clouds,3.09,2026-08-16 19:17:04,Hot
Bengaluru,22.71,23.2,83,overcast clouds,4.63,2026-08-16 19:17:04,Comfortable
Hyderabad,25.73,26.53,83,overcast clouds,5.14,2026-08-16 19:17:04,Comfortable
Tirunelveli,27.26,29.8,75,overcast clouds,3.93,2026-08-16 19:17:04,Warm
Madurai,28.06,29.65,61,overcast clouds,5.73,2026-08-16 19:17:04,Warm
Theni,25.21,25.77,76,overcast clouds,4.39,2026-08-16 19:17:04,Comfortable
Chennai,29.88,36.88,79,overcast clouds,3.09,2026-08-16 20:15:17,Hot
Mumbai,26.99,30.0,83,light rain,4.63,2026-08-16 20:15:17,Warm
Delhi,30.05,37.05,79,broken clouds,3.6,2026-08-16 20:15:17,Hot
Bengaluru,22.0,22.48,85,overcast clouds,4.63,2026-08-16 20:15:17,Comfortable
Hyderabad,27.31,29.9,75,overcast clouds,5.14,2026-08-16 20:15:17,Warm
Tirunelveli,27.08,29.53,76,overcast clouds,3.62,2026-08-16 20:15:17,Warm
Madurai,28.01,32.6,83,overcast clouds,2.57,2026-08-16 20:15:18,Hot
Theni,25.11,25.71,78,overcast clouds,3.98,2026-08-16 20:15:18,Comfortable
Chennai,29.64,36.32,79,overcast clouds,3.6,2026-08-16 21:14:27,Hot
Mumbai,26.99,30.6,89,light rain,5.14,2026-08-16 21:14:27,Warm
Delhi,29.96,36.96,84,scattered clouds,3.6,2026-08-16 21:14:27,Hot
Bengaluru,21.73,22.2,86,overcast clouds,4.63,2026-08-16 21:14:27,Comfortable
Hyderabad,25.7,26.55,85,overcast clouds,6.17,2026-08-16 21:14:27,Comfortable
Tirunelveli,26.89,29.16,76,overcast clouds,2.66,2026-08-16 21:14:28,Warm
Madurai,28.01,31.82,78,overcast clouds,1.54,2026-08-16 21:14:28,Warm
Theni,24.82,25.37,77,overcast clouds,3.93,2026-08-16 21:14:28,Comfortable
Chennai,29.21,35.57,81,light rain,4.12,2026-08-16 22:14:52,Hot
Mumbai,27.99,32.54,83,light rain,6.17,2026-08-16 22:14:52,Hot
Delhi,29.96,36.96,84,broken clouds,4.12,2026-08-16 22:14:52,Hot
Bengaluru,21.37,21.83,87,overcast clouds,4.63,2026-08-16 22:14:52,Comfortable
Hyderabad,26.04,26.04,79,overcast clouds,5.66,2026-08-16 22:14:52,Comfortable
Tirunelveli,26.87,29.2,77,overcast clouds,2.17,2026-08-16 22:14:52,Warm
Madurai,28.01,31.82,78,overcast clouds,2.06,2026-08-16 22:14:52,Warm
Theni,24.71,25.25,77,overcast clouds,3.72,2026-08-16 22:14:52,Comfortable
Chennai,29.05,35.1,81,light rain,4.12,2026-08-16 23:14:04,Hot
Mumbai,27.99,32.54,83,light rain,5.66,2026-08-16 23:14:04,Hot
Delhi,28.05,32.71,83,broken clouds,4.12,2026-08-16 23:14:04,Hot
Bengaluru,20.89,21.41,91,overcast clouds,4.63,2026-08-16 23:14:04,Comfortable
Hyderabad,25.77,26.36,75,overcast clouds,15.672,2026-08-16 23:14:04,Comfortable
Tirunelveli,26.78,29.02,77,overcast clouds,2.67,2026-08-16 23:14:04,Warm
Madurai,28.01,30.55,69,overcast clouds,0.0,2026-08-16 23:14:04,Warm
Theni,24.55,25.05,76,overcast clouds,3.43,2026-08-16 23:14:04,Comfortable
Chennai,28.54,34.07,83,light rain,4.12,2026-08-17 00:56:48,Hot
Mumbai,27.99,32.54,83,light rain,5.66,2026-08-17 00:56:49,Hot
Delhi,28.96,34.42,79,few clouds,4.63,2026-08-17 00:56:49,Hot
Bengaluru,20.79,21.3,91,overcast clouds,5.14,2026-08-17 00:56:49,Comfortable
Hyderabad,23.73,24.46,88,overcast clouds,5.14,2026-08-17 00:56:49,Comfortable
Tirunelveli,26.77,28.55,71,scattered clouds,1.94,2026-08-17 00:56:49,Warm
Madurai,28.01,30.05,65,overcast clouds,2.06,2026-08-17 00:56:49,Warm
Theni,24.37,24.9,78,broken clouds,2.7,2026-08-17 00:56:49,Comfortable
Chennai,30.16,37.16,77,light rain,3.09,2026-08-17 02:19:03,Hot
Mumbai,27.99,32.54,83,light rain,6.69,2026-08-17 02:19:04,Hot
Delhi,28.96,35.51,84,few clouds,3.6,2026-08-17 02:19:04,Hot
Bengaluru,20.91,21.48,93,overcast clouds,3.09,2026-08-17 02:19:04,Comfortable
Hyderabad,25.23,25.85,78,overcast clouds,6.17,2026-08-17 02:19:04,Comfortable
Tirunelveli,27.99,30.65,70,broken clouds,2.6,2026-08-17 02:19:04,Warm
Madurai,30.01,33.26,62,overcast clouds,2.57,2026-08-17 02:19:04,Hot
Theni,26.72,28.53,72,broken clouds,3.39,2026-08-17 02:19:05,Warm
Chennai,32.42,39.08,63,overcast clouds,6.69,2026-08-17 03:44:36,Very Hot
Mumbai,28.99,33.47,74,light rain,6.69,2026-08-17 03:44:37,Hot
Delhi,29.96,36.96,79,clear sky,4.63,2026-08-17 03:44:37,Hot
Bengaluru,23.5,23.97,79,overcast clouds,6.17,2026-08-17 03:44:37,Comfortable
Hyderabad,27.25,29.19,69,overcast clouds,13.68,2026-08-17 03:44:37,Warm
Tirunelveli,31.43,34.49,55,broken clouds,3.55,2026-08-17 03:44:37,Hot
Madurai,33.01,36.03,49,overcast clouds,2.06,2026-08-17 03:44:37,Hot
Theni,29.74,31.13,53,overcast clouds,3.96,2026-08-17 03:44:37,Warm
Chennai,33.51,40.46,59,overcast clouds,5.66,2026-08-17 04:35:28,Very Hot
Mumbai,29.99,35.01,70,light rain,6.17,2026-08-17 04:35:28,Hot
Delhi,29.96,36.96,79,clear sky,5.14,2026-08-17 04:35:28,Hot
Bengaluru,25.9,26.22,64,overcast clouds,5.66,2026-08-17 04:35:28,Comfortable
Hyderabad,28.23,30.43,65,overcast clouds,9.77,2026-08-17 04:35:28,Warm
Tirunelveli,33.38,36.77,49,broken clouds,3.89,2026-08-17 04:35:28,Hot
Madurai,34.01,37.13,46,overcast clouds,2.57,2026-08-17 04:35:28,Hot
Theni,31.04,32.49,49,overcast clouds,4.05,2026-08-17 04:35:28,Hot
Chennai,34.14,41.14,58,overcast clouds,5.14,2026-08-17 05:30:23,Very Hot
Mumbai,28.99,34.5,79,light rain,6.69,2026-08-17 05:30:23,Hot
Delhi,31.96,38.89,66,clear sky,6.17,2026-08-17 05:30:23,Very Hot
Bengaluru,27.47,28.88,62,overcast clouds,6.69,2026-08-17 05:30:23,Warm
Hyderabad,29.23,31.59,61,overcast clouds,7.72,2026-08-17 05:30:23,Warm
Tirunelveli,34.74,38.97,47,broken clouds,4.11,2026-08-17 05:30:23,Very Hot
Madurai,35.01,38.18,43,overcast clouds,1.54,2026-08-17 05:30:23,Very Hot
Theni,32.18,33.98,47,overcast clouds,4.72,2026-08-17 05:30:24,Hot
Chennai,34.87,41.87,56,overcast clouds,4.12,2026-08-17 06:42:18,Very Hot
Mumbai,27.99,32.54,83,moderate rain,4.12,2026-08-17 06:42:18,Hot
Delhi,32.96,39.96,62,clear sky,5.66,2026-08-17 06:42:19,Very Hot
Bengaluru,27.21,28.51,62,overcast clouds,5.14,2026-08-17 06:42:19,Warm
Hyderabad,30.84,34.75,61,overcast clouds,8.75,2026-08-17 06:42:19,Hot
Tirunelveli,36.27,40.06,41,overcast clouds,5.79,2026-08-17 06:42:19,Very Hot
Madurai,37.01,41.64,41,broken clouds,3.6,2026-08-17 06:42:19,Very Hot
Theni,33.47,35.8,45,overcast clouds,4.7,2026-08-17 06:42:19,Hot
Chennai,35.87,42.87,54,overcast clouds,4.63,2026-08-17 07:47:27,Very Hot
Mumbai,28.99,35.61,84,light rain,4.63,2026-08-17 07:47:27,Hot
Delhi,33.96,40.96,59,few clouds,5.14,2026-08-17 07:47:27,Very Hot
Bengaluru,28.01,29.25,58,overcast clouds,6.69,2026-08-17 07:47:27,Warm
Hyderabad,31.36,34.84,57,overcast clouds,9.77,2026-08-17 07:47:27,Hot
Tirunelveli,37.02,41.26,40,broken clouds,6.4,2026-08-17 07:47:27,Very Hot
Madurai,37.01,41.64,41,broken clouds,3.6,2026-08-17 07:47:27,Very Hot
Theni,34.12,36.74,44,light rain,4.28,2026-08-17 07:47:27,Hot
Chennai,36.3,43.3,52,overcast clouds,3.09,2026-08-17 08:36:29,Very Hot
Mumbai,28.99,34.5,79,light rain,5.66,2026-08-17 08:36:29,Hot
Delhi,34.96,41.96,59,few clouds,4.12,2026-08-17 08:36:29,Very Hot
Bengaluru,28.23,29.56,58,overcast clouds,4.12,2026-08-17 08:36:29,Warm
Hyderabad,31.18,34.48,57,overcast clouds,8.75,2026-08-17 08:36:29,Hot
Tirunelveli,36.24,38.93,38,broken clouds,7.09,2026-08-17 08:36:29,Very Hot
Madurai,38.01,43.91,41,overcast clouds,3.09,2026-08-17 08:36:29,Very Hot
Theni,33.66,36.73,47,light rain,5.02,2026-08-17 08:36:30,Hot
Chennai,35.14,42.14,57,overcast clouds,3.09,2026-08-17 09:35:18,Very Hot
Mumbai,25.99,25.99,94,light rain,4.63,2026-08-17 09:35:18,Comfortable
Delhi,34.96,41.96,55,broken clouds,4.63,2026-08-17 09:35:18,Very Hot
Bengaluru,28.22,29.43,57,overcast clouds,5.14,2026-08-17 09:35:18,Warm
Hyderabad,31.35,34.82,57,overcast clouds,8.75,2026-08-17 09:35:18,Hot
Tirunelveli,36.12,39.04,39,broken clouds,8.16,2026-08-17 09:35:18,Very Hot
Madurai,37.01,41.64,41,overcast clouds,2.57,2026-08-17 09:35:18,Very Hot
Theni,32.93,36.15,50,light rain,4.89,2026-08-17 09:35:18,Hot
Chennai,34.37,41.37,60,overcast clouds,4.12,2026-08-17 10:25:57,Very Hot
Mumbai,27.99,33.54,89,broken clouds,4.12,2026-08-17 10:25:57,Hot
Delhi,34.96,41.96,55,broken clouds,5.14,2026-08-17 10:25:58,Very Hot
Bengaluru,27.94,29.15,58,overcast clouds,5.14,2026-08-17 10:25:58,Warm
Hyderabad,30.23,32.86,58,overcast clouds,8.75,2026-08-17 10:25:58,Hot
Tirunelveli,36.06,39.62,41,broken clouds,8.16,2026-08-17 10:25:58,Very Hot
Madurai,38.01,42.99,39,overcast clouds,3.09,2026-08-17 10:25:58,Very Hot
Theni,32.86,36.01,50,light rain,4.89,2026-08-17 10:25:58,Hot
Chennai,32.12,39.12,71,overcast clouds,6.17,2026-08-17 11:20:03,Very Hot
Mumbai,28.99,35.61,84,light rain,4.63,2026-08-17 11:20:03,Hot
Delhi,34.96,41.96,55,broken clouds,3.6,2026-08-17 11:20:03,Very Hot
Bengaluru,27.55,29.0,62,overcast clouds,6.17,2026-08-17 11:20:03,Warm
Hyderabad,30.23,32.09,54,overcast clouds,7.72,2026-08-17 11:20:03,Hot
Tirunelveli,35.08,37.99,42,broken clouds,8.8,2026-08-17 11:20:03,Hot
Madurai,38.01,42.99,39,overcast clouds,2.06,2026-08-17 11:20:03,Very Hot
Theni,32.91,35.83,49,light rain,5.31,2026-08-17 11:20:03,Hot
Chennai,29.94,36.14,75,overcast clouds,5.14,2026-08-17 12:33:04,Hot
Mumbai,28.99,34.5,79,light rain,6.69,2026-08-17 12:33:04,Hot
Delhi,34.96,41.96,59,overcast clouds,3.6,2026-08-17 12:33:04,Very Hot
Bengaluru,27.85,29.23,60,overcast clouds,4.63,2026-08-17 12:33:04,Warm
Hyderabad,30.23,32.09,54,overcast clouds,7.2,2026-08-17 12:33:04,Hot
Tirunelveli,32.56,34.65,47,overcast clouds,7.25,2026-08-17 12:33:04,Hot
Madurai,38.01,42.99,39,overcast clouds,4.12,2026-08-17 12:33:04,Very Hot
Theni,29.99,33.86,65,light rain,5.71,2026-08-17 12:33:04,Hot
Chennai,30.74,37.74,75,overcast clouds,0.45,2026-08-17 13:34:59,Hot
Mumbai,26.99,30.6,89,light rain,5.14,2026-08-17 13:34:59,Warm
Delhi,33.96,40.96,62,overcast clouds,3.6,2026-08-17 13:34:59,Very Hot
Bengaluru,26.83,28.28,66,overcast clouds,3.09,2026-08-17 13:34:59,Warm
Hyderabad,26.23,26.23,78,overcast clouds,5.14,2026-08-17 13:34:59,Comfortable
Tirunelveli,30.76,32.81,53,broken clouds,6.68,2026-08-17 13:34:59,Hot
Madurai,34.01,39.11,52,overcast clouds,4.12,2026-08-17 13:34:59,Very Hot
Theni,28.63,31.61,68,light rain,4.74,2026-08-17 13:34:59,Warm
Chennai,30.24,37.24,80,overcast clouds,5.14,2026-08-17 14:21:17,Hot
Mumbai,27.99,32.54,83,light rain,6.17,2026-08-17 14:21:17,Hot
Delhi,32.96,39.96,66,overcast clouds,3.6,2026-08-17 14:21:17,Very Hot
Bengaluru,26.26,26.26,71,light rain,5.14,2026-08-17 14:21:17,Comfortable
Hyderabad,26.55,26.55,73,light rain,22.632,2026-08-17 14:21:17,Comfortable
Tirunelveli,30.45,32.66,55,broken clouds,6.68,2026-08-17 14:21:17,Hot
Madurai,32.01,36.5,58,overcast clouds,4.12,2026-08-17 14:21:17,Hot
Theni,28.35,31.06,68,light rain,4.74,2026-08-17 14:21:17,Warm
Chennai,30.16,37.16,81,light rain,5.14,2026-08-17 15:19:40,Hot
Mumbai,27.99,32.54,83,overcast clouds,5.66,2026-08-17 15:19:40,Hot
Delhi,31.96,38.96,74,light rain,3.09,2026-08-17 15:19:40,Very Hot
Bengaluru,24.11,24.64,79,overcast clouds,4.12,2026-08-17 15:19:40,Comfortable
Hyderabad,27.35,29.07,66,overcast clouds,16.8,2026-08-17 15:19:40,Warm
Tirunelveli,29.6,31.91,59,scattered clouds,6.21,2026-08-17 15:19:40,Warm
Madurai,28.01,30.55,69,overcast clouds,4.12,2026-08-17 15:19:40,Warm
Theni,27.71,30.35,72,light rain,4.36,2026-08-17 15:19:40,Warm
Chennai,30.14,37.14,85,light rain,5.14,2026-08-17 16:20:49,Hot
Mumbai,27.99,32.54,83,overcast clouds,6.17,2026-08-17 16:20:49,Hot
Delhi,30.96,37.96,79,overcast clouds,3.09,2026-08-17 16:20:50,Hot
Bengaluru,23.27,23.77,81,overcast clouds,4.63,2026-08-17 16:20:50,Comfortable
Hyderabad,27.23,28.8,65,overcast clouds,4.63,2026-08-17 16:20:50,Warm
Tirunelveli,28.47,31.92,72,scattered clouds,6.01,2026-08-17 16:20:50,Warm
Madurai,28.01,31.24,74,overcast clouds,3.6,2026-08-17 16:20:50,Warm
Theni,26.61,26.61,74,light rain,3.99,2026-08-17 16:20:50,Comfortable
Chennai,29.91,36.91,86,overcast clouds,1.79,2026-08-17 17:21:02,Hot
Mumbai,27.99,32.54,83,light rain,5.14,2026-08-17 17:21:02,Hot
Delhi,30.96,37.96,74,overcast clouds,2.57,2026-08-17 17:21:02,Hot
Bengaluru,22.9,23.36,81,overcast clouds,4.63,2026-08-17 17:21:02,Comfortable
Hyderabad,27.23,28.46,61,overcast clouds,5.14,2026-08-17 17:21:02,Warm
Tirunelveli,28.19,31.48,73,scattered clouds,5.72,2026-08-17 17:21:03,Warm
Madurai,29.01,32.75,70,overcast clouds,2.57,2026-08-17 17:21:03,Hot
Theni,26.26,26.26,73,broken clouds,3.84,2026-08-17 17:21:03,Comfortable
Chennai,30.06,37.06,83,overcast clouds,5.14,2026-08-17 18:30:36,Hot
Mumbai,27.99,32.54,83,light rain,5.66,2026-08-17 18:30:36,Hot
Delhi,30.96,37.96,74,overcast clouds,3.6,2026-08-17 18:30:36,Hot
Bengaluru,22.18,22.65,84,scattered clouds,4.63,2026-08-17 18:30:36,Comfortable
Hyderabad,26.97,28.89,71,light rain,5.424,2026-08-17 18:30:36,Warm
Tirunelveli,27.41,29.67,71,broken clouds,6.02,2026-08-17 18:30:36,Warm
Madurai,29.01,33.52,74,light rain,1.54,2026-08-17 18:30:37,Hot
Theni,25.75,26.31,74,light rain,2.97,2026-08-17 18:30:37,Comfortable
Chennai,29.88,36.88,84,light rain,4.63,2026-08-17 19:23:19,Hot
Mumbai,27.99,32.54,83,light rain,5.66,2026-08-17 19:23:19,Hot
Delhi,30.96,37.49,70,clear sky,4.63,2026-08-17 19:23:19,Hot
Bengaluru,21.86,22.29,84,scattered clouds,3.6,2026-08-17 19:23:19,Comfortable
Hyderabad,26.56,26.56,72,overcast clouds,24.24,2026-08-17 19:23:19,Comfortable
Tirunelveli,27.34,29.96,75,broken clouds,6.02,2026-08-17 19:23:19,Warm
Madurai,29.01,32.75,70,light rain,1.03,2026-08-17 19:23:20,Hot
Theni,25.64,26.19,74,light rain,2.97,2026-08-17 19:23:20,Comfortable
Chennai,29.44,36.44,84,light rain,4.12,2026-08-17 20:19:45,Hot
Mumbai,27.99,32.54,83,light rain,6.17,2026-08-17 20:19:45,Hot
Delhi,29.05,33.62,74,clear sky,4.12,2026-08-17 20:19:45,Hot
Bengaluru,21.87,22.31,84,scattered clouds,3.6,2026-08-17 20:19:45,Comfortable
Hyderabad,26.59,26.59,71,overcast clouds,16.056,2026-08-17 20:19:45,Comfortable
Tirunelveli,27.13,29.54,75,broken clouds,5.35,2026-08-17 20:19:45,Warm
Madurai,29.01,32.75,70,overcast clouds,1.03,2026-08-17 20:19:45,Hot
Theni,25.31,25.8,73,overcast clouds,3.09,2026-08-17 20:19:45,Comfortable
Chennai,29.39,36.39,83,moderate rain,3.09,2026-08-17 21:20:21,Hot
Mumbai,27.99,32.54,83,light rain,6.17,2026-08-17 21:20:21,Hot
Delhi,28.96,34.42,79,clear sky,4.63,2026-08-17 21:20:21,Hot
Bengaluru,21.5,21.93,85,scattered clouds,3.6,2026-08-17 21:20:21,Comfortable
Hyderabad,25.49,25.97,72,overcast clouds,32.64,2026-08-17 21:20:21,Comfortable
Tirunelveli,26.84,29.06,76,scattered clouds,5.03,2026-08-17 21:20:21,Warm
Madurai,29.01,31.86,65,overcast clouds,1.54,2026-08-17 21:20:21,Warm
Theni,25.15,25.6,72,overcast clouds,3.11,2026-08-17 21:20:21,Comfortable
Chennai,29.29,36.29,84,broken clouds,3.09,2026-08-17 22:18:08,Hot
Mumbai,27.99,32.54,83,light rain,5.14,2026-08-17 22:18:08,Hot
Delhi,28.96,34.42,79,clear sky,3.09,2026-08-17 22:18:08,Hot
Bengaluru,21.03,21.46,87,broken clouds,4.12,2026-08-17 22:18:08,Comfortable
Hyderabad,25.24,25.78,75,overcast clouds,7.032,2026-08-17 22:18:08,Comfortable
Tirunelveli,26.62,26.62,76,broken clouds,5.04,2026-08-17 22:18:08,Comfortable
Madurai,29.01,31.21,61,overcast clouds,2.06,2026-08-17 22:18:08,Warm
Theni,24.78,25.27,75,overcast clouds,3.14,2026-08-17 22:18:08,Comfortable
Chennai,29.05,35.56,83,light rain,3.09,2026-08-17 23:17:43,Hot
Mumbai,25.99,25.99,83,light rain,6.69,2026-08-17 23:17:43,Comfortable
Delhi,28.96,34.42,79,clear sky,3.09,2026-08-17 23:17:43,Hot
Bengaluru,20.89,21.33,88,broken clouds,4.63,2026-08-17 23:17:43,Comfortable
Hyderabad,23.73,24.33,83,overcast clouds,6.17,2026-08-17 23:17:43,Comfortable
Tirunelveli,26.49,26.49,76,scattered clouds,4.77,2026-08-17 23:17:44,Comfortable
Madurai,29.01,31.21,61,overcast clouds,2.06,2026-08-17 23:17:44,Warm
Theni,24.11,24.43,71,overcast clouds,2.83,2026-08-17 23:17:44,Comfortable
Chennai,28.78,34.76,83,few clouds,2.06,2026-08-18 00:54:59,Hot
Mumbai,27.99,32.54,83,light rain,5.66,2026-08-18 00:55:00,Hot
Delhi,28.96,33.4,74,light rain,3.6,2026-08-18 00:55:00,Hot
Bengaluru,20.66,21.11,89,scattered clouds,4.12,2026-08-18 00:55:00,Comfortable
Hyderabad,24.81,25.36,77,overcast clouds,30.0,2026-08-18 00:55:00,Comfortable
Tirunelveli,25.94,26.55,75,scattered clouds,3.68,2026-08-18 00:55:00,Comfortable
Madurai,28.01,29.58,61,clear sky,2.06,2026-08-18 00:55:00,Warm
Theni,24.55,25.02,75,overcast clouds,2.24,2026-08-18 00:55:00,Comfortable
Chennai,30.14,35.89,72,scattered clouds,4.63,2026-08-18 02:13:04,Hot
Mumbai,27.99,32.54,83,light rain,6.17,2026-08-18 02:13:04,Hot
Delhi,28.05,31.91,78,light rain,3.6,2026-08-18 02:13:04,Warm
Bengaluru,20.89,21.33,88,scattered clouds,4.12,2026-08-18 02:13:04,Comfortable
Hyderabad,24.55,25.12,79,overcast clouds,29.04,2026-08-18 02:13:04,Comfortable
Tirunelveli,29.17,32.91,69,few clouds,4.02,2026-08-18 02:13:04,Hot
Madurai,28.01,30.05,65,clear sky,2.06,2026-08-18 02:13:04,Warm
Theni,26.35,26.35,70,broken clouds,2.82,2026-08-18 02:13:04,Comfortable
Chennai,31.82,37.88,64,scattered clouds,5.14,2026-08-18 03:39:07,Hot
Mumbai,28.99,35.61,84,light rain,5.14,2026-08-18 03:39:07,Hot
Delhi,28.96,34.42,79,overcast clouds,3.6,2026-08-18 03:39:07,Hot
Bengaluru,24.78,25.25,74,scattered clouds,5.14,2026-08-18 03:39:07,Comfortable
Hyderabad,25.23,25.85,78,overcast clouds,6.17,2026-08-18 03:39:07,Comfortable
Tirunelveli,33.03,36.06,49,few clouds,4.17,2026-08-18 03:39:07,Hot
Madurai,32.01,34.63,51,few clouds,3.09,2026-08-18 03:39:07,Hot
Theni,30.33,31.9,52,scattered clouds,3.4,2026-08-18 03:39:07,Warm
Chennai,32.97,39.09,59,scattered clouds,5.66,2026-08-18 04:29:51,Very Hot
Mumbai,29.99,36.99,79,light rain,5.66,2026-08-18 04:29:51,Hot
Delhi,29.96,35.93,74,light rain,4.63,2026-08-18 04:29:52,Hot
Bengaluru,25.34,25.73,69,scattered clouds,4.12,2026-08-18 04:29:52,Comfortable
Hyderabad,27.23,29.16,69,overcast clouds,7.72,2026-08-18 04:29:52,Warm
Tirunelveli,33.17,37.24,52,few clouds,4.17,2026-08-18 04:29:52,Hot
Madurai,33.01,36.03,49,few clouds,2.57,2026-08-18 04:29:52,Hot
Theni,30.41,32.4,54,scattered clouds,3.4,2026-08-18 04:29:52,Hot
Chennai,34.4,41.19,55,broken clouds,5.14,2026-08-18 05:23:20,Very Hot
Mumbai,28.99,35.61,84,light rain,6.17,2026-08-18 05:23:20,Hot
Delhi,30.96,37.49,70,broken clouds,4.12,2026-08-18 05:23:20,Hot
Bengaluru,27.46,28.77,61,scattered clouds,6.17,2026-08-18 05:23:20,Warm
Hyderabad,28.56,31.16,66,overcast clouds,32.16,2026-08-18 05:23:20,Warm
Tirunelveli,34.48,38.76,48,few clouds,4.62,2026-08-18 05:23:20,Very Hot
Madurai,34.01,37.13,46,few clouds,2.06,2026-08-18 05:23:20,Hot
Theni,31.62,33.46,49,scattered clouds,3.27,2026-08-18 05:23:20,Hot
Chennai,35.04,41.99,53,broken clouds,5.66,2026-08-18 06:33:49,Very Hot
Mumbai,30.99,37.99,74,light rain,7.72,2026-08-18 06:33:49,Hot
Delhi,32.96,39.96,62,overcast clouds,3.6,2026-08-18 06:33:49,Very Hot
Bengaluru,27.78,29.23,61,overcast clouds,6.17,2026-08-18 06:33:50,Warm
Hyderabad,30.45,33.49,59,overcast clouds,7.72,2026-08-18 06:33:50,Hot
Tirunelveli,35.29,36.86,37,overcast clouds,6.45,2026-08-18 06:33:50,Hot
Madurai,36.01,39.52,41,clear sky,1.54,2026-08-18 06:33:50,Very Hot
Theni,33.28,34.7,42,few clouds,4.78,2026-08-18 06:33:50,Hot
Chennai,36.78,43.78,49,overcast clouds,3.6,2026-08-18 07:32:57,Very Hot
Mumbai,29.99,36.01,74,light rain,6.17,2026-08-18 07:32:58,Hot
Delhi,33.96,40.96,59,overcast clouds,5.14,2026-08-18 07:32:58,Very Hot
Bengaluru,28.26,29.6,58,broken clouds,6.17,2026-08-18 07:32:58,Warm
Hyderabad,30.67,33.7,58,overcast clouds,7.2,2026-08-18 07:32:58,Hot
Tirunelveli,36.13,38.07,36,broken clouds,6.95,2026-08-18 07:32:58,Very Hot
Madurai,37.01,40.84,39,broken clouds,2.06,2026-08-18 07:32:58,Very Hot
Theni,33.77,35.81,43,scattered clouds,5.77,2026-08-18 07:32:58,Hot
Chennai,36.88,43.88,51,overcast clouds,3.6,2026-08-18 08:29:09,Very Hot
Mumbai,30.99,37.57,70,light rain,7.2,2026-08-18 08:29:09,Hot
Delhi,33.96,40.96,59,overcast clouds,5.14,2026-08-18 08:29:09,Very Hot
Bengaluru,29.31,31.08,57,broken clouds,5.66,2026-08-18 08:29:09,Warm
Hyderabad,30.23,32.09,54,overcast clouds,6.17,2026-08-18 08:29:09,Hot
Tirunelveli,36.09,38.64,38,broken clouds,6.95,2026-08-18 08:29:10,Very Hot
Madurai,37.01,40.84,39,broken clouds,2.06,2026-08-18 08:29:10,Very Hot
Theni,34.0,35.96,42,scattered clouds,5.77,2026-08-18 08:29:10,Hot
Chennai,34.9,41.9,54,overcast clouds,3.58,2026-08-18 09:26:37,Very Hot
Mumbai,26.99,31.13,94,broken clouds,5.66,2026-08-18 09:26:37,Warm
Delhi,34.96,41.38,52,overcast clouds,4.63,2026-08-18 09:26:37,Very Hot
Bengaluru,29.25,30.83,56,overcast clouds,4.63,2026-08-18 09:26:37,Warm
Hyderabad,31.23,33.21,51,overcast clouds,7.2,2026-08-18 09:26:37,Hot
Tirunelveli,36.08,38.96,39,broken clouds,7.31,2026-08-18 09:26:37,Very Hot
Madurai,38.01,42.13,37,broken clouds,3.09,2026-08-18 09:26:38,Very Hot
Theni,33.73,35.74,43,broken clouds,6.6,2026-08-18 09:26:38,Hot
Chennai,33.59,40.59,62,overcast clouds,5.66,2026-08-18 10:21:45,Very Hot
Mumbai,28.99,34.5,79,light rain,5.14,2026-08-18 10:21:45,Hot
Delhi,34.96,41.96,55,overcast clouds,3.6,2026-08-18 10:21:46,Very Hot
Bengaluru,29.55,31.15,55,overcast clouds,3.09,2026-08-18 10:21:46,Warm
Hyderabad,26.51,26.51,80,moderate rain,16.152,2026-08-18 10:21:46,Comfortable
Tirunelveli,36.65,39.03,36,broken clouds,7.4,2026-08-18 10:21:46,Very Hot
Madurai,38.01,42.13,37,broken clouds,3.09,2026-08-18 10:21:46,Very Hot
Theni,33.99,36.5,44,broken clouds,6.73,2026-08-18 10:21:46,Hot
Chennai,32.49,39.49,70,overcast clouds,6.17,2026-08-18 11:20:18,Very Hot
Mumbai,28.99,34.5,79,light rain,6.17,2026-08-18 11:20:19,Hot
Delhi,34.96,41.96,55,overcast clouds,3.09,2026-08-18 11:20:19,Very Hot
Bengaluru,29.22,30.79,56,overcast clouds,3.6,2026-08-18 11:20:19,Warm
Hyderabad,27.63,30.93,78,light rain,18.696,2026-08-18 11:20:19,Warm
Tirunelveli,36.33,39.45,39,scattered clouds,7.27,2026-08-18 11:20:19,Very Hot
Madurai,37.01,40.84,39,broken clouds,1.54,2026-08-18 11:20:19,Very Hot
Theni,33.67,37.05,48,broken clouds,6.79,2026-08-18 11:20:19,Hot
Chennai,31.95,38.95,67,overcast clouds,6.69,2026-08-18 12:34:43,Very Hot
Mumbai,28.99,35.61,84,light rain,7.2,2026-08-18 12:34:43,Hot
Delhi,34.96,41.96,55,overcast clouds,3.09,2026-08-18 12:34:43,Very Hot
Bengaluru,28.45,29.88,58,light rain,4.12,2026-08-18 12:34:43,Warm
Hyderabad,28.23,31.71,74,overcast clouds,3.09,2026-08-18 12:34:43,Warm
Tirunelveli,35.27,39.05,44,overcast clouds,6.38,2026-08-18 12:34:43,Very Hot
Madurai,36.01,39.52,41,broken clouds,5.14,2026-08-18 12:34:43,Very Hot
Theni,29.48,32.05,61,overcast clouds,5.1,2026-08-18 12:34:43,Hot
Chennai,30.92,37.92,76,overcast clouds,5.14,2026-08-18 13:38:03,Hot
Mumbai,28.99,35.61,84,few clouds,6.17,2026-08-18 13:38:03,Hot
Delhi,33.96,40.96,59,light rain,2.57,2026-08-18 13:38:04,Very Hot
Bengaluru,28.0,29.02,56,moderate rain,3.09,2026-08-18 13:38:04,Warm
Hyderabad,25.23,26.08,87,light rain,12.552,2026-08-18 13:38:04,Comfortable
Tirunelveli,30.84,32.74,52,scattered clouds,5.44,2026-08-18 13:38:04,Hot
Madurai,32.01,35.66,55,broken clouds,2.57,2026-08-18 13:38:05,Hot
Theni,28.16,30.7,68,light rain,4.65,2026-08-18 13:38:05,Warm
Chennai,30.77,37.77,75,overcast clouds,4.12,2026-08-18 14:27:21,Hot
Mumbai,28.99,34.5,79,light rain,5.66,2026-08-18 14:27:21,Hot
Delhi,32.96,39.96,66,light rain,2.57,2026-08-18 14:27:22,Very Hot
Bengaluru,25.17,25.7,75,moderate rain,5.14,2026-08-18 14:27:22,Comfortable
Hyderabad,25.23,26.11,88,overcast clouds,4.12,2026-08-18 14:27:22,Comfortable
Tirunelveli,30.69,33.3,56,scattered clouds,5.44,2026-08-18 14:27:22,Hot
Madurai,32.01,36.5,58,broken clouds,2.57,2026-08-18 14:27:22,Hot
Theni,27.92,30.26,68,light rain,4.65,2026-08-18 14:27:22,Warm
Chennai,30.68,37.68,74,overcast clouds,4.12,2026-08-18 15:25:43,Hot
Mumbai,28.99,34.5,79,light rain,6.17,2026-08-18 15:25:43,Hot
Delhi,31.96,38.96,70,overcast clouds,3.09,2026-08-18 15:25:43,Very Hot
Bengaluru,24.99,25.48,74,moderate rain,4.63,2026-08-18 15:25:43,Comfortable
Hyderabad,25.68,26.55,86,overcast clouds,6.216,2026-08-18 15:25:43,Comfortable
Tirunelveli,29.48,31.87,60,scattered clouds,4.96,2026-08-18 15:25:43,Warm
Madurai,32.01,36.5,58,broken clouds,2.06,2026-08-18 15:25:43,Hot
Theni,27.23,29.16,69,overcast clouds,4.88,2026-08-18 15:25:43,Warm
Chennai,30.92,37.68,71,overcast clouds,3.6,2026-08-18 16:24:34,Hot
Mumbai,27.99,32.54,83,light rain,4.63,2026-08-18 16:24:34,Hot
Delhi,31.96,38.96,74,overcast clouds,4.63,2026-08-18 16:24:34,Very Hot
Bengaluru,24.72,25.21,75,light rain,4.63,2026-08-18 16:24:35,Comfortable
Hyderabad,26.2,26.2,79,overcast clouds,6.0,2026-08-18 16:24:35,Comfortable
Tirunelveli,28.77,31.4,65,scattered clouds,4.73,2026-08-18 16:24:35,Warm
Madurai,32.01,36.5,58,overcast clouds,2.06,2026-08-18 16:24:35,Hot
Theni,27.05,28.94,70,overcast clouds,3.86,2026-08-18 16:24:35,Warm
Chennai,30.92,37.92,76,light rain,4.63,2026-08-18 17:21:08,Hot
Mumbai,28.99,34.5,79,broken clouds,5.14,2026-08-18 17:21:08,Hot
Delhi,30.96,37.96,79,light rain,3.6,2026-08-18 17:21:08,Hot
Bengaluru,24.15,24.66,78,light rain,3.6,2026-08-18 17:21:08,Comfortable
Hyderabad,26.41,26.41,79,overcast clouds,10.944,2026-08-18 17:21:09,Comfortable
Tirunelveli,28.47,31.15,67,scattered clouds,4.48,2026-08-18 17:21:09,Warm
Madurai,31.01,35.38,62,overcast clouds,2.57,2026-08-18 17:21:09,Hot
Theni,27.0,29.02,72,overcast clouds,2.82,2026-08-18 17:21:09,Warm
Chennai,30.48,37.48,77,light rain,5.36,2026-08-18 18:29:35,Hot
Mumbai,27.99,32.54,83,light rain,5.14,2026-08-18 18:29:35,Hot
Delhi,30.96,37.96,74,overcast clouds,3.09,2026-08-18 18:29:35,Hot
Bengaluru,23.65,24.16,80,overcast clouds,5.14,2026-08-18 18:29:35,Comfortable
Hyderabad,26.15,26.15,79,overcast clouds,6.312,2026-08-18 18:29:36,Comfortable
Tirunelveli,28.03,30.59,69,few clouds,4.46,2026-08-18 18:29:36,Warm
Madurai,31.01,35.38,62,light rain,2.06,2026-08-18 18:29:36,Hot
Theni,26.1,26.1,72,overcast clouds,2.17,2026-08-18 18:29:36,Comfortable
Chennai,30.16,37.16,80,light rain,4.63,2026-08-18 19:23:00,Hot
Mumbai,27.99,32.54,83,light rain,6.17,2026-08-18 19:23:00,Hot
Delhi,29.05,34.66,79,scattered clouds,2.06,2026-08-18 19:23:00,Hot
Bengaluru,22.94,23.46,83,overcast clouds,4.12,2026-08-18 19:23:00,Comfortable
Hyderabad,26.51,26.51,76,overcast clouds,21.36,2026-08-18 19:23:00,Comfortable
Tirunelveli,27.67,29.93,69,clear sky,4.34,2026-08-18 19:23:00,Warm
Madurai,30.01,33.26,62,broken clouds,2.06,2026-08-18 19:23:01,Hot
Theni,25.66,26.16,72,few clouds,2.44,2026-08-18 19:23:01,Comfortable
Chennai,29.88,36.88,81,light rain,3.6,2026-08-18 20:16:41,Hot
Mumbai,27.99,32.54,83,light rain,5.14,2026-08-18 20:16:41,Hot
Delhi,29.05,34.66,79,scattered clouds,0.0,2026-08-18 20:16:41,Hot
Bengaluru,22.57,23.05,83,overcast clouds,4.12,2026-08-18 20:16:41,Comfortable
Hyderabad,24.73,25.56,88,light rain,2.57,2026-08-18 20:16:41,Comfortable
Tirunelveli,27.43,29.6,70,clear sky,4.48,2026-08-18 20:16:41,Warm
Madurai,29.01,31.21,61,scattered clouds,2.57,2026-08-18 20:16:41,Warm
Theni,25.32,25.81,73,few clouds,2.61,2026-08-18 20:16:41,Comfortable
Chennai,29.64,36.64,81,overcast clouds,4.12,2026-08-18 21:18:07,Hot
Mumbai,27.99,32.54,83,light rain,5.66,2026-08-18 21:18:07,Hot
Delhi,28.96,35.51,84,light rain,0.0,2026-08-18 21:18:07,Hot
Bengaluru,21.87,22.36,86,overcast clouds,3.09,2026-08-18 21:18:07,Comfortable
Hyderabad,25.83,26.51,78,light rain,27.12,2026-08-18 21:18:07,Comfortable
Tirunelveli,27.1,29.03,70,clear sky,3.99,2026-08-18 21:18:08,Warm
Madurai,29.01,31.21,61,few clouds,2.06,2026-08-18 21:18:08,Warm
Theni,24.98,25.44,73,few clouds,2.51,2026-08-18 21:18:08,Comfortable
Chennai,29.21,35.33,80,overcast clouds,3.6,2026-08-18 22:17:02,Hot
Mumbai,27.99,32.54,83,light rain,5.14,2026-08-18 22:17:02,Hot
Delhi,28.96,35.51,84,scattered clouds,2.06,2026-08-18 22:17:02,Hot
Bengaluru,21.87,22.38,87,overcast clouds,3.6,2026-08-18 22:17:02,Comfortable
Hyderabad,25.78,26.42,77,overcast clouds,13.656,2026-08-18 22:17:02,Comfortable
Tirunelveli,26.87,28.64,70,clear sky,3.67,2026-08-18 22:17:02,Warm
Madurai,29.01,31.21,61,light rain,2.57,2026-08-18 22:17:02,Warm
Theni,24.77,25.23,74,few clouds,2.49,2026-08-18 22:17:02,Comfortable
Chennai,28.35,33.35,82,overcast clouds,4.63,2026-08-18 23:16:29,Hot
Mumbai,26.99,29.53,78,light rain,5.14,2026-08-18 23:16:29,Warm
Delhi,28.96,35.51,84,broken clouds,2.57,2026-08-18 23:16:29,Hot
Bengaluru,21.73,22.23,87,overcast clouds,5.14,2026-08-18 23:16:29,Comfortable
Hyderabad,25.39,26.02,78,overcast clouds,8.4,2026-08-18 23:16:29,Comfortable
Tirunelveli,26.58,26.58,71,clear sky,3.41,2026-08-18 23:16:29,Comfortable
Madurai,28.01,30.05,65,few clouds,2.06,2026-08-18 23:16:30,Warm
Theni,24.72,25.21,75,few clouds,2.5,2026-08-18 23:16:30,Comfortable
Chennai,28.1,32.35,80,light rain,4.12,2026-08-19 00:56:10,Hot
Mumbai,27.99,32.54,83,light rain,5.14,2026-08-19 00:56:10,Hot
Delhi,27.96,34.33,94,broken clouds,2.06,2026-08-19 00:56:10,Hot
Bengaluru,21.5,22.0,88,overcast clouds,4.12,2026-08-19 00:56:10,Comfortable
Hyderabad,25.17,25.88,82,overcast clouds,13.584,2026-08-19 00:56:10,Comfortable
Tirunelveli,26.26,26.26,72,clear sky,2.86,2026-08-19 00:56:10,Comfortable
Madurai,28.01,30.05,65,broken clouds,2.06,2026-08-19 00:56:10,Warm
Theni,24.47,24.96,76,overcast clouds,1.9,2026-08-19 00:56:11,Comfortable
Chennai,28.89,34.44,80,overcast clouds,4.12,2026-08-19 02:16:19,Hot
Mumbai,28.99,34.5,79,light rain,4.63,2026-08-19 02:16:19,Hot
Delhi,28.96,35.51,84,light rain,3.6,2026-08-19 02:16:19,Hot
Bengaluru,21.87,22.38,87,overcast clouds,4.12,2026-08-19 02:16:19,Comfortable
Hyderabad,25.23,25.85,78,overcast clouds,5.14,2026-08-19 02:16:19,Comfortable
Tirunelveli,27.79,29.79,66,clear sky,3.86,2026-08-19 02:16:19,Warm
Madurai,31.01,33.68,55,broken clouds,3.09,2026-08-19 02:16:19,Hot
Theni,26.08,26.08,69,broken clouds,2.57,2026-08-19 02:16:19,Comfortable
Chennai,30.38,37.38,77,overcast clouds,2.57,2026-08-19 03:41:03,Hot
Mumbai,28.99,34.5,79,light rain,4.63,2026-08-19 03:41:03,Hot
Delhi,30.96,37.96,74,overcast clouds,4.63,2026-08-19 03:41:03,Hot
Bengaluru,22.67,23.21,85,overcast clouds,4.12,2026-08-19 03:41:03,Comfortable
Hyderabad,25.56,26.21,78,overcast clouds,15.912,2026-08-19 03:41:03,Comfortable
Tirunelveli,31.71,34.07,51,scattered clouds,3.84,2026-08-19 03:41:04,Hot
Madurai,33.01,36.03,49,broken clouds,4.12,2026-08-19 03:41:04,Hot
Theni,29.25,30.54,54,broken clouds,3.25,2026-08-19 03:41:04,Warm
Chennai,31.65,38.65,72,overcast clouds,3.09,2026-08-19 04:31:30,Very Hot
Mumbai,28.99,34.5,79,light rain,5.66,2026-08-19 04:31:30,Hot
Delhi,30.96,37.96,74,overcast clouds,5.14,2026-08-19 04:31:30,Hot
Bengaluru,23.66,24.17,80,overcast clouds,5.14,2026-08-19 04:31:30,Comfortable
Hyderabad,26.23,26.23,73,overcast clouds,6.17,2026-08-19 04:31:30,Comfortable
Tirunelveli,33.6,36.61,47,scattered clouds,4.24,2026-08-19 04:31:30,Hot
Madurai,33.01,36.03,49,broken clouds,3.6,2026-08-19 04:31:30,Hot
Theni,30.85,32.0,48,broken clouds,3.12,2026-08-19 04:31:30,Hot
Chennai,32.97,39.97,69,overcast clouds,3.09,2026-08-19 05:24:06,Very Hot
Mumbai,29.99,36.01,74,light rain,6.17,2026-08-19 05:24:06,Hot
Delhi,31.96,37.59,62,overcast clouds,4.12,2026-08-19 05:24:06,Hot
Bengaluru,25.52,25.98,71,overcast clouds,5.14,2026-08-19 05:24:06,Comfortable
Hyderabad,27.4,29.45,69,overcast clouds,6.17,2026-08-19 05:24:06,Warm
Tirunelveli,33.59,36.89,48,scattered clouds,4.24,2026-08-19 05:24:06,Hot
Madurai,33.01,36.03,49,broken clouds,3.6,2026-08-19 05:24:06,Hot
Theni,31.0,32.42,49,broken clouds,3.12,2026-08-19 05:24:06,Hot
Chennai,34.57,41.57,60,overcast clouds,4.12,2026-08-19 06:34:33,Very Hot
Mumbai,29.99,36.01,74,light rain,7.2,2026-08-19 06:34:33,Hot
Delhi,32.96,38.72,58,broken clouds,3.09,2026-08-19 06:34:33,Very Hot
Bengaluru,27.42,29.28,67,overcast clouds,5.14,2026-08-19 06:34:33,Warm
Hyderabad,28.38,31.12,68,overcast clouds,24.96,2026-08-19 06:34:34,Warm
Tirunelveli,35.57,37.98,39,broken clouds,6.83,2026-08-19 06:34:34,Hot
Madurai,35.01,38.18,43,broken clouds,2.06,2026-08-19 06:34:34,Very Hot
Theni,32.89,33.82,41,overcast clouds,4.57,2026-08-19 06:34:34,Hot
Chennai,35.19,42.19,59,overcast clouds,3.6,2026-08-19 07:33:10,Very Hot
Mumbai,29.99,36.01,74,light rain,8.23,2026-08-19 07:33:10,Hot
Delhi,33.96,40.08,55,broken clouds,2.57,2026-08-19 07:33:10,Very Hot
Bengaluru,27.68,29.29,63,overcast clouds,4.12,2026-08-19 07:33:10,Warm
Hyderabad,28.09,30.57,68,overcast clouds,19.104,2026-08-19 07:33:10,Warm
Tirunelveli,36.22,38.23,36,broken clouds,7.47,2026-08-19 07:33:10,Very Hot
Madurai,36.01,39.52,41,broken clouds,1.54,2026-08-19 07:33:10,Very Hot
Theni,32.92,34.32,43,light rain,5.83,2026-08-19 07:33:10,Hot
Chennai,34.23,41.23,64,overcast clouds,3.09,2026-08-19 08:30:22,Very Hot
Mumbai,30.99,37.57,70,overcast clouds,8.23,2026-08-19 08:30:22,Hot
Delhi,34.96,41.96,55,broken clouds,2.57,2026-08-19 08:30:22,Very Hot
Bengaluru,27.93,29.35,60,overcast clouds,5.66,2026-08-19 08:30:23,Warm
Hyderabad,29.16,32.15,65,overcast clouds,24.48,2026-08-19 08:30:23,Hot
Tirunelveli,36.45,38.99,37,broken clouds,8.12,2026-08-19 08:30:23,Very Hot
Madurai,37.01,41.64,41,broken clouds,3.09,2026-08-19 08:30:23,Very Hot
Theni,32.4,34.13,46,light rain,5.82,2026-08-19 08:30:23,Hot
Chennai,33.62,40.62,66,overcast clouds,3.6,2026-08-19 09:27:33,Very Hot
Mumbai,30.99,37.57,70,overcast clouds,7.2,2026-08-19 09:27:33,Hot
Delhi,35.96,42.59,49,light rain,2.06,2026-08-19 09:27:33,Very Hot
Bengaluru,28.5,30.35,61,overcast clouds,5.14,2026-08-19 09:27:33,Warm
Hyderabad,28.56,31.47,68,moderate rain,24.96,2026-08-19 09:27:33,Warm
Tirunelveli,36.36,38.82,37,broken clouds,8.12,2026-08-19 09:27:34,Very Hot
Madurai,37.01,41.64,41,broken clouds,1.03,2026-08-19 09:27:34,Very Hot
Theni,32.46,34.24,46,light rain,5.82,2026-08-19 09:27:34,Hot
Chennai,32.29,39.29,71,overcast clouds,4.12,2026-08-19 10:22:05,Very Hot
Mumbai,30.99,37.57,70,overcast clouds,7.2,2026-08-19 10:22:05,Hot
Delhi,35.96,42.96,52,broken clouds,3.09,2026-08-19 10:22:05,Very Hot
Bengaluru,28.28,29.75,59,overcast clouds,4.63,2026-08-19 10:22:05,Warm
Hyderabad,28.23,30.43,65,overcast clouds,6.17,2026-08-19 10:22:05,Warm
Tirunelveli,35.99,38.13,37,broken clouds,8.33,2026-08-19 10:22:05,Very Hot
Madurai,37.01,42.93,44,light rain,2.06,2026-08-19 10:22:05,Very Hot
Theni,32.27,34.37,48,light rain,6.02,2026-08-19 10:22:06,Hot
Chennai,31.78,38.78,72,overcast clouds,4.12,2026-08-19 11:19:55,Very Hot
Mumbai,29.99,36.01,74,overcast clouds,6.69,2026-08-19 11:19:56,Hot
Delhi,35.96,42.96,56,light rain,3.6,2026-08-19 11:19:56,Very Hot
Bengaluru,28.5,29.96,58,overcast clouds,2.57,2026-08-19 11:19:56,Warm
Hyderabad,28.23,29.92,61,overcast clouds,5.14,2026-08-19 11:19:56,Warm
Tirunelveli,34.72,36.99,41,broken clouds,8.2,2026-08-19 11:19:56,Hot
Madurai,32.01,35.66,55,light rain,7.2,2026-08-19 11:19:56,Hot
Theni,31.38,33.92,53,overcast clouds,6.64,2026-08-19 11:19:56,Hot
Chennai,31.06,38.06,72,overcast clouds,1.34,2026-08-19 12:35:23,Very Hot
Mumbai,27.99,32.54,83,overcast clouds,8.75,2026-08-19 12:35:23,Hot
Delhi,34.96,41.96,59,broken clouds,3.09,2026-08-19 12:35:23,Very Hot
Bengaluru,27.99,29.11,57,light rain,3.09,2026-08-19 12:35:23,Warm
Hyderabad,27.23,29.16,69,light rain,6.17,2026-08-19 12:35:23,Warm
Tirunelveli,31.7,33.17,47,overcast clouds,6.78,2026-08-19 12:35:23,Hot
Madurai,30.01,34.13,66,overcast clouds,6.17,2026-08-19 12:35:24,Hot
Theni,28.01,30.3,67,light rain,5.21,2026-08-19 12:35:24,Warm
Chennai,30.99,37.99,72,overcast clouds,3.09,2026-08-19 13:39:15,Hot
Mumbai,28.99,32.71,70,overcast clouds,3.6,2026-08-19 13:39:15,Hot
Delhi,31.96,38.89,66,broken clouds,2.57,2026-08-19 13:39:15,Very Hot
Bengaluru,23.45,24.04,84,overcast clouds,6.17,2026-08-19 13:39:15,Comfortable
Hyderabad,26.14,26.14,72,overcast clouds,30.48,2026-08-19 13:39:15,Comfortable
Tirunelveli,30.55,32.26,52,overcast clouds,6.28,2026-08-19 13:39:15,Hot
Madurai,28.01,31.24,74,light rain,4.12,2026-08-19 13:39:15,Warm
Theni,27.09,29.19,72,light rain,4.56,2026-08-19 13:39:15,Warm
Chennai,29.66,36.66,83,moderate rain,3.6,2026-08-19 14:27:09,Hot
Mumbai,28.99,32.71,70,overcast clouds,4.12,2026-08-19 14:27:09,Hot
Delhi,31.96,38.96,70,light rain,2.06,2026-08-19 14:27:09,Very Hot
Bengaluru,22.5,23.16,90,overcast clouds,4.12,2026-08-19 14:27:09,Comfortable
Hyderabad,26.23,26.23,69,overcast clouds,7.68,2026-08-19 14:27:10,Comfortable
Tirunelveli,30.12,32.86,59,overcast clouds,6.28,2026-08-19 14:27:10,Hot
Madurai,28.01,31.24,74,overcast clouds,3.09,2026-08-19 14:27:10,Warm
Theni,26.91,28.95,73,light rain,4.56,2026-08-19 14:27:10,Warm
Chennai,28.21,33.14,83,overcast clouds,4.63,2026-08-19 15:25:20,Hot
Mumbai,27.99,32.54,83,light rain,4.12,2026-08-19 15:25:20,Hot
Delhi,31.96,38.96,74,overcast clouds,2.57,2026-08-19 15:25:20,Very Hot
Bengaluru,22.23,22.86,90,overcast clouds,2.57,2026-08-19 15:25:20,Comfortable
Hyderabad,26.23,26.23,69,overcast clouds,25.44,2026-08-19 15:25:20,Comfortable
Tirunelveli,29.13,32.09,65,overcast clouds,6.39,2026-08-19 15:25:20,Hot
Madurai,28.01,31.82,78,light rain,3.09,2026-08-19 15:25:20,Warm
Theni,26.48,26.48,74,overcast clouds,4.02,2026-08-19 15:25:21,Comfortable
Chennai,28.79,34.79,83,light rain,4.12,2026-08-19 16:24:31,Hot
Mumbai,27.99,33.54,89,overcast clouds,3.6,2026-08-19 16:24:31,Hot
Delhi,31.96,38.96,70,light rain,3.6,2026-08-19 16:24:31,Very Hot
Bengaluru,22.27,22.9,90,overcast clouds,2.06,2026-08-19 16:24:31,Comfortable
Hyderabad,25.9,26.5,75,overcast clouds,11.832,2026-08-19 16:24:32,Comfortable
Tirunelveli,28.37,31.87,73,overcast clouds,6.15,2026-08-19 16:24:32,Warm
Madurai,28.01,31.82,78,light rain,2.57,2026-08-19 16:24:32,Warm
Theni,25.89,26.49,75,overcast clouds,2.79,2026-08-19 16:24:32,Comfortable
Chennai,28.73,34.82,84,light rain,2.68,2026-08-19 17:21:42,Hot
Mumbai,28.99,33.47,74,light rain,6.17,2026-08-19 17:21:42,Hot
Delhi,30.96,37.96,79,overcast clouds,3.09,2026-08-19 17:21:43,Hot
Bengaluru,22.02,22.63,90,overcast clouds,3.09,2026-08-19 17:21:43,Comfortable
Hyderabad,24.73,25.43,83,overcast clouds,3.09,2026-08-19 17:21:43,Comfortable
Tirunelveli,28.15,31.54,74,overcast clouds,5.78,2026-08-19 17:21:43,Warm
Madurai,28.01,31.82,78,overcast clouds,2.06,2026-08-19 17:21:43,Warm
Theni,25.89,26.47,74,overcast clouds,2.48,2026-08-19 17:21:43,Comfortable
Chennai,29.27,36.27,84,light rain,2.57,2026-08-19 18:26:04,Hot
Mumbai,28.99,34.5,79,light rain,6.17,2026-08-19 18:26:04,Hot
Delhi,30.96,37.96,74,scattered clouds,3.09,2026-08-19 18:26:04,Hot
Bengaluru,21.63,22.25,92,overcast clouds,3.09,2026-08-19 18:26:04,Comfortable
Hyderabad,23.73,24.61,94,overcast clouds,3.09,2026-08-19 18:26:04,Comfortable
Tirunelveli,27.87,30.42,70,broken clouds,5.38,2026-08-19 18:26:04,Warm
Madurai,28.01,31.82,78,overcast clouds,1.54,2026-08-19 18:26:04,Warm
Theni,25.64,26.22,75,overcast clouds,2.26,2026-08-19 18:26:04,Comfortable
Chennai,28.98,35.58,84,light rain,5.14,2026-08-19 19:20:26,Hot
Mumbai,27.99,32.54,83,light rain,5.66,2026-08-19 19:20:27,Hot
Delhi,29.96,36.96,79,scattered clouds,2.57,2026-08-19 19:20:27,Hot
Bengaluru,21.88,22.42,88,broken clouds,3.6,2026-08-19 19:20:27,Comfortable
Hyderabad,23.73,24.61,94,overcast clouds,2.57,2026-08-19 19:20:27,Comfortable
Tirunelveli,27.53,30.35,75,overcast clouds,5.03,2026-08-19 19:20:27,Warm
Madurai,28.01,31.82,78,overcast clouds,1.54,2026-08-19 19:20:27,Warm
Theni,25.38,25.93,75,overcast clouds,2.07,2026-08-19 19:20:27,Comfortable
Chennai,27.57,31.31,82,light rain,4.12,2026-08-19 20:20:13,Warm
Mumbai,27.99,32.54,83,light rain,5.14,2026-08-19 20:20:13,Hot
Delhi,29.96,36.96,79,broken clouds,3.6,2026-08-19 20:20:13,Hot
Bengaluru,21.55,22.08,89,light rain,4.97,2026-08-19 20:20:13,Comfortable
Hyderabad,23.73,24.61,94,overcast clouds,3.09,2026-08-19 20:20:14,Comfortable
Tirunelveli,27.28,29.84,75,overcast clouds,4.72,2026-08-19 20:20:14,Warm
Madurai,28.01,31.82,78,light rain,1.54,2026-08-19 20:20:14,Warm
Theni,25.11,25.63,75,overcast clouds,2.17,2026-08-19 20:20:14,Comfortable
Chennai,27.92,32.67,85,overcast clouds,4.12,2026-08-19 21:20:00,Hot
Mumbai,27.99,32.54,83,light rain,7.2,2026-08-19 21:20:00,Hot
Delhi,29.96,36.96,79,broken clouds,3.09,2026-08-19 21:20:01,Hot
Bengaluru,21.3,21.86,91,light rain,4.12,2026-08-19 21:20:01,Comfortable
Hyderabad,26.17,26.17,76,light rain,23.352,2026-08-19 21:20:01,Comfortable
Tirunelveli,26.95,29.36,77,broken clouds,4.15,2026-08-19 21:20:01,Warm
Madurai,28.01,31.82,78,overcast clouds,2.06,2026-08-19 21:20:01,Warm
Theni,24.81,25.33,76,overcast clouds,1.96,2026-08-19 21:20:01,Comfortable
Chennai,27.26,30.77,84,overcast clouds,4.12,2026-08-19 22:18:49,Warm
Mumbai,27.99,32.54,83,light rain,5.14,2026-08-19 22:18:49,Hot
Delhi,25.05,26.07,94,broken clouds,4.12,2026-08-19 22:18:49,Comfortable
Bengaluru,21.16,21.71,91,broken clouds,4.12,2026-08-19 22:18:49,Comfortable
Hyderabad,25.71,26.35,77,light rain,25.2,2026-08-19 22:18:49,Comfortable
Tirunelveli,26.72,28.9,77,broken clouds,3.9,2026-08-19 22:18:49,Warm
Madurai,27.01,30.05,83,overcast clouds,2.06,2026-08-19 22:18:49,Warm
Theni,24.49,25.06,79,overcast clouds,2.06,2026-08-19 22:18:49,Comfortable
Chennai,26.94,30.07,85,overcast clouds,3.6,2026-08-19 23:17:52,Warm
Mumbai,27.99,32.54,83,light rain,6.17,2026-08-19 23:17:52,Hot
Delhi,26.05,26.05,94,broken clouds,1.03,2026-08-19 23:17:52,Comfortable
Bengaluru,21.03,21.56,91,overcast clouds,3.09,2026-08-19 23:17:53,Comfortable
Hyderabad,25.61,26.21,76,light rain,30.72,2026-08-19 23:17:53,Comfortable
Tirunelveli,26.53,26.53,77,broken clouds,3.56,2026-08-19 23:17:53,Comfortable
Madurai,27.01,30.05,83,overcast clouds,1.03,2026-08-19 23:17:53,Warm
Theni,24.31,24.89,80,overcast clouds,2.24,2026-08-19 23:17:53,Comfortable
Chennai,27.28,31.06,86,light rain,3.6,2026-08-20 00:55:26,Warm
Mumbai,27.99,31.77,78,light rain,6.17,2026-08-20 00:55:26,Warm
Delhi,25.96,25.96,100,light rain,1.54,2026-08-20 00:55:26,Comfortable
Bengaluru,21.03,21.56,91,overcast clouds,4.12,2026-08-20 00:55:26,Comfortable
Hyderabad,25.22,25.89,80,light rain,16.32,2026-08-20 00:55:26,Comfortable
Tirunelveli,26.03,26.03,74,few clouds,3.02,2026-08-20 00:55:26,Comfortable
Madurai,27.01,29.58,78,overcast clouds,1.03,2026-08-20 00:55:26,Warm
Theni,24.28,24.83,79,overcast clouds,2.0,2026-08-20 00:55:27,Comfortable
Chennai,28.54,34.07,83,overcast clouds,3.6,2026-08-20 02:14:49,Hot
Mumbai,27.99,32.54,83,light rain,5.66,2026-08-20 02:14:49,Hot
Delhi,28.05,32.71,83,scattered clouds,1.54,2026-08-20 02:14:49,Hot
Bengaluru,21.87,22.44,89,overcast clouds,4.12,2026-08-20 02:14:49,Comfortable
Hyderabad,25.23,25.71,73,overcast clouds,7.2,2026-08-20 02:14:50,Comfortable
Tirunelveli,29.22,33.02,69,few clouds,3.65,2026-08-20 02:14:50,Hot
Madurai,29.01,31.86,65,overcast clouds,3.6,2026-08-20 02:14:50,Warm
Theni,25.71,26.27,74,overcast clouds,2.38,2026-08-20 02:14:50,Comfortable
Chennai,30.83,37.83,74,overcast clouds,4.12,2026-08-20 03:41:00,Hot
Mumbai,28.99,34.5,79,light rain,5.66,2026-08-20 03:41:00,Hot
Delhi,28.96,35.96,89,light rain,3.09,2026-08-20 03:41:00,Hot
Bengaluru,22.55,23.21,90,overcast clouds,4.12,2026-08-20 03:41:00,Comfortable
Hyderabad,27.23,29.16,69,broken clouds,7.72,2026-08-20 03:41:00,Warm
Tirunelveli,32.43,35.17,50,scattered clouds,4.19,2026-08-20 03:41:00,Hot
Madurai,32.01,35.66,55,overcast clouds,3.09,2026-08-20 03:41:00,Hot
Theni,29.2,30.61,55,overcast clouds,2.78,2026-08-20 03:41:01,Warm
Chennai,31.7,38.7,70,overcast clouds,0.45,2026-08-20 04:31:35,Very Hot
Mumbai,27.99,31.77,78,light rain,4.63,2026-08-20 04:31:36,Warm
Delhi,28.96,35.96,89,light rain,3.09,2026-08-20 04:31:36,Hot
Bengaluru,24.8,25.29,75,overcast clouds,4.12,2026-08-20 04:31:36,Comfortable
Hyderabad,28.13,30.51,67,broken clouds,33.36,2026-08-20 04:31:36,Warm
Tirunelveli,33.71,36.25,45,broken clouds,4.75,2026-08-20 04:31:36,Hot
Madurai,33.01,36.03,49,overcast clouds,2.57,2026-08-20 04:31:36,Hot
Theni,30.64,31.85,49,overcast clouds,3.06,2026-08-20 04:31:36,Warm
Chennai,33.13,40.13,68,overcast clouds,4.12,2026-08-20 05:24:36,Very Hot
Mumbai,29.99,36.99,79,light rain,5.66,2026-08-20 05:24:36,Hot
Delhi,30.96,37.49,70,light rain,3.6,2026-08-20 05:24:36,Hot
Bengaluru,26.52,26.52,69,overcast clouds,5.66,2026-08-20 05:24:36,Comfortable
Hyderabad,28.88,31.78,66,broken clouds,31.44,2026-08-20 05:24:36,Warm
Tirunelveli,33.66,37.66,50,broken clouds,4.75,2026-08-20 05:24:36,Hot
Madurai,33.01,36.03,49,overcast clouds,2.57,2026-08-20 05:24:36,Hot
Theni,30.77,32.24,50,overcast clouds,3.06,2026-08-20 05:24:36,Hot
Chennai,35.21,42.21,56,overcast clouds,1.34,2026-08-20 06:36:29,Very Hot
Mumbai,29.99,36.01,74,light rain,7.2,2026-08-20 06:36:29,Hot
Delhi,32.96,39.96,62,broken clouds,3.6,2026-08-20 06:36:29,Very Hot
Bengaluru,27.92,30.02,66,overcast clouds,6.4,2026-08-20 06:36:29,Warm
Hyderabad,29.94,32.72,60,broken clouds,33.12,2026-08-20 06:36:29,Hot
Tirunelveli,35.84,38.49,39,overcast clouds,7.21,2026-08-20 06:36:29,Very Hot
Madurai,35.01,38.18,43,broken clouds,2.06,2026-08-20 06:36:29,Very Hot
Theni,32.75,33.82,42,overcast clouds,4.24,2026-08-20 06:36:29,Hot
Chennai,35.83,42.83,54,overcast clouds,3.09,2026-08-20 07:36:22,Very Hot
Mumbai,30.99,35.33,62,light rain,5.66,2026-08-20 07:36:23,Hot
Delhi,33.96,40.96,59,broken clouds,4.12,2026-08-20 07:36:23,Very Hot
Bengaluru,27.69,29.74,67,overcast clouds,5.98,2026-08-20 07:36:23,Warm
Hyderabad,31.23,34.1,55,broken clouds,18.864,2026-08-20 07:36:23,Hot
Tirunelveli,36.09,38.64,38,overcast clouds,8.13,2026-08-20 07:36:23,Very Hot
Madurai,36.01,39.52,41,broken clouds,2.57,2026-08-20 07:36:23,Very Hot
Theni,33.22,34.59,42,overcast clouds,6.08,2026-08-20 07:36:23,Hot
Chennai,36.6,43.6,53,overcast clouds,4.12,2026-08-20 08:31:38,Very Hot
Mumbai,29.99,34.08,66,light rain,7.72,2026-08-20 08:31:38,Hot
Delhi,33.96,40.96,59,broken clouds,3.09,2026-08-20 08:31:39,Very Hot
Bengaluru,27.34,29.34,69,overcast clouds,5.98,2026-08-20 08:31:39,Warm
Hyderabad,31.23,33.21,51,overcast clouds,7.2,2026-08-20 08:31:39,Hot
Tirunelveli,35.98,39.1,40,overcast clouds,8.13,2026-08-20 08:31:39,Very Hot
Madurai,36.01,39.52,41,broken clouds,2.57,2026-08-20 08:31:39,Very Hot
Theni,32.48,34.51,47,light rain,6.99,2026-08-20 08:31:39,Hot
Chennai,33.86,40.86,64,overcast clouds,4.12,2026-08-20 09:28:04,Very Hot
Mumbai,29.99,36.01,74,light rain,5.66,2026-08-20 09:28:04,Hot
Delhi,34.96,41.96,55,broken clouds,3.09,2026-08-20 09:28:04,Very Hot
Bengaluru,27.5,29.62,69,overcast clouds,5.85,2026-08-20 09:28:04,Warm
Hyderabad,30.23,32.09,54,overcast clouds,7.2,2026-08-20 09:28:04,Hot
Tirunelveli,36.26,42.46,47,overcast clouds,8.75,2026-08-20 09:28:04,Very Hot
Madurai,36.01,39.52,41,broken clouds,1.54,2026-08-20 09:28:04,Very Hot
Theni,32.21,34.27,48,light rain,6.99,2026-08-20 09:28:05,Hot
Chennai,33.36,40.36,67,overcast clouds,7.2,2026-08-20 10:23:38,Very Hot
Mumbai,28.99,34.5,79,light rain,4.63,2026-08-20 10:23:38,Hot
Delhi,34.96,41.96,59,broken clouds,3.6,2026-08-20 10:23:38,Very Hot
Bengaluru,28.14,30.94,70,overcast clouds,5.36,2026-08-20 10:23:38,Warm
Hyderabad,30.67,33.27,56,overcast clouds,7.2,2026-08-20 10:23:38,Hot
Tirunelveli,35.69,39.58,43,overcast clouds,8.85,2026-08-20 10:23:38,Very Hot
Madurai,37.01,40.84,39,overcast clouds,1.54,2026-08-20 10:23:38,Very Hot
Theni,31.72,33.63,49,overcast clouds,5.6,2026-08-20 10:23:38,Hot
Chennai,32.49,39.49,69,overcast clouds,5.66,2026-08-20 11:21:01,Very Hot
Mumbai,29.99,36.01,74,light rain,5.66,2026-08-20 11:21:01,Hot
Delhi,35.96,42.96,56,broken clouds,3.09,2026-08-20 11:21:01,Very Hot
Bengaluru,28.03,30.59,69,overcast clouds,5.32,2026-08-20 11:21:01,Warm
Hyderabad,29.23,31.11,58,overcast clouds,5.14,2026-08-20 11:21:01,Warm
Tirunelveli,34.48,38.08,46,overcast clouds,8.24,2026-08-20 11:21:01,Very Hot
Madurai,37.01,40.84,39,overcast clouds,2.57,2026-08-20 11:21:01,Very Hot
Theni,31.39,33.07,49,light rain,6.48,2026-08-20 11:21:01,Hot
Chennai,32.24,39.24,69,overcast clouds,5.14,2026-08-20 12:36:29,Very Hot
Mumbai,28.99,34.5,79,light rain,6.17,2026-08-20 12:36:29,Hot
Delhi,34.96,41.96,59,overcast clouds,3.09,2026-08-20 12:36:29,Very Hot
Bengaluru,28.06,30.92,71,overcast clouds,5.66,2026-08-20 12:36:29,Warm
Hyderabad,29.53,32.7,64,light rain,26.16,2026-08-20 12:36:29,Hot
Tirunelveli,32.95,35.91,49,scattered clouds,7.23,2026-08-20 12:36:29,Hot
Madurai,35.01,39.2,46,overcast clouds,3.6,2026-08-20 12:36:29,Very Hot
Theni,28.4,30.59,64,light rain,5.57,2026-08-20 12:36:29,Warm
Chennai,30.9,37.9,75,broken clouds,2.68,2026-08-20 13:41:29,Hot
Mumbai,28.99,33.47,74,light rain,5.14,2026-08-20 13:41:29,Hot
Delhi,33.96,40.96,62,overcast clouds,2.57,2026-08-20 13:41:29,Very Hot
Bengaluru,27.7,30.34,72,light rain,5.37,2026-08-20 13:41:29,Warm
Hyderabad,28.94,31.4,63,light rain,33.12,2026-08-20 13:41:29,Warm
Tirunelveli,31.33,34.06,54,broken clouds,6.46,2026-08-20 13:41:29,Hot
Madurai,33.01,35.22,46,overcast clouds,5.14,2026-08-20 13:41:29,Hot
Theni,27.34,29.15,67,overcast clouds,5.73,2026-08-20 13:41:29,Warm
Chennai,30.61,37.61,75,broken clouds,4.63,2026-08-20 14:30:34,Hot
Mumbai,28.99,34.5,79,light rain,5.14,2026-08-20 14:30:34,Hot
Delhi,33.96,40.96,62,overcast clouds,3.09,2026-08-20 14:30:34,Very Hot
Bengaluru,27.35,29.66,72,light rain,5.37,2026-08-20 14:30:34,Warm
Hyderabad,28.23,29.92,61,scattered clouds,21.024,2026-08-20 14:30:34,Warm
Tirunelveli,31.19,35.51,61,broken clouds,6.05,2026-08-20 14:30:34,Hot
Madurai,32.01,33.91,48,overcast clouds,5.66,2026-08-20 14:30:34,Hot
Theni,26.77,28.26,67,overcast clouds,4.65,2026-08-20 14:30:35,Warm
Chennai,29.09,35.22,81,overcast clouds,3.6,2026-08-20 15:27:54,Hot
Mumbai,28.99,34.5,79,light rain,5.14,2026-08-20 15:27:54,Hot
Delhi,31.96,38.96,74,overcast clouds,2.06,2026-08-20 15:27:54,Very Hot
Bengaluru,25.18,25.74,76,light rain,5.3,2026-08-20 15:27:54,Comfortable
Hyderabad,27.23,28.8,65,scattered clouds,3.09,2026-08-20 15:27:54,Warm
Tirunelveli,31.09,36.1,64,broken clouds,6.05,2026-08-20 15:27:54,Hot
Madurai,32.01,33.91,48,overcast clouds,5.14,2026-08-20 15:27:54,Hot
Theni,26.75,28.16,66,overcast clouds,4.65,2026-08-20 15:27:55,Warm
Chennai,28.9,34.89,82,overcast clouds,3.13,2026-08-20 16:28:06,Hot
Mumbai,28.99,34.5,79,few clouds,5.14,2026-08-20 16:28:06,Hot
Delhi,31.96,38.96,74,overcast clouds,1.54,2026-08-20 16:28:06,Very Hot
Bengaluru,22.13,22.75,90,light rain,3.09,2026-08-20 16:28:06,Comfortable
Hyderabad,26.23,26.23,69,broken clouds,2.57,2026-08-20 16:28:06,Comfortable
Tirunelveli,28.68,31.87,69,broken clouds,6.23,2026-08-20 16:28:06,Warm
Madurai,31.01,34.38,58,overcast clouds,3.09,2026-08-20 16:28:06,Hot
Theni,26.17,26.17,67,overcast clouds,3.66,2026-08-20 16:28:07,Comfortable
Chennai,28.96,34.85,81,overcast clouds,3.09,2026-08-20 17:23:18,Hot
Mumbai,28.99,34.5,79,light rain,5.66,2026-08-20 17:23:18,Hot
Delhi,30.96,37.96,79,overcast clouds,1.54,2026-08-20 17:23:18,Hot
Bengaluru,21.87,22.46,90,overcast clouds,3.6,2026-08-20 17:23:18,Comfortable
Hyderabad,26.26,26.26,75,broken clouds,2.57,2026-08-20 17:23:18,Comfortable
Tirunelveli,28.02,31.12,73,overcast clouds,6.13,2026-08-20 17:23:19,Warm
Madurai,30.01,33.26,62,overcast clouds,2.57,2026-08-20 17:23:19,Hot
Theni,25.8,26.21,68,overcast clouds,3.61,2026-08-20 17:23:19,Comfortable
Chennai,28.51,33.41,80,overcast clouds,3.6,2026-08-20 18:30:59,Hot
Mumbai,28.99,34.5,79,light rain,5.14,2026-08-20 18:30:59,Hot
Delhi,30.96,37.96,79,broken clouds,1.03,2026-08-20 18:30:59,Hot
Bengaluru,21.56,22.12,90,clear sky,3.6,2026-08-20 18:30:59,Comfortable
Hyderabad,26.24,26.24,76,few clouds,1.54,2026-08-20 18:30:59,Comfortable
Tirunelveli,27.86,30.4,70,overcast clouds,5.46,2026-08-20 18:30:59,Warm
Madurai,30.01,33.26,62,overcast clouds,2.57,2026-08-20 18:30:59,Hot
Theni,25.44,25.87,70,overcast clouds,2.15,2026-08-20 18:30:59,Comfortable
Chennai,28.37,33.4,82,overcast clouds,4.12,2026-08-20 19:26:10,Hot
Mumbai,27.99,32.54,83,light rain,5.14,2026-08-20 19:26:10,Hot
Delhi,30.96,37.96,84,broken clouds,2.06,2026-08-20 19:26:10,Hot
Bengaluru,20.97,21.5,91,clear sky,4.12,2026-08-20 19:26:10,Comfortable
Hyderabad,27.45,29.96,73,few clouds,4.944,2026-08-20 19:26:11,Warm
Tirunelveli,27.3,29.67,73,overcast clouds,5.27,2026-08-20 19:26:11,Warm
Madurai,29.01,31.86,65,overcast clouds,2.06,2026-08-20 19:26:11,Warm
Theni,25.35,25.77,70,overcast clouds,2.15,2026-08-20 19:26:11,Comfortable
Chennai,28.04,32.36,81,light rain,5.14,2026-08-20 20:21:37,Hot
Mumbai,27.99,32.54,83,light rain,4.63,2026-08-20 20:21:37,Hot
Delhi,30.05,37.05,79,broken clouds,3.09,2026-08-20 20:21:37,Hot
Bengaluru,20.87,21.39,91,few clouds,4.12,2026-08-20 20:21:37,Comfortable
Hyderabad,27.13,29.17,71,light rain,20.784,2026-08-20 20:21:37,Warm
Tirunelveli,27.0,29.2,74,overcast clouds,4.64,2026-08-20 20:21:37,Warm
Madurai,29.01,31.21,61,overcast clouds,2.06,2026-08-20 20:21:37,Warm
Theni,25.09,25.46,69,overcast clouds,2.25,2026-08-20 20:21:37,Comfortable
Chennai,28.04,32.36,81,light rain,5.66,2026-08-20 21:22:17,Hot
Mumbai,27.99,32.54,83,light rain,6.17,2026-08-20 21:22:17,Hot
Delhi,30.05,37.05,79,light rain,3.09,2026-08-20 21:22:17,Hot
Bengaluru,20.79,21.25,89,few clouds,5.14,2026-08-20 21:22:17,Comfortable
Hyderabad,25.73,26.53,83,light rain,5.14,2026-08-20 21:22:17,Comfortable
Tirunelveli,26.49,26.49,75,overcast clouds,4.17,2026-08-20 21:22:17,Comfortable
Madurai,29.01,31.21,61,light rain,2.06,2026-08-20 21:22:17,Warm
Theni,24.69,25.04,70,overcast clouds,1.97,2026-08-20 21:22:17,Comfortable
Chennai,27.75,31.62,81,light rain,5.14,2026-08-20 22:21:08,Warm
Mumbai,27.99,31.77,78,light rain,6.69,2026-08-20 22:21:08,Warm
Delhi,29.96,36.96,84,overcast clouds,4.63,2026-08-20 22:21:08,Hot
Bengaluru,20.32,20.78,91,scattered clouds,4.12,2026-08-20 22:21:08,Comfortable
Hyderabad,24.73,25.43,83,light rain,5.14,2026-08-20 22:21:08,Comfortable
Tirunelveli,26.17,26.17,76,overcast clouds,3.7,2026-08-20 22:21:08,Comfortable
Madurai,27.01,28.09,60,overcast clouds,3.0,2026-08-20 22:21:08,Warm
Theni,24.07,24.46,74,overcast clouds,2.14,2026-08-20 22:21:08,Comfortable
Chennai,28.02,32.31,81,light rain,3.6,2026-08-20 23:20:21,Hot
Mumbai,27.99,31.77,78,light rain,5.66,2026-08-20 23:20:21,Warm
Delhi,29.05,34.66,79,broken clouds,3.6,2026-08-20 23:20:21,Hot
Bengaluru,19.96,20.41,92,scattered clouds,3.09,2026-08-20 23:20:21,Comfortable
Hyderabad,24.73,25.43,83,few clouds,7.2,2026-08-20 23:20:21,Comfortable
Tirunelveli,26.07,26.07,77,broken clouds,4.02,2026-08-20 23:20:21,Comfortable
Madurai,26.87,27.92,60,overcast clouds,2.9,2026-08-20 23:20:21,Warm
Theni,23.88,24.28,75,overcast clouds,2.49,2026-08-20 23:20:22,Comfortable
Chennai,27.99,32.23,81,overcast clouds,3.6,2026-08-21 00:59:06,Hot
Mumbai,27.99,31.77,78,broken clouds,6.17,2026-08-21 00:59:07,Warm
Delhi,28.96,34.42,79,light rain,4.12,2026-08-21 00:59:07,Hot
Bengaluru,19.95,20.4,92,scattered clouds,3.6,2026-08-21 00:59:07,Comfortable
Hyderabad,25.21,25.72,74,clear sky,30.0,2026-08-21 00:59:07,Comfortable
Tirunelveli,25.82,26.36,73,scattered clouds,3.19,2026-08-21 00:59:07,Comfortable
Madurai,27.01,28.47,65,overcast clouds,2.06,2026-08-21 00:59:07,Warm
Theni,23.74,24.08,73,overcast clouds,1.93,2026-08-21 00:59:07,Comfortable
Chennai,29.69,35.22,74,overcast clouds,4.12,2026-08-21 02:24:48,Hot
Mumbai,28.99,34.5,79,broken clouds,6.69,2026-08-21 02:24:48,Hot
Delhi,29.96,35.93,74,light rain,3.6,2026-08-21 02:24:48,Hot
Bengaluru,21.33,21.79,87,scattered clouds,4.12,2026-08-21 02:24:48,Comfortable
Hyderabad,25.49,26.03,74,few clouds,6.696,2026-08-21 02:24:48,Comfortable
Tirunelveli,27.98,30.37,68,broken clouds,3.08,2026-08-21 02:24:49,Warm
Madurai,29.01,31.21,61,overcast clouds,3.09,2026-08-21 02:24:49,Warm
Theni,25.35,25.66,66,overcast clouds,2.95,2026-08-21 02:24:49,Comfortable
Chennai,31.91,38.43,65,overcast clouds,5.14,2026-08-21 03:45:26,Very Hot
Mumbai,28.99,34.5,79,light rain,6.69,2026-08-21 03:45:26,Hot
Delhi,29.96,34.94,70,few clouds,6.17,2026-08-21 03:45:26,Hot
Bengaluru,24.9,25.33,72,scattered clouds,5.14,2026-08-21 03:45:26,Comfortable
Hyderabad,27.05,28.86,69,broken clouds,34.56,2026-08-21 03:45:26,Warm
Tirunelveli,30.88,32.23,49,broken clouds,4.51,2026-08-21 03:45:26,Hot
Madurai,31.01,34.38,58,overcast clouds,2.57,2026-08-21 03:45:26,Hot
Theni,28.64,29.2,50,overcast clouds,3.9,2026-08-21 03:45:26,Warm
Chennai,33.11,39.8,60,overcast clouds,6.69,2026-08-21 04:31:52,Very Hot
Mumbai,29.99,36.01,74,light rain,6.17,2026-08-21 04:31:52,Hot
Delhi,30.96,35.27,62,few clouds,5.66,2026-08-21 04:31:52,Hot
Bengaluru,25.37,25.76,69,scattered clouds,5.14,2026-08-21 04:31:52,Comfortable
Hyderabad,28.23,29.92,61,broken clouds,7.72,2026-08-21 04:31:52,Warm
Tirunelveli,31.04,33.09,52,broken clouds,4.51,2026-08-21 04:31:52,Hot
Madurai,32.01,34.63,51,overcast clouds,2.06,2026-08-21 04:31:53,Hot
Theni,30.2,30.44,44,overcast clouds,3.91,2026-08-21 04:31:53,Warm
Chennai,34.53,41.53,57,broken clouds,5.66,2026-08-21 05:26:50,Very Hot
Mumbai,29.99,36.01,74,light rain,7.72,2026-08-21 05:26:50,Hot
Delhi,31.96,36.39,58,scattered clouds,7.2,2026-08-21 05:26:50,Hot
Bengaluru,26.81,28.04,63,scattered clouds,5.66,2026-08-21 05:26:50,Warm
Hyderabad,29.23,31.11,58,broken clouds,6.17,2026-08-21 05:26:50,Warm
Tirunelveli,32.11,34.09,48,broken clouds,5.13,2026-08-21 05:26:51,Hot
Madurai,33.01,35.22,46,overcast clouds,4.12,2026-08-21 05:26:51,Hot
Theni,30.42,30.88,45,overcast clouds,3.91,2026-08-21 05:26:51,Warm
Chennai,35.43,42.43,54,broken clouds,5.14,2026-08-21 06:36:40,Very Hot
Mumbai,29.99,36.01,74,light rain,7.72,2026-08-21 06:36:40,Hot
Delhi,33.96,40.96,59,few clouds,5.14,2026-08-21 06:36:40,Very Hot
Bengaluru,26.82,28.06,63,few clouds,6.17,2026-08-21 06:36:40,Warm
Hyderabad,29.23,30.51,54,overcast clouds,7.2,2026-08-21 06:36:40,Warm
Tirunelveli,34.77,36.23,38,broken clouds,7.36,2026-08-21 06:36:41,Hot
Madurai,34.01,35.45,40,overcast clouds,2.57,2026-08-21 06:36:41,Hot
Theni,32.41,32.51,38,overcast clouds,4.97,2026-08-21 06:36:41,Hot
Chennai,34.99,41.99,55,broken clouds,4.12,2026-08-21 07:37:59,Very Hot
Mumbai,30.99,37.57,70,light rain,7.72,2026-08-21 07:37:59,Hot
Delhi,33.96,40.96,59,scattered clouds,6.17,2026-08-21 07:38:00,Very Hot
Bengaluru,27.59,29.06,62,scattered clouds,4.12,2026-08-21 07:38:00,Warm
Hyderabad,31.23,32.6,48,overcast clouds,7.72,2026-08-21 07:38:00,Hot
Tirunelveli,35.57,37.66,38,scattered clouds,7.43,2026-08-21 07:38:00,Hot
Madurai,36.01,38.49,38,overcast clouds,2.06,2026-08-21 07:38:00,Very Hot
Theni,32.58,32.94,39,overcast clouds,6.96,2026-08-21 07:38:00,Hot
Chennai,31.63,38.63,70,broken clouds,2.57,2026-08-21 08:33:37,Very Hot
Mumbai,29.99,36.99,79,light rain,7.72,2026-08-21 08:33:37,Hot
Delhi,34.96,41.96,55,broken clouds,5.66,2026-08-21 08:33:37,Very Hot
Bengaluru,27.97,29.3,59,scattered clouds,5.14,2026-08-21 08:33:37,Warm
Hyderabad,31.31,33.79,53,overcast clouds,16.056,2026-08-21 08:33:37,Hot
Tirunelveli,36.03,38.86,39,broken clouds,7.96,2026-08-21 08:33:37,Very Hot
Madurai,37.01,40.84,39,overcast clouds,3.09,2026-08-21 08:33:38,Very Hot
Theni,32.26,32.85,41,overcast clouds,7.01,2026-08-21 08:33:38,Hot
Chennai,31.63,38.63,70,broken clouds,7.04,2026-08-21 09:31:00,Very Hot
Mumbai,29.99,36.01,74,light rain,8.23,2026-08-21 09:31:00,Hot
Delhi,34.96,41.96,55,broken clouds,5.66,2026-08-21 09:31:00,Very Hot
Bengaluru,28.41,29.82,58,scattered clouds,6.69,2026-08-21 09:31:00,Warm
Hyderabad,31.23,33.21,51,overcast clouds,6.69,2026-08-21 09:31:00,Hot
Tirunelveli,34.94,37.11,40,broken clouds,8.39,2026-08-21 09:31:00,Hot
Madurai,37.01,40.84,39,overcast clouds,3.09,2026-08-21 09:31:00,Very Hot
Theni,32.05,32.92,43,overcast clouds,7.69,2026-08-21 09:31:01,Hot
Chennai,31.97,38.97,70,overcast clouds,5.14,2026-08-21 10:23:34,Very Hot
Mumbai,29.99,36.01,74,overcast clouds,7.72,2026-08-21 10:23:34,Hot
Delhi,35.96,42.96,52,broken clouds,4.12,2026-08-21 10:23:34,Very Hot
Bengaluru,27.93,29.24,59,broken clouds,4.63,2026-08-21 10:23:34,Warm
Hyderabad,31.23,33.21,51,overcast clouds,6.17,2026-08-21 10:23:34,Hot
Tirunelveli,34.74,37.96,44,broken clouds,8.39,2026-08-21 10:23:35,Hot
Madurai,38.01,39.46,30,overcast clouds,2.57,2026-08-21 10:23:35,Very Hot
Theni,31.99,32.63,42,overcast clouds,7.69,2026-08-21 10:23:35,Hot
Chennai,26.99,30.6,89,overcast clouds,5.14,2026-08-21 11:20:04,Warm
Mumbai,29.99,36.01,74,light rain,7.2,2026-08-21 11:20:04,Hot
Delhi,34.96,41.96,55,broken clouds,4.63,2026-08-21 11:20:04,Very Hot
Bengaluru,27.81,29.28,61,broken clouds,4.12,2026-08-21 11:20:04,Warm
Hyderabad,31.23,33.21,51,overcast clouds,5.14,2026-08-21 11:20:04,Hot
Tirunelveli,33.82,36.75,46,broken clouds,8.5,2026-08-21 11:20:04,Hot
Madurai,38.01,40.16,32,overcast clouds,2.57,2026-08-21 11:20:04,Very Hot
Theni,31.03,31.92,46,overcast clouds,7.46,2026-08-21 11:20:04,Warm
Chennai,29.69,35.96,77,overcast clouds,5.36,2026-08-21 12:35:48,Hot
Mumbai,28.99,34.5,79,light rain,6.69,2026-08-21 12:35:48,Hot
Delhi,34.96,41.96,55,overcast clouds,4.63,2026-08-21 12:35:48,Very Hot
Bengaluru,27.06,28.7,67,broken clouds,2.06,2026-08-21 12:35:48,Warm
Hyderabad,30.23,32.09,54,overcast clouds,4.12,2026-08-21 12:35:48,Hot
Tirunelveli,30.17,31.3,50,overcast clouds,7.02,2026-08-21 12:35:48,Warm
Madurai,37.01,40.84,39,overcast clouds,2.57,2026-08-21 12:35:48,Very Hot
Theni,28.43,30.37,62,overcast clouds,5.89,2026-08-21 12:35:48,Warm
Chennai,28.14,32.45,80,overcast clouds,3.09,2026-08-21 13:40:16,Hot
Mumbai,28.99,34.5,79,light rain,4.63,2026-08-21 13:40:16,Hot
Delhi,33.96,40.96,62,overcast clouds,3.09,2026-08-21 13:40:17,Very Hot
Bengaluru,22.57,23.1,85,overcast clouds,7.72,2026-08-21 13:40:17,Comfortable
Hyderabad,28.23,29.92,61,overcast clouds,4.12,2026-08-21 13:40:17,Warm
Tirunelveli,29.12,30.63,56,overcast clouds,6.07,2026-08-21 13:40:17,Warm
Madurai,35.01,36.65,38,overcast clouds,5.14,2026-08-21 13:40:17,Hot
Theni,27.2,28.67,64,overcast clouds,5.39,2026-08-21 13:40:17,Warm
Chennai,28.03,32.02,79,overcast clouds,4.12,2026-08-21 14:28:49,Hot
Mumbai,28.99,33.47,74,light rain,6.17,2026-08-21 14:28:49,Hot
Delhi,32.96,39.96,70,overcast clouds,3.6,2026-08-21 14:28:49,Very Hot
Bengaluru,21.76,22.29,88,overcast clouds,4.12,2026-08-21 14:28:49,Comfortable
Hyderabad,28.23,30.43,65,overcast clouds,2.06,2026-08-21 14:28:49,Warm
Tirunelveli,29.0,31.03,60,overcast clouds,6.07,2026-08-21 14:28:49,Warm
Madurai,33.01,34.48,43,overcast clouds,2.57,2026-08-21 14:28:49,Hot
Theni,27.05,28.45,64,overcast clouds,5.39,2026-08-21 14:28:49,Warm
Chennai,27.75,31.91,83,overcast clouds,4.12,2026-08-21 15:26:56,Warm
Mumbai,28.99,33.47,74,light rain,5.66,2026-08-21 15:26:56,Hot
Delhi,31.96,38.96,74,overcast clouds,2.57,2026-08-21 15:26:56,Very Hot
Bengaluru,21.49,22.15,94,moderate rain,2.57,2026-08-21 15:26:56,Comfortable
Hyderabad,28.43,31.07,67,overcast clouds,5.592,2026-08-21 15:26:56,Warm
Tirunelveli,28.39,30.71,65,overcast clouds,5.62,2026-08-21 15:26:56,Warm
Madurai,32.01,33.91,48,overcast clouds,2.06,2026-08-21 15:26:56,Hot
Theni,26.41,26.41,66,overcast clouds,5.6,2026-08-21 15:26:56,Comfortable
Chennai,27.91,31.88,80,overcast clouds,2.57,2026-08-21 16:25:50,Warm
Mumbai,28.99,34.5,79,light rain,4.63,2026-08-21 16:25:50,Hot
Delhi,31.96,38.96,74,broken clouds,2.06,2026-08-21 16:25:50,Very Hot
Bengaluru,21.77,22.3,88,light rain,3.6,2026-08-21 16:25:50,Comfortable
Hyderabad,28.19,31.18,71,overcast clouds,5.592,2026-08-21 16:25:51,Warm
Tirunelveli,27.74,30.29,71,overcast clouds,5.22,2026-08-21 16:25:51,Warm
Madurai,32.01,33.91,48,overcast clouds,4.63,2026-08-21 16:25:51,Hot
Theni,26.04,26.04,66,overcast clouds,4.9,2026-08-21 16:25:51,Comfortable
Chennai,28.45,32.89,78,overcast clouds,3.6,2026-08-21 17:23:03,Hot
Mumbai,28.99,33.47,74,light rain,5.14,2026-08-21 17:23:03,Hot
Delhi,30.96,37.96,79,broken clouds,1.03,2026-08-21 17:23:03,Hot
Bengaluru,21.47,21.97,88,overcast clouds,3.6,2026-08-21 17:23:03,Comfortable
Hyderabad,29.17,32.53,67,overcast clouds,8.952,2026-08-21 17:23:03,Hot
Tirunelveli,27.34,29.75,73,overcast clouds,5.39,2026-08-21 17:23:03,Warm
Madurai,32.01,33.91,48,overcast clouds,3.09,2026-08-21 17:23:03,Hot
Theni,25.71,26.06,66,overcast clouds,4.63,2026-08-21 17:23:04,Comfortable
Chennai,27.61,31.41,82,light rain,3.09,2026-08-21 18:28:40,Warm
Mumbai,28.99,33.47,74,light rain,5.66,2026-08-21 18:28:40,Hot
Delhi,30.96,37.96,79,overcast clouds,1.03,2026-08-21 18:28:40,Hot
Bengaluru,20.87,21.36,90,overcast clouds,4.12,2026-08-21 18:28:40,Comfortable
Hyderabad,28.54,31.13,66,overcast clouds,7.44,2026-08-21 18:28:40,Warm
Tirunelveli,27.14,29.46,74,overcast clouds,5.18,2026-08-21 18:28:40,Warm
Madurai,31.01,32.83,51,overcast clouds,4.12,2026-08-21 18:28:41,Hot
Theni,25.62,25.99,67,overcast clouds,4.36,2026-08-21 18:28:41,Comfortable
Chennai,28.01,32.28,81,overcast clouds,3.6,2026-08-21 19:21:41,Hot
Mumbai,27.99,32.54,83,light rain,4.63,2026-08-21 19:21:41,Hot
Delhi,30.96,37.96,79,broken clouds,1.03,2026-08-21 19:21:41,Hot
Bengaluru,20.65,21.17,92,overcast clouds,4.12,2026-08-21 19:21:41,Comfortable
Hyderabad,26.73,28.34,69,overcast clouds,6.17,2026-08-21 19:21:41,Warm
Tirunelveli,26.82,28.86,74,overcast clouds,5.37,2026-08-21 19:21:41,Warm
Madurai,30.01,31.73,54,overcast clouds,3.6,2026-08-21 19:21:41,Warm
Theni,25.15,25.5,68,overcast clouds,4.1,2026-08-21 19:21:41,Comfortable
Chennai,27.42,31.06,83,overcast clouds,3.09,2026-08-21 20:19:14,Warm
Mumbai,27.99,32.54,83,light rain,5.14,2026-08-21 20:19:15,Hot
Delhi,31.05,38.05,74,broken clouds,3.6,2026-08-21 20:19:15,Very Hot
Bengaluru,20.44,20.92,91,overcast clouds,5.01,2026-08-21 20:19:15,Comfortable
Hyderabad,25.73,26.26,73,overcast clouds,6.17,2026-08-21 20:19:15,Comfortable
Tirunelveli,26.4,26.4,75,overcast clouds,4.94,2026-08-21 20:19:15,Comfortable
Madurai,30.01,31.73,54,overcast clouds,3.09,2026-08-21 20:19:15,Warm
Theni,24.76,25.07,68,overcast clouds,3.55,2026-08-21 20:19:15,Comfortable
Chennai,27.1,30.48,85,overcast clouds,3.09,2026-08-21 21:18:25,Warm
Mumbai,27.99,31.77,78,light rain,6.17,2026-08-21 21:18:25,Warm
Delhi,29.96,36.96,79,heavy intensity rain,5.14,2026-08-21 21:18:25,Hot
Bengaluru,20.43,20.88,90,overcast clouds,4.12,2026-08-21 21:18:25,Comfortable
Hyderabad,25.73,26.4,78,overcast clouds,6.17,2026-08-21 21:18:25,Comfortable
Tirunelveli,26.1,26.1,76,overcast clouds,4.36,2026-08-21 21:18:25,Comfortable
Madurai,29.01,30.75,58,overcast clouds,4.12,2026-08-21 21:18:26,Warm
Theni,24.34,24.61,68,overcast clouds,3.42,2026-08-21 21:18:26,Comfortable
Chennai,27.44,31.36,85,overcast clouds,3.09,2026-08-21 22:18:15,Warm
Mumbai,27.99,32.54,83,light rain,4.63,2026-08-21 22:18:15,Hot
Delhi,26.05,26.05,89,moderate rain,4.12,2026-08-21 22:18:15,Comfortable
Bengaluru,19.95,20.38,91,overcast clouds,4.12,2026-08-21 22:18:15,Comfortable
Hyderabad,26.46,26.46,70,overcast clouds,6.69,2026-08-21 22:18:15,Comfortable
Tirunelveli,25.81,26.46,77,overcast clouds,3.86,2026-08-21 22:18:15,Comfortable
Madurai,29.01,30.19,54,overcast clouds,3.6,2026-08-21 22:18:16,Warm
Theni,24.14,24.36,67,overcast clouds,3.77,2026-08-21 22:18:16,Comfortable
Chennai,27.45,31.26,84,overcast clouds,3.09,2026-08-21 23:17:50,Warm
Mumbai,27.99,32.54,83,light rain,5.14,2026-08-21 23:17:50,Hot
Delhi,27.05,30.77,89,broken clouds,3.09,2026-08-21 23:17:50,Warm
Bengaluru,19.95,20.38,91,overcast clouds,5.14,2026-08-21 23:17:50,Comfortable
Hyderabad,26.21,26.21,73,overcast clouds,18.072,2026-08-21 23:17:50,Comfortable
Tirunelveli,25.75,26.37,76,overcast clouds,4.18,2026-08-21 23:17:50,Comfortable
Madurai,28.01,29.14,57,overcast clouds,3.6,2026-08-21 23:17:50,Warm
Theni,23.95,24.18,68,overcast clouds,3.7,2026-08-21 23:17:50,Comfortable
Chennai,28.46,32.23,74,overcast clouds,4.12,2026-08-22 00:55:39,Hot
Mumbai,26.99,29.53,78,light rain,4.63,2026-08-22 00:55:39,Warm
Delhi,26.96,31.04,94,few clouds,4.12,2026-08-22 00:55:39,Warm
Bengaluru,19.25,19.63,92,scattered clouds,4.63,2026-08-22 00:55:39,Comfortable
Hyderabad,25.23,25.71,73,overcast clouds,25.2,2026-08-22 00:55:39,Comfortable
Tirunelveli,25.82,26.39,74,overcast clouds,3.28,2026-08-22 00:55:39,Comfortable
Madurai,28.01,29.14,57,overcast clouds,3.09,2026-08-22 00:55:39,Warm
Theni,24.13,24.45,71,overcast clouds,2.25,2026-08-22 00:55:39,Comfortable
Chennai,29.12,33.38,72,overcast clouds,5.14,2026-08-22 02:13:47,Hot
Mumbai,26.99,30.6,89,light rain,3.09,2026-08-22 02:13:47,Warm
Delhi,26.96,31.04,94,clear sky,3.6,2026-08-22 02:13:47,Warm
Bengaluru,20.09,20.53,91,scattered clouds,3.6,2026-08-22 02:13:47,Comfortable
Hyderabad,25.36,25.86,73,overcast clouds,7.2,2026-08-22 02:13:47,Comfortable
Tirunelveli,28.43,32.0,73,overcast clouds,3.68,2026-08-22 02:13:47,Hot
Madurai,30.01,31.73,54,overcast clouds,4.12,2026-08-22 02:13:47,Warm
Theni,25.78,26.19,68,overcast clouds,3.39,2026-08-22 02:13:48,Comfortable
Chennai,30.91,35.94,65,overcast clouds,6.17,2026-08-22 03:37:07,Hot
Mumbai,28.99,35.61,84,light rain,7.2,2026-08-22 03:37:07,Hot
Delhi,27.96,32.46,83,clear sky,7.2,2026-08-22 03:37:07,Hot
Bengaluru,22.44,22.96,85,broken clouds,5.14,2026-08-22 03:37:07,Comfortable
Hyderabad,26.23,26.23,69,overcast clouds,8.75,2026-08-22 03:37:07,Comfortable
Tirunelveli,31.35,34.1,54,overcast clouds,4.87,2026-08-22 03:37:08,Hot
Madurai,31.01,32.83,51,overcast clouds,2.57,2026-08-22 03:37:08,Hot
Theni,29.11,30.33,54,overcast clouds,3.71,2026-08-22 03:37:08,Warm
Chennai,31.48,36.45,62,overcast clouds,7.2,2026-08-22 04:26:36,Hot
Mumbai,28.99,34.5,79,light rain,8.23,2026-08-22 04:26:36,Hot
Delhi,28.96,34.42,79,clear sky,6.69,2026-08-22 04:26:36,Hot
Bengaluru,23.55,24.0,78,broken clouds,7.2,2026-08-22 04:26:36,Comfortable
Hyderabad,28.5,30.48,62,overcast clouds,34.8,2026-08-22 04:26:36,Warm
Tirunelveli,31.41,34.45,55,overcast clouds,4.87,2026-08-22 04:26:36,Hot
Madurai,33.01,36.03,49,overcast clouds,2.57,2026-08-22 04:26:36,Hot
Theni,29.17,30.56,55,overcast clouds,3.71,2026-08-22 04:26:36,Warm
Chennai,33.48,39.64,57,overcast clouds,6.17,2026-08-22 05:21:31,Very Hot
Mumbai,28.99,35.61,84,light rain,6.69,2026-08-22 05:21:32,Hot
Delhi,29.96,35.93,74,clear sky,5.66,2026-08-22 05:21:32,Hot
Bengaluru,23.98,24.47,78,broken clouds,5.14,2026-08-22 05:21:32,Comfortable
Hyderabad,29.55,31.82,59,overcast clouds,8.75,2026-08-22 05:21:32,Warm
Tirunelveli,32.68,35.65,50,overcast clouds,5.72,2026-08-22 05:21:32,Hot
Madurai,35.01,39.2,46,overcast clouds,4.12,2026-08-22 05:21:32,Very Hot
Theni,30.52,31.84,50,overcast clouds,3.61,2026-08-22 05:21:32,Warm
Chennai,33.84,39.07,53,overcast clouds,6.17,2026-08-22 06:30:18,Very Hot
Mumbai,29.99,36.01,74,light rain,7.72,2026-08-22 06:30:19,Hot
Delhi,32.96,38.72,58,clear sky,4.63,2026-08-22 06:30:19,Very Hot
Bengaluru,26.14,26.14,69,overcast clouds,4.12,2026-08-22 06:30:19,Comfortable
Hyderabad,31.41,34.45,55,overcast clouds,7.72,2026-08-22 06:30:19,Hot
Tirunelveli,34.7,36.67,40,broken clouds,6.62,2026-08-22 06:30:19,Hot
Madurai,36.01,40.64,44,overcast clouds,3.09,2026-08-22 06:30:19,Very Hot
Theni,32.13,33.45,45,overcast clouds,4.63,2026-08-22 06:30:19,Hot
Chennai,35.24,41.25,50,overcast clouds,5.66,2026-08-22 07:26:17,Very Hot
Mumbai,29.99,36.01,74,light rain,9.77,2026-08-22 07:26:17,Hot
Delhi,32.96,38.72,58,light rain,4.12,2026-08-22 07:26:17,Very Hot
Bengaluru,26.35,26.35,71,overcast clouds,4.12,2026-08-22 07:26:17,Comfortable
Hyderabad,31.23,33.21,51,overcast clouds,8.23,2026-08-22 07:26:17,Hot
Tirunelveli,34.42,37.02,43,broken clouds,6.62,2026-08-22 07:26:18,Hot
Madurai,35.01,39.2,46,overcast clouds,2.57,2026-08-22 07:26:18,Very Hot
Theni,32.26,34.36,48,overcast clouds,4.63,2026-08-22 07:26:18,Hot
Chennai,36.79,43.3,46,overcast clouds,5.66,2026-08-22 08:21:39,Very Hot
Mumbai,29.99,36.01,74,light rain,8.23,2026-08-22 08:21:39,Hot
Delhi,33.96,40.96,59,light rain,6.17,2026-08-22 08:21:39,Very Hot
Bengaluru,26.79,28.29,67,overcast clouds,4.63,2026-08-22 08:21:39,Warm
Hyderabad,31.23,32.6,48,overcast clouds,7.2,2026-08-22 08:21:39,Hot
Tirunelveli,34.84,37.84,43,broken clouds,7.27,2026-08-22 08:21:39,Hot
Madurai,36.01,39.52,41,overcast clouds,7.72,2026-08-22 08:21:39,Very Hot
Theni,32.86,35.2,47,overcast clouds,5.2,2026-08-22 08:21:39,Hot
Chennai,37.08,44.08,48,overcast clouds,5.14,2026-08-22 09:21:27,Very Hot
Mumbai,29.99,36.99,79,light rain,8.23,2026-08-22 09:21:27,Hot
Delhi,34.96,41.96,55,light rain,4.63,2026-08-22 09:21:27,Very Hot
Bengaluru,27.17,28.88,67,overcast clouds,5.14,2026-08-22 09:21:27,Warm
Hyderabad,32.23,34.3,48,overcast clouds,6.17,2026-08-22 09:21:27,Hot
Tirunelveli,34.55,37.27,43,scattered clouds,7.9,2026-08-22 09:21:27,Hot
Madurai,36.01,39.52,41,overcast clouds,6.17,2026-08-22 09:21:27,Very Hot
Theni,32.57,35.18,49,overcast clouds,5.6,2026-08-22 09:21:27,Hot
Chennai,34.52,40.69,53,overcast clouds,2.24,2026-08-22 10:17:17,Very Hot
Mumbai,29.99,36.01,74,broken clouds,8.23,2026-08-22 10:17:17,Hot
Delhi,34.96,41.96,59,heavy intensity rain,4.12,2026-08-22 10:17:18,Very Hot
Bengaluru,27.27,29.04,67,overcast clouds,4.12,2026-08-22 10:17:18,Warm
Hyderabad,31.23,32.6,48,overcast clouds,6.17,2026-08-22 10:17:18,Hot
Tirunelveli,34.27,36.74,43,broken clouds,8.04,2026-08-22 10:17:18,Hot
Madurai,37.01,40.84,39,overcast clouds,5.66,2026-08-22 10:17:18,Very Hot
Theni,33.06,36.12,49,overcast clouds,5.03,2026-08-22 10:17:18,Hot
Chennai,32.65,38.98,61,overcast clouds,5.66,2026-08-22 11:15:55,Very Hot
Mumbai,29.99,36.01,74,broken clouds,8.23,2026-08-22 11:15:55,Hot
Delhi,34.96,41.96,59,light rain,4.12,2026-08-22 11:15:55,Very Hot
Bengaluru,27.23,28.97,67,overcast clouds,6.17,2026-08-22 11:15:55,Warm
Hyderabad,32.23,34.3,48,overcast clouds,4.63,2026-08-22 11:15:55,Hot
Tirunelveli,33.44,36.3,47,broken clouds,8.11,2026-08-22 11:15:55,Hot
Madurai,36.01,38.49,38,overcast clouds,6.17,2026-08-22 11:15:55,Very Hot
Theni,32.38,35.07,50,light rain,5.88,2026-08-22 11:15:56,Hot
Chennai,31.21,37.86,69,overcast clouds,5.14,2026-08-22 12:28:07,Hot
Mumbai,29.99,35.01,70,light rain,7.72,2026-08-22 12:28:07,Hot
Delhi,32.96,39.96,66,light rain,2.57,2026-08-22 12:28:07,Very Hot
Bengaluru,26.26,26.26,72,overcast clouds,5.14,2026-08-22 12:28:07,Comfortable
Hyderabad,31.23,33.21,51,overcast clouds,5.66,2026-08-22 12:28:07,Hot
Tirunelveli,32.24,33.86,46,broken clouds,8.23,2026-08-22 12:28:08,Hot
Madurai,34.01,37.13,46,overcast clouds,8.23,2026-08-22 12:28:08,Hot
Theni,31.21,34.06,55,light rain,5.2,2026-08-22 12:28:08,Hot
Chennai,30.83,37.83,75,overcast clouds,3.6,2026-08-22 13:26:50,Hot
Mumbai,28.99,33.47,74,light rain,7.2,2026-08-22 13:26:50,Hot
Delhi,32.96,39.96,70,broken clouds,2.06,2026-08-22 13:26:50,Very Hot
Bengaluru,25.22,25.91,81,overcast clouds,4.12,2026-08-22 13:26:51,Comfortable
Hyderabad,30.62,32.97,55,overcast clouds,5.14,2026-08-22 13:26:51,Hot
Tirunelveli,30.0,31.89,55,overcast clouds,7.35,2026-08-22 13:26:51,Warm
Madurai,32.01,34.63,51,overcast clouds,6.69,2026-08-22 13:26:51,Hot
Theni,29.54,32.72,64,overcast clouds,4.65,2026-08-22 13:26:51,Hot
Chennai,29.52,35.49,77,overcast clouds,5.66,2026-08-22 14:15:45,Hot
Mumbai,28.99,34.5,79,light rain,6.17,2026-08-22 14:15:45,Hot
Delhi,32.05,39.05,66,light rain,2.57,2026-08-22 14:15:46,Very Hot
Bengaluru,22.7,23.32,88,overcast clouds,3.09,2026-08-22 14:15:46,Comfortable
Hyderabad,29.23,32.47,66,overcast clouds,28.08,2026-08-22 14:15:46,Hot
Tirunelveli,29.3,31.07,57,overcast clouds,6.96,2026-08-22 14:15:46,Warm
Madurai,32.01,33.91,48,overcast clouds,7.72,2026-08-22 14:15:46,Hot
Theni,28.29,30.67,66,overcast clouds,4.19,2026-08-22 14:15:46,Warm
Chennai,29.19,35.05,79,overcast clouds,3.6,2026-08-22 15:14:54,Hot
Mumbai,27.99,32.54,83,light rain,4.12,2026-08-22 15:14:54,Hot
Delhi,31.96,38.96,70,light rain,2.57,2026-08-22 15:14:54,Very Hot
Bengaluru,22.53,23.08,86,overcast clouds,3.09,2026-08-22 15:14:54,Comfortable
Hyderabad,29.23,32.66,67,overcast clouds,28.08,2026-08-22 15:14:54,Hot
Tirunelveli,29.21,31.73,62,overcast clouds,6.82,2026-08-22 15:14:54,Warm
Madurai,31.01,33.68,55,overcast clouds,2.06,2026-08-22 15:14:55,Hot
Theni,28.09,30.31,66,overcast clouds,4.06,2026-08-22 15:14:55,Warm
Chennai,29.79,36.79,82,overcast clouds,6.17,2026-08-22 16:17:28,Hot
Mumbai,26.99,30.6,89,light rain,5.66,2026-08-22 16:17:28,Warm
Delhi,30.96,37.96,79,broken clouds,3.09,2026-08-22 16:17:28,Hot
Bengaluru,22.62,23.13,84,overcast clouds,3.09,2026-08-22 16:17:28,Comfortable
Hyderabad,27.23,29.64,74,overcast clouds,3.09,2026-08-22 16:17:28,Warm
Tirunelveli,28.25,31.01,69,overcast clouds,6.24,2026-08-22 16:17:28,Warm
Madurai,30.01,32.46,58,overcast clouds,2.57,2026-08-22 16:17:28,Hot
Theni,27.55,29.6,68,overcast clouds,3.38,2026-08-22 16:17:28,Warm
Chennai,29.56,36.56,82,overcast clouds,5.14,2026-08-22 17:15:34,Hot
Mumbai,27.99,32.54,83,light rain,4.63,2026-08-22 17:15:35,Hot
Delhi,30.05,37.05,84,broken clouds,4.12,2026-08-22 17:15:35,Hot
Bengaluru,22.21,22.71,85,overcast clouds,4.63,2026-08-22 17:15:35,Comfortable
Hyderabad,28.47,31.76,71,overcast clouds,27.36,2026-08-22 17:15:35,Warm
Tirunelveli,27.79,30.39,71,overcast clouds,5.63,2026-08-22 17:15:35,Warm
Madurai,30.01,32.46,58,overcast clouds,1.54,2026-08-22 17:15:35,Hot
Theni,25.89,26.31,68,overcast clouds,3.41,2026-08-22 17:15:35,Comfortable
Chennai,29.56,36.56,82,light rain,3.58,2026-08-22 18:20:45,Hot
Mumbai,27.99,32.54,83,light rain,4.63,2026-08-22 18:20:45,Hot
Delhi,30.05,37.05,84,broken clouds,3.09,2026-08-22 18:20:45,Hot
Bengaluru,21.38,21.85,87,overcast clouds,4.63,2026-08-22 18:20:46,Comfortable
Hyderabad,27.83,30.72,73,overcast clouds,19.512,2026-08-22 18:20:46,Warm
Tirunelveli,26.97,29.05,73,overcast clouds,5.45,2026-08-22 18:20:46,Warm
Madurai,30.01,32.46,58,light rain,2.57,2026-08-22 18:20:46,Hot
Theni,25.8,26.24,69,overcast clouds,3.35,2026-08-22 18:20:46,Comfortable
Chennai,29.14,35.83,83,overcast clouds,3.09,2026-08-22 19:18:49,Hot
Mumbai,27.99,32.54,83,light rain,5.66,2026-08-22 19:18:49,Hot
Delhi,29.96,36.96,84,broken clouds,2.57,2026-08-22 19:18:49,Hot
Bengaluru,20.97,21.47,90,overcast clouds,4.63,2026-08-22 19:18:49,Comfortable
Hyderabad,23.7,24.5,91,light rain,11.016,2026-08-22 19:18:49,Comfortable
Tirunelveli,26.73,28.7,74,broken clouds,4.99,2026-08-22 19:18:49,Warm
Madurai,29.01,31.21,61,overcast clouds,3.09,2026-08-22 19:18:49,Warm
Theni,25.38,25.83,71,broken clouds,3.21,2026-08-22 19:18:50,Comfortable
Chennai,29.14,36.07,84,overcast clouds,3.09,2026-08-22 20:16:28,Hot
Mumbai,27.99,32.54,83,light rain,4.63,2026-08-22 20:16:28,Hot
Delhi,29.05,36.05,89,scattered clouds,2.57,2026-08-22 20:16:28,Hot
Bengaluru,20.89,21.33,88,overcast clouds,4.12,2026-08-22 20:16:28,Comfortable
Hyderabad,23.71,24.51,91,light rain,5.14,2026-08-22 20:16:28,Comfortable
Tirunelveli,26.59,26.59,75,broken clouds,5.11,2026-08-22 20:16:28,Comfortable
Madurai,29.01,31.21,61,overcast clouds,3.09,2026-08-22 20:16:28,Warm
Theni,25.08,25.5,71,overcast clouds,2.77,2026-08-22 20:16:28,Comfortable
Chennai,29.04,35.3,82,light rain,3.09,2026-08-22 21:16:22,Hot
Mumbai,27.99,32.54,83,light rain,5.66,2026-08-22 21:16:22,Hot
Delhi,29.96,36.96,84,light rain,2.57,2026-08-22 21:16:22,Hot
Bengaluru,20.89,21.36,89,overcast clouds,4.12,2026-08-22 21:16:22,Comfortable
Hyderabad,23.59,24.38,91,light rain,12.72,2026-08-22 21:16:22,Comfortable
Tirunelveli,26.26,26.26,76,broken clouds,4.66,2026-08-22 21:16:22,Comfortable
Madurai,29.01,30.75,58,broken clouds,2.57,2026-08-22 21:16:22,Warm
Theni,24.77,25.18,72,overcast clouds,3.15,2026-08-22 21:16:22,Comfortable
Chennai,29.02,35.02,81,overcast clouds,2.06,2026-08-22 22:15:49,Hot
Mumbai,27.99,32.54,83,light rain,5.14,2026-08-22 22:15:49,Hot
Delhi,29.96,36.96,84,few clouds,2.57,2026-08-22 22:15:49,Hot
Bengaluru,20.19,20.64,91,overcast clouds,4.12,2026-08-22 22:15:49,Comfortable
Hyderabad,23.62,24.34,88,light rain,5.28,2026-08-22 22:15:49,Comfortable
Tirunelveli,26.09,26.09,77,broken clouds,4.48,2026-08-22 22:15:49,Comfortable
Madurai,28.01,30.05,65,overcast clouds,2.06,2026-08-22 22:15:50,Warm
Theni,24.53,24.97,74,overcast clouds,2.9,2026-08-22 22:15:50,Comfortable
Chennai,28.19,32.41,79,overcast clouds,2.57,2026-08-22 23:15:15,Hot
Mumbai,27.99,32.54,83,light rain,5.66,2026-08-22 23:15:15,Hot
Delhi,29.05,34.66,79,few clouds,2.06,2026-08-22 23:15:15,Hot
Bengaluru,20.39,20.86,91,overcast clouds,5.68,2026-08-22 23:15:15,Comfortable
Hyderabad,23.47,24.17,88,overcast clouds,6.072,2026-08-22 23:15:15,Comfortable
Tirunelveli,25.83,26.48,77,overcast clouds,3.89,2026-08-22 23:15:15,Comfortable
Madurai,28.01,29.58,61,overcast clouds,1.54,2026-08-22 23:15:15,Warm
Theni,24.45,24.88,74,overcast clouds,2.71,2026-08-22 23:15:16,Comfortable
Chennai,28.04,32.36,81,overcast clouds,2.06,2026-08-23 01:00:42,Hot
Mumbai,27.99,32.54,83,light rain,5.14,2026-08-23 01:00:43,Hot
Delhi,28.96,35.96,89,clear sky,3.09,2026-08-23 01:00:43,Hot
Bengaluru,20.53,20.99,90,overcast clouds,4.12,2026-08-23 01:00:43,Comfortable
Hyderabad,23.37,24.06,88,overcast clouds,26.4,2026-08-23 01:00:43,Comfortable
Tirunelveli,25.62,26.22,76,broken clouds,3.53,2026-08-23 01:00:43,Comfortable
Madurai,28.01,29.58,61,overcast clouds,2.06,2026-08-23 01:00:43,Warm
Theni,24.27,24.71,75,overcast clouds,2.49,2026-08-23 01:00:43,Comfortable
Chennai,30.72,36.03,67,overcast clouds,5.14,2026-08-23 02:56:53,Hot
Mumbai,28.99,34.5,79,light rain,5.14,2026-08-23 02:56:53,Hot
Delhi,27.96,33.45,89,scattered clouds,2.06,2026-08-23 02:56:53,Hot
Bengaluru,22.44,22.99,86,overcast clouds,4.12,2026-08-23 02:56:53,Comfortable
Hyderabad,24.23,25.01,88,overcast clouds,5.66,2026-08-23 02:56:53,Comfortable
Tirunelveli,29.09,31.19,60,overcast clouds,4.78,2026-08-23 02:56:53,Warm
Madurai,31.01,34.38,58,overcast clouds,1.03,2026-08-23 02:56:53,Hot
Theni,27.54,28.79,60,broken clouds,3.97,2026-08-23 02:56:54,Warm
Chennai,31.83,37.59,63,overcast clouds,6.17,2026-08-23 03:49:33,Hot
Mumbai,28.99,34.5,79,light rain,4.63,2026-08-23 03:49:33,Hot
Delhi,28.96,35.51,84,light rain,3.09,2026-08-23 03:49:33,Hot
Bengaluru,23.17,23.74,84,overcast clouds,5.66,2026-08-23 03:49:33,Comfortable
Hyderabad,24.37,25.11,86,overcast clouds,7.2,2026-08-23 03:49:33,Comfortable
Tirunelveli,31.04,33.3,53,overcast clouds,5.65,2026-08-23 03:49:33,Hot
Madurai,33.01,37.84,55,overcast clouds,1.03,2026-08-23 03:49:33,Hot
Theni,29.54,30.83,53,broken clouds,3.56,2026-08-23 03:49:33,Warm
Chennai,31.95,37.57,62,overcast clouds,6.69,2026-08-23 04:30:55,Hot
Mumbai,28.99,33.47,74,light rain,5.14,2026-08-23 04:30:55,Hot
Delhi,28.96,35.51,84,light rain,5.14,2026-08-23 04:30:55,Hot
Bengaluru,24.21,24.78,80,overcast clouds,5.14,2026-08-23 04:30:56,Comfortable
Hyderabad,26.23,26.23,78,overcast clouds,7.72,2026-08-23 04:30:56,Comfortable
Tirunelveli,32.23,34.3,48,overcast clouds,5.85,2026-08-23 04:30:56,Hot
Madurai,33.01,37.84,55,overcast clouds,1.54,2026-08-23 04:30:56,Hot
Theni,30.95,32.16,48,overcast clouds,4.36,2026-08-23 04:30:56,Hot
Chennai,33.33,40.33,60,overcast clouds,6.17,2026-08-23 05:23:28,Very Hot
Mumbai,28.99,34.5,79,light rain,7.72,2026-08-23 05:23:28,Hot
Delhi,26.96,31.7,100,scattered clouds,3.09,2026-08-23 05:23:28,Warm
Bengaluru,26.23,26.23,73,overcast clouds,6.17,2026-08-23 05:23:28,Comfortable
Hyderabad,27.23,29.64,74,overcast clouds,7.72,2026-08-23 05:23:28,Warm
Tirunelveli,32.38,35.33,51,overcast clouds,5.85,2026-08-23 05:23:28,Hot
Madurai,34.01,39.11,52,overcast clouds,6.17,2026-08-23 05:23:28,Very Hot
Theni,31.15,32.67,49,overcast clouds,4.36,2026-08-23 05:23:28,Hot
Chennai,34.11,41.11,58,overcast clouds,5.66,2026-08-23 06:31:30,Very Hot
Mumbai,29.99,36.01,74,light rain,8.23,2026-08-23 06:31:31,Hot
Delhi,26.96,31.7,100,clear sky,2.57,2026-08-23 06:31:31,Warm
Bengaluru,26.57,26.57,72,overcast clouds,6.17,2026-08-23 06:31:31,Comfortable
Hyderabad,27.23,29.64,74,overcast clouds,7.72,2026-08-23 06:31:31,Warm
Tirunelveli,34.81,37.78,43,overcast clouds,6.65,2026-08-23 06:31:32,Hot
Madurai,36.01,40.64,44,broken clouds,6.17,2026-08-23 06:31:32,Very Hot
Theni,33.29,34.71,42,broken clouds,5.19,2026-08-23 06:31:33,Hot
Chennai,35.58,42.58,53,overcast clouds,5.14,2026-08-23 07:28:33,Very Hot
Mumbai,29.99,36.01,74,light rain,6.17,2026-08-23 07:28:33,Hot
Delhi,27.96,33.45,89,few clouds,4.63,2026-08-23 07:28:34,Hot
Bengaluru,26.91,28.78,71,overcast clouds,5.14,2026-08-23 07:28:34,Warm
Hyderabad,26.23,26.23,78,overcast clouds,7.72,2026-08-23 07:28:34,Comfortable
Tirunelveli,34.89,38.95,46,overcast clouds,6.65,2026-08-23 07:28:34,Very Hot
Madurai,37.01,42.93,44,broken clouds,7.2,2026-08-23 07:28:34,Very Hot
Theni,33.1,34.87,44,broken clouds,5.19,2026-08-23 07:28:34,Hot
Chennai,36.14,43.14,52,overcast clouds,4.12,2026-08-23 08:22:40,Very Hot
Mumbai,29.99,36.01,74,light rain,6.69,2026-08-23 08:22:40,Hot
Delhi,29.96,36.96,79,light rain,3.09,2026-08-23 08:22:40,Hot
Bengaluru,27.19,29.27,71,overcast clouds,3.6,2026-08-23 08:22:40,Warm
Hyderabad,27.87,30.54,71,overcast clouds,7.72,2026-08-23 08:22:40,Warm
Tirunelveli,35.44,39.05,43,overcast clouds,6.71,2026-08-23 08:22:40,Very Hot
Madurai,37.01,41.64,41,broken clouds,6.17,2026-08-23 08:22:40,Very Hot
Theni,33.31,35.77,46,broken clouds,6.16,2026-08-23 08:22:40,Hot
Chennai,35.76,42.76,54,overcast clouds,3.09,2026-08-23 09:21:54,Very Hot
Mumbai,29.99,36.99,79,broken clouds,6.69,2026-08-23 09:21:54,Hot
Delhi,30.96,37.96,74,light rain,4.12,2026-08-23 09:21:54,Hot
Bengaluru,27.59,29.78,69,overcast clouds,5.14,2026-08-23 09:21:54,Warm
Hyderabad,25.23,25.98,83,light rain,22.32,2026-08-23 09:21:54,Comfortable
Tirunelveli,35.28,40.55,48,overcast clouds,7.59,2026-08-23 09:21:54,Very Hot
Madurai,37.01,40.84,39,broken clouds,6.17,2026-08-23 09:21:54,Very Hot
Theni,32.75,35.0,47,overcast clouds,5.87,2026-08-23 09:21:54,Hot
Chennai,32.81,39.81,64,light rain,2.68,2026-08-23 10:17:33,Very Hot
Mumbai,30.99,37.57,70,light rain,7.2,2026-08-23 10:17:33,Hot
Delhi,33.96,40.96,62,broken clouds,4.12,2026-08-23 10:17:33,Very Hot
Bengaluru,27.85,30.26,69,overcast clouds,6.1,2026-08-23 10:17:33,Warm
Hyderabad,25.5,26.3,84,light rain,34.8,2026-08-23 10:17:33,Comfortable
Tirunelveli,34.98,38.79,45,overcast clouds,7.72,2026-08-23 10:17:34,Very Hot
Madurai,37.01,41.64,41,broken clouds,5.14,2026-08-23 10:17:34,Very Hot
Theni,32.59,35.21,49,overcast clouds,6.3,2026-08-23 10:17:34,Hot
Chennai,31.8,38.8,68,overcast clouds,4.63,2026-08-23 11:15:57,Very Hot
Mumbai,29.99,36.01,74,broken clouds,7.2,2026-08-23 11:15:57,Hot
Delhi,33.96,40.96,62,broken clouds,4.12,2026-08-23 11:15:57,Very Hot
Bengaluru,26.34,26.34,78,overcast clouds,4.12,2026-08-23 11:15:57,Comfortable
Hyderabad,24.41,25.26,90,overcast clouds,23.352,2026-08-23 11:15:57,Comfortable
Tirunelveli,34.02,37.46,47,overcast clouds,7.9,2026-08-23 11:15:58,Hot
Madurai,35.01,37.54,41,broken clouds,5.14,2026-08-23 11:15:58,Hot
Theni,31.95,34.51,51,overcast clouds,5.04,2026-08-23 11:15:58,Hot
Chennai,31.66,38.66,68,light rain,5.14,2026-08-23 12:28:45,Very Hot
Mumbai,28.99,34.5,79,light rain,6.69,2026-08-23 12:28:45,Hot
Delhi,32.96,39.96,70,broken clouds,4.63,2026-08-23 12:28:46,Very Hot
Bengaluru,25.96,25.96,78,overcast clouds,2.57,2026-08-23 12:28:46,Comfortable
Hyderabad,24.23,25.16,94,light rain,4.12,2026-08-23 12:28:46,Comfortable
Tirunelveli,31.17,32.9,50,overcast clouds,7.78,2026-08-23 12:28:46,Hot
Madurai,35.01,38.18,43,overcast clouds,7.2,2026-08-23 12:28:46,Very Hot
Theni,30.45,32.28,53,light rain,4.38,2026-08-23 12:28:46,Hot
Chennai,30.77,37.57,72,overcast clouds,1.79,2026-08-23 13:27:22,Hot
Mumbai,28.99,34.5,79,broken clouds,6.17,2026-08-23 13:27:22,Hot
Delhi,31.96,38.96,70,scattered clouds,2.57,2026-08-23 13:27:22,Very Hot
Bengaluru,25.81,26.54,80,moderate rain,7.11,2026-08-23 13:27:22,Comfortable
Hyderabad,24.41,25.28,91,overcast clouds,16.464,2026-08-23 13:27:22,Comfortable
Tirunelveli,30.15,32.33,56,broken clouds,7.16,2026-08-23 13:27:22,Hot
Madurai,34.01,37.13,46,light rain,7.72,2026-08-23 13:27:22,Hot
Theni,27.93,29.57,62,overcast clouds,5.6,2026-08-23 13:27:23,Warm
Chennai,30.39,37.39,80,very heavy rain,5.14,2026-08-23 14:17:28,Hot
Mumbai,28.99,34.5,79,light rain,5.66,2026-08-23 14:17:28,Hot
Delhi,32.05,39.05,70,scattered clouds,2.06,2026-08-23 14:17:28,Very Hot
Bengaluru,24.62,25.3,83,light rain,2.57,2026-08-23 14:17:28,Comfortable
Hyderabad,24.35,25.22,91,light rain,5.664,2026-08-23 14:17:28,Comfortable
Tirunelveli,29.07,31.0,59,overcast clouds,6.56,2026-08-23 14:17:29,Warm
Madurai,32.01,34.63,51,overcast clouds,6.69,2026-08-23 14:17:29,Hot
Theni,27.0,28.61,67,light rain,5.47,2026-08-23 14:17:29,Warm
Chennai,26.62,26.62,93,overcast clouds,5.14,2026-08-23 15:16:44,Comfortable
Mumbai,27.99,31.77,78,light rain,5.14,2026-08-23 15:16:44,Warm
Delhi,29.96,36.96,79,scattered clouds,1.54,2026-08-23 15:16:44,Hot
Bengaluru,21.62,22.24,92,overcast clouds,3.09,2026-08-23 15:16:44,Comfortable
Hyderabad,24.19,24.96,88,light rain,5.28,2026-08-23 15:16:44,Comfortable
Tirunelveli,28.27,30.77,67,overcast clouds,6.48,2026-08-23 15:16:44,Warm
Madurai,32.01,34.63,51,overcast clouds,6.17,2026-08-23 15:16:44,Hot
Theni,26.61,26.61,68,overcast clouds,4.52,2026-08-23 15:16:44,Comfortable
Chennai,27.28,31.8,92,moderate rain,3.09,2026-08-23 16:17:57,Warm
Mumbai,28.99,34.5,79,light rain,4.12,2026-08-23 16:17:57,Hot
Delhi,29.96,36.96,84,scattered clouds,1.03,2026-08-23 16:17:57,Hot
Bengaluru,21.72,22.27,89,overcast clouds,3.09,2026-08-23 16:17:57,Comfortable
Hyderabad,24.03,24.79,88,moderate rain,8.712,2026-08-23 16:17:57,Comfortable
Tirunelveli,27.49,30.15,74,overcast clouds,6.08,2026-08-23 16:17:57,Warm
Madurai,31.01,33.68,55,overcast clouds,3.6,2026-08-23 16:17:58,Hot
Theni,26.1,26.1,70,overcast clouds,4.24,2026-08-23 16:17:58,Comfortable
Chennai,26.67,30.23,95,light rain,4.63,2026-08-23 17:16:01,Warm
Mumbai,28.99,34.5,79,overcast clouds,4.12,2026-08-23 17:16:01,Hot
Delhi,29.96,36.96,84,scattered clouds,1.03,2026-08-23 17:16:02,Hot
Bengaluru,21.72,22.27,89,overcast clouds,3.09,2026-08-23 17:16:02,Comfortable
Hyderabad,23.65,24.34,87,light rain,5.592,2026-08-23 17:16:02,Comfortable
Tirunelveli,27.15,29.48,74,overcast clouds,5.92,2026-08-23 17:16:02,Warm
Madurai,31.01,33.68,55,overcast clouds,5.66,2026-08-23 17:16:02,Hot
Theni,25.94,26.42,70,overcast clouds,3.96,2026-08-23 17:16:02,Comfortable
Chennai,27.1,31.48,94,overcast clouds,3.58,2026-08-23 18:20:41,Warm
Mumbai,28.99,34.5,79,light rain,4.12,2026-08-23 18:20:41,Hot
Delhi,28.96,35.96,89,few clouds,1.03,2026-08-23 18:20:41,Hot
Bengaluru,21.47,22.02,90,overcast clouds,3.6,2026-08-23 18:20:41,Comfortable
Hyderabad,23.85,24.56,87,light rain,25.44,2026-08-23 18:20:41,Comfortable
Tirunelveli,26.96,28.87,71,overcast clouds,6.25,2026-08-23 18:20:42,Warm
Madurai,30.01,32.46,58,overcast clouds,2.57,2026-08-23 18:20:42,Hot
Theni,25.76,26.27,72,overcast clouds,4.08,2026-08-23 18:20:42,Comfortable
Chennai,26.74,30.36,94,overcast clouds,2.68,2026-08-23 19:18:39,Warm
Mumbai,27.99,32.54,83,overcast clouds,3.09,2026-08-23 19:18:39,Hot
Delhi,28.96,35.96,89,few clouds,1.03,2026-08-23 19:18:39,Hot
Bengaluru,20.97,21.52,92,overcast clouds,4.63,2026-08-23 19:18:39,Comfortable
Hyderabad,23.73,24.77,100,light rain,5.14,2026-08-23 19:18:40,Comfortable
Tirunelveli,26.91,29.11,75,overcast clouds,5.76,2026-08-23 19:18:40,Warm
Madurai,30.01,31.73,54,overcast clouds,2.06,2026-08-23 19:18:40,Warm
Theni,26.0,26.0,72,overcast clouds,4.22,2026-08-23 19:18:40,Comfortable
Chennai,26.29,26.29,94,light rain,2.24,2026-08-23 20:15:52,Comfortable
Mumbai,27.99,31.77,78,overcast clouds,4.12,2026-08-23 20:15:52,Warm
Delhi,28.96,35.96,89,few clouds,1.03,2026-08-23 20:15:52,Hot
Bengaluru,21.16,21.71,91,overcast clouds,3.6,2026-08-23 20:15:52,Comfortable
Hyderabad,23.73,24.77,100,light rain,5.14,2026-08-23 20:15:52,Comfortable
Tirunelveli,26.9,29.09,75,overcast clouds,5.13,2026-08-23 20:15:52,Warm
Madurai,29.01,31.21,61,overcast clouds,3.09,2026-08-23 20:15:53,Warm
Theni,25.82,26.39,74,overcast clouds,3.96,2026-08-23 20:15:53,Comfortable
Chennai,26.3,26.3,94,light rain,2.06,2026-08-23 21:15:35,Comfortable
Mumbai,27.99,31.77,78,light rain,3.6,2026-08-23 21:15:35,Warm
Delhi,28.96,35.96,89,scattered clouds,1.54,2026-08-23 21:15:35,Hot
Bengaluru,21.03,21.59,92,overcast clouds,4.63,2026-08-23 21:15:35,Comfortable
Hyderabad,23.75,24.45,87,light rain,33.84,2026-08-23 21:15:35,Comfortable
Tirunelveli,26.84,28.98,75,overcast clouds,4.63,2026-08-23 21:15:35,Warm
Madurai,29.01,31.21,61,overcast clouds,2.57,2026-08-23 21:15:36,Warm
Theni,25.96,25.96,74,overcast clouds,3.56,2026-08-23 21:15:36,Comfortable
Chennai,26.45,26.45,94,light rain,2.57,2026-08-23 22:15:55,Comfortable
Mumbai,27.99,32.54,83,overcast clouds,4.63,2026-08-23 22:15:55,Hot
Delhi,27.96,34.33,94,scattered clouds,1.03,2026-08-23 22:15:55,Hot
Bengaluru,20.89,21.44,92,overcast clouds,4.12,2026-08-23 22:15:55,Comfortable
Hyderabad,23.96,24.63,85,overcast clouds,22.704,2026-08-23 22:15:55,Comfortable
Tirunelveli,26.59,26.59,77,overcast clouds,4.38,2026-08-23 22:15:55,Comfortable
Madurai,29.01,31.21,61,overcast clouds,1.03,2026-08-23 22:15:55,Warm
Theni,25.87,26.42,73,overcast clouds,3.36,2026-08-23 22:15:55,Comfortable
Chennai,26.4,26.4,93,overcast clouds,2.06,2026-08-23 23:15:39,Comfortable
Mumbai,27.99,32.54,83,light rain,4.12,2026-08-23 23:15:39,Hot
Delhi,29.05,34.66,79,light rain,1.54,2026-08-23 23:15:40,Hot
Bengaluru,20.89,21.44,92,overcast clouds,4.12,2026-08-23 23:15:40,Comfortable
Hyderabad,23.98,24.6,83,overcast clouds,31.2,2026-08-23 23:15:40,Comfortable
Tirunelveli,26.37,26.37,77,overcast clouds,4.07,2026-08-23 23:15:40,Comfortable
Madurai,29.01,31.86,65,overcast clouds,1.54,2026-08-23 23:15:40,Warm
Theni,25.51,26.05,74,overcast clouds,3.18,2026-08-23 23:15:40,Comfortable
Chennai,26.88,30.69,93,overcast clouds,2.06,2026-08-24 00:58:02,Warm
Mumbai,27.99,32.54,83,light rain,3.6,2026-08-24 00:58:02,Hot
Delhi,27.96,34.33,94,overcast clouds,1.54,2026-08-24 00:58:02,Hot
Bengaluru,20.89,21.44,92,overcast clouds,5.66,2026-08-24 00:58:02,Comfortable
Hyderabad,23.73,24.61,94,light rain,6.17,2026-08-24 00:58:02,Comfortable
Tirunelveli,26.01,26.01,75,overcast clouds,3.87,2026-08-24 00:58:02,Comfortable
Madurai,28.01,30.05,65,overcast clouds,2.57,2026-08-24 00:58:02,Warm
Theni,25.02,25.54,75,overcast clouds,2.67,2026-08-24 00:58:02,Comfortable
Chennai,28.1,33.35,86,overcast clouds,4.02,2026-08-24 02:22:46,Hot
Mumbai,27.99,32.54,83,light rain,4.12,2026-08-24 02:22:46,Hot
Delhi,27.96,34.33,94,overcast clouds,1.54,2026-08-24 02:22:46,Hot
Bengaluru,21.03,21.56,91,overcast clouds,4.63,2026-08-24 02:22:47,Comfortable
Hyderabad,23.23,24.06,94,light rain,5.66,2026-08-24 02:22:47,Comfortable
Tirunelveli,28.84,32.74,72,overcast clouds,4.57,2026-08-24 02:22:47,Hot
Madurai,29.01,31.86,65,overcast clouds,1.03,2026-08-24 02:22:47,Warm
Theni,26.53,26.53,71,overcast clouds,3.29,2026-08-24 02:22:47,Comfortable
Chennai,29.74,36.1,77,overcast clouds,3.6,2026-08-24 03:49:44,Hot
Mumbai,27.99,32.54,83,light rain,2.57,2026-08-24 03:49:44,Hot
Delhi,30.96,37.96,79,broken clouds,2.57,2026-08-24 03:49:44,Hot
Bengaluru,22.71,23.26,85,overcast clouds,5.66,2026-08-24 03:49:44,Comfortable
Hyderabad,23.46,24.21,90,light rain,5.14,2026-08-24 03:49:44,Comfortable
Tirunelveli,31.18,34.24,56,overcast clouds,5.39,2026-08-24 03:49:44,Hot
Madurai,31.01,35.38,62,overcast clouds,1.03,2026-08-24 03:49:44,Hot
Theni,29.83,31.6,55,overcast clouds,3.66,2026-08-24 03:49:44,Warm
Chennai,30.55,37.26,73,overcast clouds,4.12,2026-08-24 04:38:52,Hot
Mumbai,26.99,30.0,83,light rain,3.09,2026-08-24 04:38:52,Warm
Delhi,31.96,38.96,74,overcast clouds,3.09,2026-08-24 04:38:52,Very Hot
Bengaluru,24.98,25.6,79,overcast clouds,5.14,2026-08-24 04:38:52,Comfortable
Hyderabad,24.23,25.01,88,light rain,6.17,2026-08-24 04:38:52,Comfortable
Tirunelveli,32.43,34.91,49,overcast clouds,6.03,2026-08-24 04:38:53,Hot
Madurai,33.01,37.84,55,overcast clouds,1.54,2026-08-24 04:38:53,Hot
Theni,30.72,32.16,50,overcast clouds,4.22,2026-08-24 04:38:53,Hot
Chennai,31.36,38.26,69,overcast clouds,4.12,2026-08-24 05:33:13,Very Hot
Mumbai,28.99,34.5,79,light rain,2.57,2026-08-24 05:33:13,Hot
Delhi,31.96,38.96,74,light rain,4.63,2026-08-24 05:33:13,Very Hot
Bengaluru,25.79,26.41,76,overcast clouds,6.17,2026-08-24 05:33:13,Comfortable
Hyderabad,24.48,25.2,85,moderate rain,5.14,2026-08-24 05:33:13,Comfortable
Tirunelveli,34.12,37.35,46,overcast clouds,6.14,2026-08-24 05:33:13,Hot
Madurai,34.01,38.08,49,overcast clouds,8.75,2026-08-24 05:33:13,Very Hot
Theni,32.17,33.96,47,overcast clouds,5.57,2026-08-24 05:33:13,Hot
Chennai,32.19,39.19,66,light rain,5.14,2026-08-24 06:45:20,Very Hot
Mumbai,28.99,34.5,79,light rain,5.66,2026-08-24 06:45:20,Hot
Delhi,30.96,37.96,74,heavy intensity rain,7.72,2026-08-24 06:45:21,Hot
Bengaluru,26.27,26.27,72,overcast clouds,5.66,2026-08-24 06:45:21,Comfortable
Hyderabad,23.23,24.06,94,light rain,5.14,2026-08-24 06:45:21,Comfortable
Tirunelveli,34.45,37.39,44,overcast clouds,6.3,2026-08-24 06:45:21,Hot
Madurai,35.01,39.2,46,overcast clouds,7.72,2026-08-24 06:45:21,Very Hot
Theni,32.66,35.09,48,light rain,5.11,2026-08-24 06:45:21,Hot
Chennai,32.84,39.84,63,overcast clouds,4.12,2026-08-24 07:53:03,Very Hot
Mumbai,30.99,37.57,70,light rain,6.17,2026-08-24 07:53:03,Hot
Delhi,24.96,26.12,100,moderate rain,3.6,2026-08-24 07:53:03,Comfortable
Bengaluru,26.35,26.35,75,overcast clouds,5.66,2026-08-24 07:53:03,Comfortable
Hyderabad,23.48,24.34,94,overcast clouds,8.232,2026-08-24 07:53:04,Comfortable
Tirunelveli,35.88,39.61,42,overcast clouds,6.94,2026-08-24 07:53:04,Very Hot
Madurai,34.01,38.08,49,overcast clouds,7.72,2026-08-24 07:53:04,Very Hot
Theni,32.97,35.15,46,light rain,5.03,2026-08-24 07:53:04,Hot
Chennai,33.1,40.1,63,overcast clouds,4.12,2026-08-24 08:41:22,Very Hot
Mumbai,30.99,37.57,70,light rain,6.17,2026-08-24 08:41:22,Hot
Delhi,24.96,26.12,100,overcast clouds,1.03,2026-08-24 08:41:22,Comfortable
Bengaluru,27.01,29.04,72,overcast clouds,6.17,2026-08-24 08:41:23,Warm
Hyderabad,24.21,25.04,90,overcast clouds,6.384,2026-08-24 08:41:23,Comfortable
Tirunelveli,35.78,39.05,41,overcast clouds,7.72,2026-08-24 08:41:23,Very Hot
Madurai,34.01,37.13,46,overcast clouds,6.17,2026-08-24 08:41:23,Hot
Theni,32.59,34.46,46,light rain,5.56,2026-08-24 08:41:23,Hot
Chennai,33.13,40.13,63,light rain,3.6,2026-08-24 09:40:52,Very Hot
Mumbai,29.99,35.01,70,light rain,4.63,2026-08-24 09:40:52,Hot
Delhi,24.96,26.12,100,light rain,1.03,2026-08-24 09:40:52,Comfortable
Bengaluru,26.76,28.6,72,overcast clouds,5.14,2026-08-24 09:40:52,Warm
Hyderabad,25.36,26.22,87,light rain,24.24,2026-08-24 09:40:52,Comfortable
Tirunelveli,34.7,37.26,42,overcast clouds,7.69,2026-08-24 09:40:52,Hot
Madurai,34.01,37.13,46,light rain,5.14,2026-08-24 09:40:52,Hot
Theni,31.69,33.8,50,light rain,6.56,2026-08-24 09:40:52,Hot
Chennai,33.1,40.1,64,light rain,4.12,2026-08-24 10:31:59,Very Hot
Mumbai,29.99,36.01,74,light rain,4.63,2026-08-24 10:31:59,Hot
Delhi,25.96,25.96,100,overcast clouds,1.03,2026-08-24 10:31:59,Comfortable
Bengaluru,26.72,28.53,72,overcast clouds,8.2,2026-08-24 10:31:59,Warm
Hyderabad,26.13,26.13,83,overcast clouds,5.14,2026-08-24 10:31:59,Comfortable
Tirunelveli,33.83,35.92,43,overcast clouds,7.31,2026-08-24 10:31:59,Hot
Madurai,33.01,36.03,49,light rain,6.17,2026-08-24 10:31:59,Hot
Theni,31.24,33.89,54,light rain,6.53,2026-08-24 10:31:59,Hot
Chennai,31.83,38.83,75,light rain,3.09,2026-08-24 11:21:35,Very Hot
Mumbai,28.99,35.61,84,light rain,6.17,2026-08-24 11:21:35,Hot
Delhi,26.96,31.7,100,overcast clouds,1.54,2026-08-24 11:21:35,Warm
Bengaluru,26.68,28.47,72,overcast clouds,6.17,2026-08-24 11:21:35,Warm
Hyderabad,26.23,26.23,78,light rain,4.12,2026-08-24 11:21:35,Comfortable
Tirunelveli,33.61,36.93,48,overcast clouds,7.31,2026-08-24 11:21:36,Hot
Madurai,33.01,36.03,49,overcast clouds,5.14,2026-08-24 11:21:36,Hot
Theni,30.93,33.53,55,light rain,6.53,2026-08-24 11:21:36,Hot
Chennai,30.73,37.73,76,light rain,1.79,2026-08-24 12:38:05,Hot
Mumbai,28.99,34.5,79,light rain,6.17,2026-08-24 12:38:05,Hot
Delhi,27.96,34.96,100,overcast clouds,1.03,2026-08-24 12:38:05,Hot
Bengaluru,22.66,23.28,88,overcast clouds,4.12,2026-08-24 12:38:05,Comfortable
Hyderabad,26.23,26.23,78,moderate rain,4.12,2026-08-24 12:38:05,Comfortable
Tirunelveli,30.65,32.62,53,overcast clouds,6.75,2026-08-24 12:38:05,Hot
Madurai,32.01,35.66,55,light rain,5.14,2026-08-24 12:38:06,Hot
Theni,27.74,29.28,62,overcast clouds,5.4,2026-08-24 12:38:06,Warm
Chennai,30.41,37.41,79,overcast clouds,2.57,2026-08-24 13:45:48,Hot
Mumbai,28.99,34.5,79,light rain,6.17,2026-08-24 13:45:48,Hot
Delhi,27.96,34.96,100,overcast clouds,1.03,2026-08-24 13:45:48,Hot
Bengaluru,22.11,22.7,89,light rain,4.63,2026-08-24 13:45:49,Comfortable
Hyderabad,25.23,26.11,88,light rain,4.12,2026-08-24 13:45:49,Comfortable
Tirunelveli,29.35,31.31,58,overcast clouds,6.18,2026-08-24 13:45:49,Warm
Madurai,31.01,33.68,55,overcast clouds,7.72,2026-08-24 13:45:49,Hot
Theni,27.14,28.58,64,light rain,5.27,2026-08-24 13:45:49,Warm
Chennai,27.2,31.31,90,very heavy rain,2.68,2026-08-24 14:35:39,Warm
Mumbai,27.99,31.77,78,light rain,4.63,2026-08-24 14:35:39,Warm
Delhi,27.96,34.96,100,overcast clouds,0.0,2026-08-24 14:35:39,Hot
Bengaluru,21.78,22.36,90,light rain,3.09,2026-08-24 14:35:39,Comfortable
Hyderabad,25.23,26.11,88,overcast clouds,2.57,2026-08-24 14:35:39,Comfortable
Tirunelveli,28.52,30.8,64,overcast clouds,5.62,2026-08-24 14:35:39,Warm
Madurai,31.01,33.68,55,light rain,7.72,2026-08-24 14:35:39,Hot
Theni,26.74,28.08,65,overcast clouds,4.79,2026-08-24 14:35:39,Warm
Chennai,24.99,26.0,94,overcast clouds,2.06,2026-08-24 15:33:59,Comfortable
Mumbai,27.99,32.54,83,light rain,4.63,2026-08-24 15:33:59,Hot
Delhi,27.96,34.96,100,overcast clouds,1.03,2026-08-24 15:33:59,Hot
Bengaluru,22.61,23.2,87,overcast clouds,6.84,2026-08-24 15:33:59,Comfortable
Hyderabad,25.38,26.19,85,overcast clouds,3.6,2026-08-24 15:33:59,Comfortable
Tirunelveli,28.08,30.29,66,overcast clouds,5.4,2026-08-24 15:34:00,Warm
Madurai,31.01,33.68,55,light rain,7.72,2026-08-24 15:34:00,Hot
Theni,26.14,26.14,67,overcast clouds,4.23,2026-08-24 15:34:00,Comfortable
Chennai,26.1,26.1,93,light rain,1.54,2026-08-24 16:29:35,Comfortable
Mumbai,27.99,31.77,78,light rain,4.12,2026-08-24 16:29:35,Warm
Delhi,27.96,34.96,100,overcast clouds,1.54,2026-08-24 16:29:35,Hot
Bengaluru,21.76,22.32,89,overcast clouds,2.57,2026-08-24 16:29:35,Comfortable
Hyderabad,25.41,26.23,85,overcast clouds,14.544,2026-08-24 16:29:36,Comfortable
Tirunelveli,27.85,30.63,72,overcast clouds,5.4,2026-08-24 16:29:36,Warm
Madurai,31.01,33.68,55,light rain,6.17,2026-08-24 16:29:36,Hot
Theni,26.12,26.12,67,overcast clouds,4.23,2026-08-24 16:29:36,Comfortable
Chennai,26.66,26.66,94,overcast clouds,5.14,2026-08-24 17:25:30,Comfortable
Mumbai,27.99,32.54,83,light rain,5.14,2026-08-24 17:25:30,Hot
Delhi,27.96,34.33,94,broken clouds,2.06,2026-08-24 17:25:30,Hot
Bengaluru,21.8,22.33,88,overcast clouds,3.6,2026-08-24 17:25:30,Comfortable
Hyderabad,24.73,25.71,94,overcast clouds,2.57,2026-08-24 17:25:30,Comfortable
Tirunelveli,27.58,30.1,72,overcast clouds,4.79,2026-08-24 17:25:30,Warm
Madurai,31.01,34.38,58,light rain,6.17,2026-08-24 17:25:30,Hot
Theni,25.99,25.99,68,overcast clouds,4.45,2026-08-24 17:25:30,Comfortable
Chennai,26.65,26.65,96,very heavy rain,2.06,2026-08-24 18:31:44,Comfortable
Mumbai,27.99,32.54,83,light rain,5.14,2026-08-24 18:31:44,Hot
Delhi,27.96,34.33,94,overcast clouds,1.54,2026-08-24 18:31:44,Hot
Bengaluru,21.48,21.98,88,overcast clouds,4.12,2026-08-24 18:31:44,Comfortable
Hyderabad,25.56,26.5,89,light rain,3.09,2026-08-24 18:31:45,Comfortable
Tirunelveli,27.28,29.15,68,overcast clouds,4.75,2026-08-24 18:31:45,Warm
Madurai,31.01,34.38,58,moderate rain,5.14,2026-08-24 18:31:45,Hot
Theni,25.5,25.93,70,overcast clouds,4.04,2026-08-24 18:31:45,Comfortable
Chennai,25.99,25.99,94,light rain,2.06,2026-08-24 19:24:32,Comfortable
Mumbai,27.99,32.54,83,light rain,5.14,2026-08-24 19:24:32,Hot
Delhi,27.96,34.33,94,overcast clouds,1.54,2026-08-24 19:24:32,Hot
Bengaluru,21.14,21.66,90,overcast clouds,4.12,2026-08-24 19:24:32,Comfortable
Hyderabad,25.5,26.32,85,overcast clouds,22.392,2026-08-24 19:24:32,Comfortable
Tirunelveli,27.46,30.09,74,overcast clouds,4.75,2026-08-24 19:24:32,Warm
Madurai,31.01,34.38,58,moderate rain,5.66,2026-08-24 19:24:33,Hot
Theni,25.91,26.41,71,overcast clouds,4.04,2026-08-24 19:24:33,Comfortable
Chennai,25.99,25.99,94,moderate rain,2.06,2026-08-24 20:23:26,Comfortable
Mumbai,27.99,32.54,83,light rain,4.63,2026-08-24 20:23:27,Hot
Delhi,27.96,34.33,94,overcast clouds,1.54,2026-08-24 20:23:27,Hot
Bengaluru,21.13,21.65,90,overcast clouds,3.6,2026-08-24 20:23:27,Comfortable
Hyderabad,25.6,26.41,84,light rain,21.024,2026-08-24 20:23:27,Comfortable
Tirunelveli,27.3,29.88,75,overcast clouds,4.4,2026-08-24 20:23:27,Warm
Madurai,29.01,31.86,65,moderate rain,6.69,2026-08-24 20:23:27,Warm
Theni,25.41,25.94,74,overcast clouds,3.92,2026-08-24 20:23:28,Comfortable
Chennai,26.1,26.1,91,overcast clouds,2.06,2026-08-24 21:23:18,Comfortable
Mumbai,27.99,31.77,78,overcast clouds,4.63,2026-08-24 21:23:18,Warm
Delhi,26.96,31.7,100,overcast clouds,2.06,2026-08-24 21:23:19,Warm
Bengaluru,21.13,21.67,91,overcast clouds,3.6,2026-08-24 21:23:19,Comfortable
Hyderabad,25.5,26.3,84,light rain,29.52,2026-08-24 21:23:19,Comfortable
Tirunelveli,27.08,29.44,75,overcast clouds,4.44,2026-08-24 21:23:19,Warm
Madurai,29.01,31.21,61,moderate rain,7.72,2026-08-24 21:23:19,Warm
Theni,25.18,25.69,74,overcast clouds,3.51,2026-08-24 21:23:19,Comfortable
Chennai,26.1,26.1,91,overcast clouds,2.57,2026-08-24 22:20:02,Comfortable
Mumbai,27.99,31.77,78,overcast clouds,5.14,2026-08-24 22:20:02,Warm
Delhi,26.96,31.7,100,light rain,1.54,2026-08-24 22:20:02,Warm
Bengaluru,21.15,21.7,91,overcast clouds,6.62,2026-08-24 22:20:02,Comfortable
Hyderabad,25.28,26.06,84,light rain,24.0,2026-08-24 22:20:03,Comfortable
Tirunelveli,27.01,29.39,76,overcast clouds,4.5,2026-08-24 22:20:03,Warm
Madurai,29.01,31.21,61,light rain,7.2,2026-08-24 22:20:03,Warm
Theni,25.06,25.53,73,overcast clouds,3.08,2026-08-24 22:20:03,Comfortable
Chennai,26.6,26.6,90,overcast clouds,2.06,2026-08-24 23:17:49,Comfortable
Mumbai,27.99,32.54,83,light rain,4.63,2026-08-24 23:17:49,Hot
Delhi,27.05,31.32,94,light rain,1.03,2026-08-24 23:17:49,Warm
Bengaluru,21.03,21.59,92,overcast clouds,4.12,2026-08-24 23:17:49,Comfortable
Hyderabad,24.73,25.56,88,light rain,6.17,2026-08-24 23:17:49,Comfortable
Tirunelveli,26.9,29.26,77,overcast clouds,4.23,2026-08-24 23:17:49,Warm
Madurai,26.82,28.63,71,overcast clouds,1.69,2026-08-24 23:17:49,Warm
Theni,24.62,25.15,77,overcast clouds,3.19,2026-08-24 23:17:50,Comfortable
Chennai,26.65,26.65,89,overcast clouds,2.06,2026-08-25 00:58:07,Comfortable
Mumbai,27.99,31.77,78,light rain,4.12,2026-08-25 00:58:08,Warm
Delhi,26.96,31.7,100,overcast clouds,1.03,2026-08-25 00:58:08,Warm
Bengaluru,21.03,21.59,92,overcast clouds,4.12,2026-08-25 00:58:08,Comfortable
Hyderabad,23.27,24.0,90,moderate rain,9.432,2026-08-25 00:58:08,Comfortable
Tirunelveli,26.86,28.93,74,overcast clouds,3.94,2026-08-25 00:58:08,Warm
Madurai,30.01,31.73,54,overcast clouds,5.14,2026-08-25 00:58:08,Warm
Theni,24.73,25.19,74,overcast clouds,3.63,2026-08-25 00:58:08,Comfortable
Chennai,27.52,31.85,87,overcast clouds,3.09,2026-08-25 02:18:28,Warm
Mumbai,27.99,31.77,78,light rain,4.12,2026-08-25 02:18:28,Warm
Delhi,26.05,26.05,94,light rain,3.6,2026-08-25 02:18:28,Comfortable
Bengaluru,21.5,22.11,92,overcast clouds,4.12,2026-08-25 02:18:28,Comfortable
Hyderabad,24.23,25.01,88,overcast clouds,6.69,2026-08-25 02:18:29,Comfortable
Tirunelveli,28.66,32.17,71,overcast clouds,4.1,2026-08-25 02:18:29,Hot
Madurai,30.01,31.73,54,overcast clouds,3.6,2026-08-25 02:18:29,Warm
Theni,25.68,26.11,69,overcast clouds,3.65,2026-08-25 02:18:29,Comfortable
Chennai,30.48,37.48,76,overcast clouds,5.14,2026-08-25 03:42:52,Hot
Mumbai,28.99,34.5,79,light rain,5.66,2026-08-25 03:42:52,Hot
Delhi,24.96,26.12,100,broken clouds,1.54,2026-08-25 03:42:52,Comfortable
Bengaluru,23.07,23.73,88,overcast clouds,3.6,2026-08-25 03:42:52,Comfortable
Hyderabad,24.93,25.65,83,overcast clouds,16.632,2026-08-25 03:42:52,Comfortable
Tirunelveli,29.65,32.18,60,overcast clouds,5.16,2026-08-25 03:42:52,Hot
Madurai,31.01,32.83,51,overcast clouds,6.17,2026-08-25 03:42:52,Hot
Theni,28.06,29.43,59,overcast clouds,3.53,2026-08-25 03:42:53,Warm
Chennai,31.49,38.49,70,overcast clouds,4.12,2026-08-25 04:33:18,Very Hot
Mumbai,28.99,34.5,79,light rain,6.69,2026-08-25 04:33:18,Hot
Delhi,24.96,26.12,100,broken clouds,2.57,2026-08-25 04:33:18,Comfortable
Bengaluru,24.06,24.66,82,overcast clouds,5.14,2026-08-25 04:33:18,Comfortable
Hyderabad,26.28,26.28,77,overcast clouds,27.84,2026-08-25 04:33:18,Comfortable
Tirunelveli,30.98,33.63,55,overcast clouds,5.6,2026-08-25 04:33:19,Hot
Madurai,32.01,34.63,51,overcast clouds,5.14,2026-08-25 04:33:19,Hot
Theni,29.49,31.06,55,overcast clouds,3.87,2026-08-25 04:33:19,Warm
Chennai,33.01,40.01,65,overcast clouds,5.14,2026-08-25 05:26:23,Very Hot
Mumbai,29.99,36.01,74,light rain,5.66,2026-08-25 05:26:23,Hot
Delhi,25.96,25.96,94,broken clouds,2.57,2026-08-25 05:26:23,Comfortable
Bengaluru,26.23,26.23,74,overcast clouds,8.34,2026-08-25 05:26:23,Comfortable
Hyderabad,28.01,30.96,72,overcast clouds,6.17,2026-08-25 05:26:23,Warm
Tirunelveli,31.22,34.08,55,overcast clouds,5.6,2026-08-25 05:26:23,Hot
Madurai,33.01,36.03,49,overcast clouds,5.14,2026-08-25 05:26:24,Hot
Theni,29.44,31.3,57,overcast clouds,3.87,2026-08-25 05:26:24,Warm
Chennai,34.04,41.04,63,overcast clouds,6.69,2026-08-25 06:36:32,Very Hot
Mumbai,29.99,36.01,74,overcast clouds,5.66,2026-08-25 06:36:32,Hot
Delhi,27.96,34.33,94,broken clouds,1.03,2026-08-25 06:36:32,Hot
Bengaluru,26.15,26.15,75,overcast clouds,5.14,2026-08-25 06:36:33,Comfortable
Hyderabad,29.15,32.31,66,light rain,7.2,2026-08-25 06:36:33,Hot
Tirunelveli,33.9,36.33,44,overcast clouds,6.77,2026-08-25 06:36:33,Hot
Madurai,34.01,36.25,43,overcast clouds,4.12,2026-08-25 06:36:33,Hot
Theni,30.27,30.82,46,light rain,5.56,2026-08-25 06:36:33,Warm
Chennai,34.61,41.61,61,overcast clouds,4.12,2026-08-25 07:38:56,Very Hot
Mumbai,29.99,36.01,74,overcast clouds,3.6,2026-08-25 07:38:56,Hot
Delhi,28.96,35.96,89,few clouds,1.03,2026-08-25 07:38:56,Hot
Bengaluru,26.32,26.32,74,overcast clouds,5.14,2026-08-25 07:38:56,Comfortable
Hyderabad,28.96,32.82,71,light rain,7.2,2026-08-25 07:38:56,Hot
Tirunelveli,34.32,37.44,45,overcast clouds,6.75,2026-08-25 07:38:56,Hot
Madurai,35.01,38.18,43,overcast clouds,3.6,2026-08-25 07:38:56,Very Hot
Theni,30.32,31.04,47,light rain,5.33,2026-08-25 07:38:56,Warm
Chennai,33.55,40.55,65,overcast clouds,5.14,2026-08-25 08:35:30,Very Hot
Mumbai,29.99,36.01,74,light rain,6.69,2026-08-25 08:35:30,Hot
Delhi,30.96,37.96,79,few clouds,2.06,2026-08-25 08:35:30,Hot
Bengaluru,26.51,26.51,73,overcast clouds,7.2,2026-08-25 08:35:30,Comfortable
Hyderabad,27.23,30.59,83,light rain,6.17,2026-08-25 08:35:30,Warm
Tirunelveli,33.73,36.29,45,overcast clouds,6.36,2026-08-25 08:35:30,Hot
Madurai,35.01,38.18,43,overcast clouds,7.72,2026-08-25 08:35:30,Very Hot
Theni,30.81,31.59,46,light rain,4.81,2026-08-25 08:35:30,Warm
Chennai,32.63,39.63,66,overcast clouds,5.14,2026-08-25 09:29:44,Very Hot
Mumbai,29.99,36.01,74,light rain,7.2,2026-08-25 09:29:44,Hot
Delhi,32.96,39.96,70,few clouds,3.09,2026-08-25 09:29:44,Very Hot
Bengaluru,26.38,26.38,73,overcast clouds,7.19,2026-08-25 09:29:44,Comfortable
Hyderabad,28.23,30.98,69,light rain,6.17,2026-08-25 09:29:44,Warm
Tirunelveli,33.39,39.06,56,overcast clouds,6.36,2026-08-25 09:29:45,Very Hot
Madurai,35.01,39.2,46,overcast clouds,5.14,2026-08-25 09:29:45,Very Hot
Theni,30.7,31.77,48,light rain,4.81,2026-08-25 09:29:45,Warm
Chennai,32.57,39.57,68,overcast clouds,4.12,2026-08-25 10:25:14,Very Hot
Mumbai,29.99,36.01,74,light rain,6.17,2026-08-25 10:25:14,Hot
Delhi,30.96,37.96,79,few clouds,2.57,2026-08-25 10:25:15,Hot
Bengaluru,26.5,26.5,73,overcast clouds,5.14,2026-08-25 10:25:15,Comfortable
Hyderabad,30.23,32.86,58,light rain,2.57,2026-08-25 10:25:15,Hot
Tirunelveli,32.48,35.27,50,overcast clouds,6.64,2026-08-25 10:25:15,Hot
Madurai,35.01,39.2,46,overcast clouds,5.14,2026-08-25 10:25:15,Very Hot
Theni,30.38,31.62,50,light rain,5.19,2026-08-25 10:25:15,Warm
Chennai,32.25,39.25,72,light rain,3.6,2026-08-25 11:21:59,Very Hot
Mumbai,29.99,35.01,70,overcast clouds,6.17,2026-08-25 11:21:59,Hot
Delhi,27.96,33.45,89,few clouds,3.6,2026-08-25 11:21:59,Hot
Bengaluru,26.55,26.55,71,overcast clouds,8.23,2026-08-25 11:21:59,Comfortable
Hyderabad,30.49,34.72,64,light rain,27.84,2026-08-25 11:22:00,Hot
Tirunelveli,32.01,34.88,52,overcast clouds,6.69,2026-08-25 11:22:00,Hot
Madurai,33.01,36.9,52,overcast clouds,7.72,2026-08-25 11:22:00,Hot
Theni,29.87,31.33,53,light rain,5.09,2026-08-25 11:22:00,Warm
Chennai,30.63,37.63,79,overcast clouds,0.45,2026-08-25 12:37:01,Hot
Mumbai,29.99,36.01,74,light rain,6.17,2026-08-25 12:37:01,Hot
Delhi,28.96,35.96,89,light rain,4.12,2026-08-25 12:37:01,Hot
Bengaluru,26.2,26.2,73,overcast clouds,5.66,2026-08-25 12:37:01,Comfortable
Hyderabad,29.73,32.9,63,few clouds,33.12,2026-08-25 12:37:01,Hot
Tirunelveli,31.68,35.25,56,overcast clouds,5.7,2026-08-25 12:37:02,Hot
Madurai,32.01,35.66,55,overcast clouds,5.14,2026-08-25 12:37:02,Hot
Theni,29.04,31.75,64,light rain,5.39,2026-08-25 12:37:02,Warm
Chennai,30.49,37.49,77,overcast clouds,4.63,2026-08-25 13:43:45,Hot
Mumbai,28.99,34.5,79,broken clouds,5.66,2026-08-25 13:43:46,Hot
Delhi,28.96,35.96,89,broken clouds,3.6,2026-08-25 13:43:46,Hot
Bengaluru,25.58,26.15,75,overcast clouds,4.63,2026-08-25 13:43:46,Comfortable
Hyderabad,27.76,30.45,72,few clouds,20.304,2026-08-25 13:43:46,Warm
Tirunelveli,30.21,34.57,66,overcast clouds,5.61,2026-08-25 13:43:46,Hot
Madurai,32.01,34.63,51,overcast clouds,7.2,2026-08-25 13:43:46,Hot
Theni,27.84,30.12,68,light rain,4.96,2026-08-25 13:43:46,Warm
Chennai,29.98,36.51,76,overcast clouds,1.34,2026-08-25 14:39:03,Hot
Mumbai,28.99,34.5,79,light rain,6.17,2026-08-25 14:39:03,Hot
Delhi,27.96,34.33,94,broken clouds,4.12,2026-08-25 14:39:03,Hot
Bengaluru,25.25,25.81,76,overcast clouds,5.66,2026-08-25 14:39:04,Comfortable
Hyderabad,26.23,26.23,73,few clouds,5.14,2026-08-25 14:39:04,Comfortable
Tirunelveli,30.45,34.4,63,overcast clouds,5.45,2026-08-25 14:39:04,Hot
Madurai,31.01,33.68,55,overcast clouds,8.23,2026-08-25 14:39:04,Hot
Theni,27.61,29.82,69,overcast clouds,4.07,2026-08-25 14:39:04,Warm
Chennai,28.42,32.65,77,overcast clouds,6.17,2026-08-25 15:36:49,Hot
Mumbai,28.99,34.5,79,broken clouds,5.14,2026-08-25 15:36:49,Hot
Delhi,27.96,34.33,94,broken clouds,2.57,2026-08-25 15:36:50,Hot
Bengaluru,23.65,24.11,78,broken clouds,7.72,2026-08-25 15:36:50,Comfortable
Hyderabad,26.23,26.23,73,scattered clouds,4.63,2026-08-25 15:36:50,Comfortable
Tirunelveli,28.35,30.78,66,overcast clouds,5.34,2026-08-25 15:36:50,Warm
Madurai,31.01,33.68,55,overcast clouds,8.75,2026-08-25 15:36:50,Hot
Theni,27.42,29.59,70,overcast clouds,4.24,2026-08-25 15:36:51,Warm
Chennai,28.88,34.2,79,overcast clouds,1.03,2026-08-25 16:30:10,Hot
Mumbai,28.99,34.5,79,light rain,5.66,2026-08-25 16:30:10,Hot
Delhi,27.96,34.33,94,broken clouds,1.03,2026-08-25 16:30:10,Hot
Bengaluru,22.9,23.39,82,broken clouds,5.14,2026-08-25 16:30:10,Comfortable
Hyderabad,25.23,25.85,78,scattered clouds,4.12,2026-08-25 16:30:11,Comfortable
Tirunelveli,28.1,30.86,70,overcast clouds,4.99,2026-08-25 16:30:11,Warm
Madurai,31.01,33.68,55,overcast clouds,8.75,2026-08-25 16:30:11,Hot
Theni,27.35,29.56,71,overcast clouds,4.49,2026-08-25 16:30:11,Warm
Chennai,28.84,34.3,80,overcast clouds,2.06,2026-08-25 17:26:01,Hot
Mumbai,28.99,34.5,79,light rain,5.14,2026-08-25 17:26:01,Hot
Delhi,28.05,33.73,89,broken clouds,1.03,2026-08-25 17:26:01,Hot
Bengaluru,22.33,22.81,84,broken clouds,4.63,2026-08-25 17:26:01,Comfortable
Hyderabad,26.31,26.31,75,scattered clouds,18.792,2026-08-25 17:26:01,Comfortable
Tirunelveli,27.97,31.01,73,overcast clouds,4.99,2026-08-25 17:26:01,Warm
Madurai,30.01,31.73,54,overcast clouds,6.69,2026-08-25 17:26:01,Warm
Theni,27.12,29.06,70,overcast clouds,4.49,2026-08-25 17:26:01,Warm
Chennai,29.0,34.74,80,light rain,2.06,2026-08-25 18:31:55,Hot
Mumbai,28.99,34.5,79,light rain,5.14,2026-08-25 18:31:55,Hot
Delhi,27.96,34.33,94,overcast clouds,1.03,2026-08-25 18:31:55,Hot
Bengaluru,21.96,22.46,86,broken clouds,4.12,2026-08-25 18:31:55,Comfortable
Hyderabad,26.25,26.25,75,broken clouds,10.464,2026-08-25 18:31:55,Comfortable
Tirunelveli,27.77,29.99,68,overcast clouds,5.05,2026-08-25 18:31:55,Warm
Madurai,30.01,32.46,58,overcast clouds,5.14,2026-08-25 18:31:55,Hot
Theni,27.23,29.54,73,overcast clouds,3.97,2026-08-25 18:31:55,Warm
Chennai,29.08,34.74,79,light rain,2.06,2026-08-25 19:26:23,Hot
Mumbai,28.99,34.5,79,light rain,5.66,2026-08-25 19:26:23,Hot
Delhi,27.96,34.33,94,overcast clouds,1.03,2026-08-25 19:26:23,Hot
Bengaluru,21.45,21.97,89,overcast clouds,3.09,2026-08-25 19:26:23,Comfortable
Hyderabad,25.67,26.33,78,broken clouds,28.8,2026-08-25 19:26:23,Comfortable
Tirunelveli,27.59,30.47,75,overcast clouds,5.05,2026-08-25 19:26:23,Warm
Madurai,29.01,30.75,58,overcast clouds,3.09,2026-08-25 19:26:24,Warm
Theni,26.95,29.1,74,overcast clouds,3.97,2026-08-25 19:26:24,Warm
Chennai,29.01,34.55,79,overcast clouds,0.89,2026-08-25 20:22:02,Hot
Mumbai,27.99,33.54,89,light rain,4.63,2026-08-25 20:22:02,Hot
Delhi,27.96,34.33,94,broken clouds,0.0,2026-08-25 20:22:02,Hot
Bengaluru,21.39,21.91,89,broken clouds,4.12,2026-08-25 20:22:02,Comfortable
Hyderabad,24.73,25.56,88,overcast clouds,4.12,2026-08-25 20:22:03,Comfortable
Tirunelveli,27.38,30.04,75,overcast clouds,4.79,2026-08-25 20:22:03,Warm
Madurai,29.01,31.21,61,overcast clouds,2.57,2026-08-25 20:22:03,Warm
Theni,26.35,26.35,75,overcast clouds,4.51,2026-08-25 20:22:03,Comfortable
Chennai,28.83,34.27,80,overcast clouds,2.06,2026-08-25 21:21:40,Hot
Mumbai,27.99,32.54,83,light rain,4.63,2026-08-25 21:21:40,Hot
Delhi,27.96,34.33,94,broken clouds,1.03,2026-08-25 21:21:40,Hot
Bengaluru,21.13,21.65,90,broken clouds,3.09,2026-08-25 21:21:40,Comfortable
Hyderabad,24.73,25.56,88,broken clouds,4.12,2026-08-25 21:21:40,Comfortable
Tirunelveli,27.26,29.9,76,overcast clouds,4.54,2026-08-25 21:21:41,Warm
Madurai,29.01,31.21,61,light rain,2.06,2026-08-25 21:21:41,Warm
Theni,26.16,26.16,76,overcast clouds,3.82,2026-08-25 21:21:41,Comfortable
Chennai,28.83,34.27,80,light rain,3.09,2026-08-25 22:20:32,Hot
Mumbai,27.99,32.54,83,light rain,5.66,2026-08-25 22:20:32,Hot
Delhi,27.05,31.32,94,broken clouds,0.0,2026-08-25 22:20:32,Warm
Bengaluru,20.89,21.41,91,broken clouds,3.09,2026-08-25 22:20:32,Comfortable
Hyderabad,24.42,25.22,88,scattered clouds,27.6,2026-08-25 22:20:33,Comfortable
Tirunelveli,27.12,29.71,77,overcast clouds,4.63,2026-08-25 22:20:33,Warm
Madurai,29.01,31.21,61,light rain,2.06,2026-08-25 22:20:33,Warm
Theni,25.88,26.53,77,overcast clouds,3.43,2026-08-25 22:20:33,Comfortable
Chennai,28.52,33.82,82,overcast clouds,2.57,2026-08-25 23:20:09,Hot
Mumbai,27.99,32.54,83,overcast clouds,4.12,2026-08-25 23:20:09,Hot
Delhi,26.96,31.7,100,broken clouds,0.0,2026-08-25 23:20:09,Warm
Bengaluru,20.66,21.13,90,broken clouds,3.6,2026-08-25 23:20:09,Comfortable
Hyderabad,23.73,24.61,94,scattered clouds,6.17,2026-08-25 23:20:09,Comfortable
Tirunelveli,27.11,29.69,77,overcast clouds,4.18,2026-08-25 23:20:10,Warm
Madurai,28.01,30.05,65,light rain,0.0,2026-08-25 23:20:10,Warm
Theni,25.91,26.54,76,overcast clouds,3.14,2026-08-25 23:20:10,Comfortable
Chennai,28.76,33.11,75,overcast clouds,4.12,2026-08-26 00:58:54,Hot
Mumbai,27.99,32.54,83,light rain,4.63,2026-08-26 00:58:54,Hot
Delhi,26.96,31.7,100,overcast clouds,1.54,2026-08-26 00:58:54,Warm
Bengaluru,20.19,20.67,92,overcast clouds,3.09,2026-08-26 00:58:54,Comfortable
Hyderabad,23.73,24.61,94,scattered clouds,5.14,2026-08-26 00:58:54,Comfortable
Tirunelveli,26.69,28.62,74,overcast clouds,5.36,2026-08-26 00:58:54,Warm
Madurai,28.01,30.05,65,overcast clouds,1.03,2026-08-26 00:58:54,Warm
Theni,25.42,26.0,76,overcast clouds,3.09,2026-08-26 00:58:55,Comfortable
Chennai,29.79,35.24,73,overcast clouds,4.12,2026-08-26 02:25:51,Hot
Mumbai,27.99,32.54,83,light rain,4.63,2026-08-26 02:25:51,Hot
Delhi,28.05,33.73,89,overcast clouds,1.54,2026-08-26 02:25:51,Hot
Bengaluru,21.03,21.56,91,overcast clouds,5.14,2026-08-26 02:25:51,Comfortable
Hyderabad,24.13,24.9,88,broken clouds,5.14,2026-08-26 02:25:51,Comfortable
Tirunelveli,28.75,32.72,73,overcast clouds,4.71,2026-08-26 02:25:51,Hot
Madurai,30.01,34.13,66,overcast clouds,1.54,2026-08-26 02:25:51,Hot
Theni,25.95,25.95,75,overcast clouds,3.22,2026-08-26 02:25:52,Comfortable
Chennai,31.42,37.18,65,overcast clouds,6.17,2026-08-26 03:49:37,Hot
Mumbai,28.99,34.5,79,light rain,5.14,2026-08-26 03:49:37,Hot
Delhi,27.96,34.33,94,overcast clouds,1.03,2026-08-26 03:49:37,Hot
Bengaluru,24.73,25.19,74,overcast clouds,5.14,2026-08-26 03:49:37,Comfortable
Hyderabad,24.94,25.68,84,light rain,19.752,2026-08-26 03:49:38,Comfortable
Tirunelveli,29.77,33.19,64,overcast clouds,4.92,2026-08-26 03:49:38,Hot
Madurai,32.01,36.5,58,overcast clouds,1.54,2026-08-26 03:49:38,Hot
Theni,28.11,30.09,64,overcast clouds,3.8,2026-08-26 03:49:38,Warm
Chennai,32.82,39.77,62,overcast clouds,6.17,2026-08-26 04:34:13,Very Hot
Mumbai,28.99,34.5,79,light rain,5.14,2026-08-26 04:34:13,Hot
Delhi,28.96,35.96,89,overcast clouds,1.54,2026-08-26 04:34:13,Hot
Bengaluru,24.63,25.11,75,overcast clouds,5.66,2026-08-26 04:34:14,Comfortable
Hyderabad,26.23,26.23,73,broken clouds,7.72,2026-08-26 04:34:14,Comfortable
Tirunelveli,29.51,31.92,60,overcast clouds,4.85,2026-08-26 04:34:14,Warm
Madurai,32.01,36.5,58,overcast clouds,2.06,2026-08-26 04:34:14,Hot
Theni,29.47,31.51,58,overcast clouds,3.06,2026-08-26 04:34:14,Warm
Chennai,33.17,40.17,61,overcast clouds,5.14,2026-08-26 05:28:52,Very Hot
Mumbai,29.99,36.01,74,broken clouds,5.66,2026-08-26 05:28:52,Hot
Delhi,30.96,37.96,74,overcast clouds,2.06,2026-08-26 05:28:52,Hot
Bengaluru,26.49,26.49,69,overcast clouds,5.66,2026-08-26 05:28:52,Comfortable
Hyderabad,27.23,29.16,69,broken clouds,8.23,2026-08-26 05:28:52,Warm
Tirunelveli,29.76,31.66,56,overcast clouds,4.85,2026-08-26 05:28:52,Warm
Madurai,34.01,39.11,52,overcast clouds,6.17,2026-08-26 05:28:52,Very Hot
Theni,29.68,31.87,58,overcast clouds,3.06,2026-08-26 05:28:52,Warm
Chennai,34.47,41.47,56,overcast clouds,7.2,2026-08-26 06:38:33,Very Hot
Mumbai,30.99,37.57,70,broken clouds,5.66,2026-08-26 06:38:33,Hot
Delhi,32.96,39.96,70,scattered clouds,3.6,2026-08-26 06:38:33,Very Hot
Bengaluru,26.95,28.38,65,broken clouds,5.66,2026-08-26 06:38:33,Warm
Hyderabad,29.23,31.59,61,light rain,7.2,2026-08-26 06:38:33,Warm
Tirunelveli,30.63,34.08,60,overcast clouds,5.09,2026-08-26 06:38:33,Hot
Madurai,35.01,39.2,46,broken clouds,7.72,2026-08-26 06:38:34,Very Hot
Theni,29.72,32.49,61,light rain,4.52,2026-08-26 06:38:34,Hot
Chennai,35.65,42.65,55,overcast clouds,6.17,2026-08-26 07:41:01,Very Hot
Mumbai,30.99,37.99,74,light rain,6.17,2026-08-26 07:41:01,Hot
Delhi,32.96,39.96,70,scattered clouds,2.57,2026-08-26 07:41:01,Very Hot
Bengaluru,27.35,28.89,64,broken clouds,4.12,2026-08-26 07:41:01,Warm
Hyderabad,30.23,32.86,58,broken clouds,8.23,2026-08-26 07:41:01,Hot
Tirunelveli,30.83,34.49,60,overcast clouds,5.26,2026-08-26 07:41:01,Hot
Madurai,35.01,39.2,46,broken clouds,7.2,2026-08-26 07:41:01,Very Hot
Theni,31.41,34.21,54,light rain,4.9,2026-08-26 07:41:01,Hot
Chennai,36.54,43.54,54,overcast clouds,4.12,2026-08-26 08:36:41,Very Hot
Mumbai,30.99,37.57,70,light rain,6.69,2026-08-26 08:36:41,Hot
Delhi,33.96,40.96,66,broken clouds,2.06,2026-08-26 08:36:41,Very Hot
Bengaluru,27.97,29.98,65,broken clouds,6.17,2026-08-26 08:36:41,Warm
Hyderabad,31.97,35.58,55,broken clouds,6.69,2026-08-26 08:36:42,Hot
Tirunelveli,30.84,35.25,63,overcast clouds,5.4,2026-08-26 08:36:42,Hot
Madurai,36.01,41.44,46,broken clouds,7.2,2026-08-26 08:36:42,Very Hot
Theni,31.97,34.8,52,light rain,5.28,2026-08-26 08:36:42,Hot
Chennai,36.0,43.0,60,overcast clouds,3.09,2026-08-26 09:34:55,Very Hot
Mumbai,30.99,37.57,70,light rain,6.69,2026-08-26 09:34:56,Hot
Delhi,33.96,40.96,66,broken clouds,3.09,2026-08-26 09:34:56,Very Hot
Bengaluru,27.85,29.78,65,broken clouds,4.12,2026-08-26 09:34:56,Warm
Hyderabad,29.9,32.26,58,broken clouds,7.72,2026-08-26 09:34:56,Hot
Tirunelveli,30.17,34.72,67,overcast clouds,5.23,2026-08-26 09:34:56,Hot
Madurai,36.01,41.44,46,broken clouds,6.17,2026-08-26 09:34:56,Very Hot
Theni,32.03,34.91,52,light rain,4.83,2026-08-26 09:34:56,Hot
Chennai,35.98,42.98,58,overcast clouds,3.09,2026-08-26 10:29:40,Very Hot
Mumbai,30.99,37.57,70,light rain,7.2,2026-08-26 10:29:40,Hot
Delhi,33.96,40.96,66,broken clouds,6.17,2026-08-26 10:29:40,Very Hot
Bengaluru,27.82,29.73,65,broken clouds,4.63,2026-08-26 10:29:40,Warm
Hyderabad,30.23,33.71,62,broken clouds,7.72,2026-08-26 10:29:41,Hot
Tirunelveli,30.17,35.71,71,overcast clouds,5.23,2026-08-26 10:29:41,Hot
Madurai,36.01,40.64,44,broken clouds,5.14,2026-08-26 10:29:41,Very Hot
Theni,31.98,34.82,52,light rain,4.83,2026-08-26 10:29:41,Hot
Chennai,33.19,40.19,67,overcast clouds,2.24,2026-08-26 11:23:31,Very Hot
Mumbai,29.99,36.01,74,light rain,6.69,2026-08-26 11:23:31,Hot
Delhi,32.96,39.96,70,broken clouds,5.14,2026-08-26 11:23:31,Very Hot
Bengaluru,27.5,29.62,69,broken clouds,4.12,2026-08-26 11:23:31,Warm
Hyderabad,29.03,32.79,70,overcast clouds,14.16,2026-08-26 11:23:31,Hot
Tirunelveli,29.49,34.26,72,overcast clouds,5.44,2026-08-26 11:23:31,Hot
Madurai,36.01,40.64,44,broken clouds,5.14,2026-08-26 11:23:31,Very Hot
Theni,31.06,33.56,54,light rain,4.82,2026-08-26 11:23:31,Hot
Chennai,31.49,38.49,72,overcast clouds,3.6,2026-08-26 12:40:24,Very Hot
Mumbai,28.99,33.47,74,light rain,6.69,2026-08-26 12:40:24,Hot
Delhi,30.96,37.96,79,overcast clouds,2.06,2026-08-26 12:40:24,Hot
Bengaluru,27.15,29.29,72,overcast clouds,3.09,2026-08-26 12:40:25,Warm
Hyderabad,28.23,30.43,65,overcast clouds,5.14,2026-08-26 12:40:25,Warm
Tirunelveli,27.82,29.84,66,overcast clouds,6.1,2026-08-26 12:40:25,Warm
Madurai,34.01,38.08,49,light rain,7.72,2026-08-26 12:40:25,Very Hot
Theni,28.39,30.43,63,overcast clouds,4.87,2026-08-26 12:40:25,Warm
Chennai,30.26,37.02,75,overcast clouds,5.14,2026-08-26 13:50:17,Hot
Mumbai,28.99,33.47,74,broken clouds,5.66,2026-08-26 13:50:17,Hot
Delhi,30.96,37.96,79,overcast clouds,2.06,2026-08-26 13:50:17,Hot
Bengaluru,26.44,26.44,73,overcast clouds,2.57,2026-08-26 13:50:17,Comfortable
Hyderabad,28.23,30.43,65,overcast clouds,4.63,2026-08-26 13:50:17,Warm
Tirunelveli,27.97,30.35,68,overcast clouds,5.5,2026-08-26 13:50:17,Warm
Madurai,32.01,34.63,51,moderate rain,7.72,2026-08-26 13:50:18,Hot
Theni,27.08,28.99,70,light rain,5.29,2026-08-26 13:50:18,Warm
Chennai,30.35,37.35,78,overcast clouds,6.17,2026-08-26 14:38:47,Hot
Mumbai,28.99,33.47,74,light rain,5.14,2026-08-26 14:38:47,Hot
Delhi,29.96,36.96,84,overcast clouds,2.06,2026-08-26 14:38:47,Hot
Bengaluru,25.01,25.6,78,light rain,2.06,2026-08-26 14:38:47,Comfortable
Hyderabad,27.23,29.16,69,overcast clouds,2.57,2026-08-26 14:38:48,Warm
Tirunelveli,28.02,30.57,69,overcast clouds,5.4,2026-08-26 14:38:48,Warm
Madurai,32.01,34.63,51,light rain,5.14,2026-08-26 14:38:48,Hot
Theni,26.58,26.58,72,light rain,5.27,2026-08-26 14:38:48,Comfortable
Chennai,29.88,36.88,81,overcast clouds,5.14,2026-08-26 16:13:29,Hot
Mumbai,28.99,34.5,79,light rain,5.66,2026-08-26 16:13:29,Hot
Delhi,29.96,36.96,89,overcast clouds,2.57,2026-08-26 16:13:29,Hot
Bengaluru,22.87,23.46,86,light rain,3.09,2026-08-26 16:13:29,Comfortable
Hyderabad,26.95,29.45,78,overcast clouds,16.392,2026-08-26 16:13:29,Warm
Tirunelveli,27.22,29.52,73,overcast clouds,5.96,2026-08-26 16:13:29,Warm
Madurai,32.01,34.63,51,overcast clouds,7.2,2026-08-26 16:13:29,Hot
Theni,26.29,26.29,72,overcast clouds,4.26,2026-08-26 16:13:29,Comfortable
Chennai,29.86,36.86,83,overcast clouds,3.09,2026-08-26 18:54:04,Hot
Mumbai,28.99,34.5,79,light rain,5.66,2026-08-26 18:54:04,Hot
Delhi,28.96,35.96,89,broken clouds,2.06,2026-08-26 18:54:05,Hot
Bengaluru,21.97,22.55,89,overcast clouds,5.14,2026-08-26 18:54:05,Comfortable
Hyderabad,26.28,26.28,80,broken clouds,24.24,2026-08-26 18:54:05,Comfortable
Tirunelveli,26.93,28.66,69,overcast clouds,4.76,2026-08-26 18:54:05,Warm
Madurai,31.01,33.68,55,light rain,4.63,2026-08-26 18:54:05,Hot
Theni,26.28,26.28,72,overcast clouds,3.02,2026-08-26 18:54:05,Comfortable
Chennai,29.12,36.12,86,overcast clouds,3.6,2026-08-26 21:35:08,Hot
Mumbai,27.99,32.54,83,light rain,6.17,2026-08-26 21:35:08,Hot
Delhi,27.96,33.45,89,broken clouds,2.06,2026-08-26 21:35:08,Hot
Bengaluru,21.03,21.56,91,overcast clouds,5.14,2026-08-26 21:35:08,Comfortable
Hyderabad,25.73,26.4,78,overcast clouds,6.69,2026-08-26 21:35:08,Comfortable
Tirunelveli,26.8,28.24,66,overcast clouds,4.21,2026-08-26 21:35:09,Warm
Madurai,30.01,32.46,58,overcast clouds,2.06,2026-08-26 21:35:09,Hot
Theni,25.81,26.33,72,overcast clouds,3.51,2026-08-26 21:35:09,Comfortable
Chennai,30.44,35.87,69,overcast clouds,5.14,2026-08-27 02:49:00,Hot
Mumbai,28.99,34.5,79,moderate rain,5.14,2026-08-27 02:49:01,Hot
Delhi,28.96,35.96,89,scattered clouds,3.09,2026-08-27 02:49:01,Hot
Bengaluru,22.4,22.94,86,broken clouds,4.63,2026-08-27 02:49:01,Comfortable
Hyderabad,25.56,26.21,78,overcast clouds,25.2,2026-08-27 02:49:01,Comfortable
Tirunelveli,30.12,33.06,60,overcast clouds,4.04,2026-08-27 02:49:01,Hot
Madurai,30.01,34.13,66,overcast clouds,2.06,2026-08-27 02:49:01,Hot
Theni,28.29,30.67,66,overcast clouds,3.42,2026-08-27 02:49:01,Warm
Chennai,30.48,37.48,79,overcast clouds,3.13,2026-08-27 13:38:14,Hot
Mumbai,28.99,34.5,79,light rain,5.14,2026-08-27 13:38:14,Hot
Delhi,29.96,35.93,74,overcast clouds,3.09,2026-08-27 13:38:14,Hot
Bengaluru,26.77,28.47,70,overcast clouds,6.01,2026-08-27 13:38:15,Warm
Hyderabad,29.23,30.51,54,scattered clouds,3.09,2026-08-27 13:38:15,Warm
Tirunelveli,32.92,39.31,60,overcast clouds,6.32,2026-08-27 13:38:15,Very Hot
Madurai,34.01,37.13,46,broken clouds,8.23,2026-08-27 13:38:15,Hot
Theni,29.61,32.86,64,overcast clouds,4.28,2026-08-27 13:38:15,Hot
Chennai,29.22,34.68,77,overcast clouds,4.12,2026-08-27 23:29:46,Hot
Mumbai,27.99,32.54,83,light rain,5.66,2026-08-27 23:29:46,Hot
Delhi,28.96,35.96,89,overcast clouds,5.14,2026-08-27 23:29:46,Hot
Bengaluru,20.19,20.67,92,broken clouds,5.66,2026-08-27 23:29:46,Comfortable
Hyderabad,24.3,24.95,83,overcast clouds,27.12,2026-08-27 23:29:46,Comfortable
Tirunelveli,26.32,26.32,78,broken clouds,4.26,2026-08-27 23:29:46,Comfortable
Madurai,29.01,31.21,61,broken clouds,2.06,2026-08-27 23:29:46,Warm
Theni,24.54,24.98,74,overcast clouds,2.3,2026-08-27 23:29:46,Comfortable
Chennai,37.39,44.39,46,broken clouds,6.69,2026-08-28 08:39:33,Very Hot
Mumbai,29.99,36.01,74,light rain,7.2,2026-08-28 08:39:33,Hot
Delhi,33.96,40.96,59,scattered clouds,4.63,2026-08-28 08:39:33,Very Hot
Bengaluru,29.2,30.32,53,overcast clouds,5.66,2026-08-28 08:39:33,Warm
Hyderabad,30.64,33.87,59,overcast clouds,30.96,2026-08-28 08:39:33,Hot
Tirunelveli,34.68,36.35,39,scattered clouds,8.26,2026-08-28 08:39:34,Hot
Madurai,39.01,42.06,32,broken clouds,4.12,2026-08-28 08:39:34,Very Hot
Theni,33.95,35.87,42,broken clouds,7.17,2026-08-28 08:39:34,Hot
Chennai,28.98,33.25,73,overcast clouds,4.12,2026-08-28 20:37:27,Hot
Mumbai,27.99,32.54,83,light rain,6.17,2026-08-28 20:37:27,Hot
Delhi,29.96,36.96,84,scattered clouds,3.09,2026-08-28 20:37:27,Hot
Bengaluru,21.06,21.49,87,broken clouds,5.66,2026-08-28 20:37:27,Comfortable
Hyderabad,24.73,25.43,83,overcast clouds,7.2,2026-08-28 20:37:27,Comfortable
Tirunelveli,26.57,26.57,73,overcast clouds,4.32,2026-08-28 20:37:28,Comfortable
Madurai,29.01,30.75,58,overcast clouds,2.57,2026-08-28 20:37:28,Warm
Theni,25.77,26.26,71,overcast clouds,2.81,2026-08-28 20:37:28,Comfortable
Chennai,30.26,35.17,68,broken clouds,5.66,2026-08-29 03:01:15,Hot
Mumbai,28.99,33.47,74,light rain,6.17,2026-08-29 03:01:15,Hot
Delhi,28.96,33.4,74,overcast clouds,5.66,2026-08-29 03:01:15,Hot
Bengaluru,22.0,22.5,86,overcast clouds,5.14,2026-08-29 03:01:15,Comfortable
Hyderabad,24.97,25.56,78,overcast clouds,19.272,2026-08-29 03:01:15,Comfortable
Tirunelveli,29.76,32.57,61,overcast clouds,3.93,2026-08-29 03:01:15,Hot
Madurai,30.01,32.46,58,overcast clouds,1.54,2026-08-29 03:01:15,Hot
Theni,27.98,29.42,60,overcast clouds,4.05,2026-08-29 03:01:15,Warm
Chennai,33.78,40.01,56,overcast clouds,4.12,2026-08-29 10:40:36,Very Hot
Mumbai,26.99,29.53,78,light rain,6.17,2026-08-29 10:40:36,Warm
Delhi,35.96,42.96,52,broken clouds,4.63,2026-08-29 10:40:36,Very Hot
Bengaluru,28.01,29.69,62,overcast clouds,6.17,2026-08-29 10:40:36,Warm
Hyderabad,29.23,31.11,58,overcast clouds,7.2,2026-08-29 10:40:36,Warm
Tirunelveli,34.3,36.5,42,overcast clouds,7.42,2026-08-29 10:40:36,Hot
Madurai,38.01,42.13,37,overcast clouds,7.72,2026-08-29 10:40:36,Very Hot
Theni,31.73,34.58,53,light rain,6.65,2026-08-29 10:40:37,Hot
Chennai,29.8,36.27,77,light rain,3.13,2026-08-29 15:25:05,Hot
Mumbai,28.99,33.47,74,light rain,6.69,2026-08-29 15:25:05,Hot
Delhi,32.96,39.96,70,overcast clouds,1.03,2026-08-29 15:25:05,Very Hot
Bengaluru,23.02,23.39,77,overcast clouds,4.63,2026-08-29 15:25:05,Comfortable
Hyderabad,26.23,26.23,73,broken clouds,5.14,2026-08-29 15:25:05,Comfortable
Tirunelveli,30.08,33.61,63,broken clouds,6.08,2026-08-29 15:25:05,Hot
Madurai,31.01,32.83,51,overcast clouds,6.17,2026-08-29 15:25:05,Hot
Theni,28.22,30.41,65,overcast clouds,3.72,2026-08-29 15:25:05,Warm
Chennai,29.57,35.15,75,overcast clouds,5.14,2026-08-29 19:05:40,Hot
Mumbai,27.99,31.77,78,light rain,6.17,2026-08-29 19:05:40,Warm
Delhi,30.96,37.96,74,overcast clouds,3.09,2026-08-29 19:05:40,Hot
Bengaluru,21.5,21.9,84,overcast clouds,5.14,2026-08-29 19:05:40,Comfortable
Hyderabad,23.73,24.46,88,light rain,7.72,2026-08-29 19:05:40,Comfortable
Tirunelveli,26.92,29.13,75,overcast clouds,6.06,2026-08-29 19:05:41,Warm
Madurai,30.01,31.22,51,overcast clouds,4.12,2026-08-29 19:05:41,Warm
Theni,26.28,26.28,68,overcast clouds,2.45,2026-08-29 19:05:41,Comfortable
Chennai,29.48,32.99,66,overcast clouds,4.12,2026-08-29 22:12:49,Hot
Mumbai,27.99,31.77,78,light rain,5.66,2026-08-29 22:12:49,Warm
Delhi,30.05,34.22,66,broken clouds,4.63,2026-08-29 22:12:49,Hot
Bengaluru,19.83,20.22,90,overcast clouds,5.61,2026-08-29 22:12:49,Comfortable
Hyderabad,23.73,24.46,88,overcast clouds,7.2,2026-08-29 22:12:49,Comfortable
Tirunelveli,25.98,25.98,76,overcast clouds,5.02,2026-08-29 22:12:49,Comfortable
Madurai,27.01,28.17,61,overcast clouds,2.06,2026-08-29 22:12:49,Warm
Theni,24.98,25.39,71,overcast clouds,2.94,2026-08-29 22:12:49,Comfortable
Chennai,28.38,31.27,69,overcast clouds,4.12,2026-08-30 00:57:29,Warm
Mumbai,27.99,32.54,83,light rain,5.66,2026-08-30 00:57:29,Hot
Delhi,28.96,33.4,74,clear sky,4.12,2026-08-30 00:57:29,Hot
Bengaluru,18.92,19.32,94,overcast clouds,3.6,2026-08-30 00:57:29,Comfortable
Hyderabad,22.73,23.51,94,overcast clouds,6.17,2026-08-30 00:57:29,Comfortable
Tirunelveli,25.66,26.19,73,overcast clouds,5.13,2026-08-30 00:57:29,Comfortable
Madurai,26.01,26.01,65,overcast clouds,1.54,2026-08-30 00:57:29,Comfortable
Theni,24.34,24.68,71,overcast clouds,2.14,2026-08-30 00:57:30,Comfortable
Chennai,33.57,38.79,54,broken clouds,6.69,2026-08-30 06:17:18,Very Hot
Mumbai,29.99,35.01,70,light rain,8.75,2026-08-30 06:17:18,Hot
Delhi,31.96,37.59,62,scattered clouds,4.12,2026-08-30 06:17:19,Hot
Bengaluru,26.71,27.98,64,broken clouds,6.17,2026-08-30 06:17:19,Warm
Hyderabad,26.23,26.23,69,light rain,7.2,2026-08-30 06:17:19,Comfortable
Tirunelveli,34.57,38.27,46,overcast clouds,5.32,2026-08-30 06:17:19,Very Hot
Madurai,37.01,40.84,39,overcast clouds,6.17,2026-08-30 06:17:19,Very Hot
Theni,33.47,34.09,38,overcast clouds,3.51,2026-08-30 06:17:19,Hot
Chennai,31.17,38.17,72,overcast clouds,0.89,2026-08-30 12:31:06,Very Hot
Mumbai,29.99,36.01,74,light rain,7.2,2026-08-30 12:31:06,Hot
Delhi,33.96,40.96,62,overcast clouds,2.06,2026-08-30 12:31:06,Very Hot
Bengaluru,26.97,28.57,67,overcast clouds,5.66,2026-08-30 12:31:06,Warm
Hyderabad,24.23,25.01,88,overcast clouds,7.2,2026-08-30 12:31:06,Comfortable
Tirunelveli,30.19,31.01,48,overcast clouds,6.51,2026-08-30 12:31:06,Warm
Madurai,37.01,39.02,34,overcast clouds,7.72,2026-08-30 12:31:06,Very Hot
Theni,30.98,33.41,54,overcast clouds,5.43,2026-08-30 12:31:06,Hot
Chennai,27.69,32.04,85,light rain,0.45,2026-08-30 17:08:39,Hot
Mumbai,28.99,33.47,74,light rain,6.17,2026-08-30 17:08:39,Hot
Delhi,31.05,37.73,70,broken clouds,3.09,2026-08-30 17:08:39,Hot
Bengaluru,21.75,22.15,83,overcast clouds,5.57,2026-08-30 17:08:39,Comfortable
Hyderabad,24.23,25.01,88,overcast clouds,2.57,2026-08-30 17:08:40,Comfortable
Tirunelveli,27.58,30.1,72,overcast clouds,5.33,2026-08-30 17:08:40,Warm
Madurai,32.01,33.91,48,overcast clouds,2.57,2026-08-30 17:08:40,Hot
Theni,27.34,28.61,61,overcast clouds,2.7,2026-08-30 17:08:40,Warm
Chennai,28.79,33.76,78,overcast clouds,1.54,2026-08-30 20:25:36,Hot
Mumbai,27.99,31.77,78,light rain,5.14,2026-08-30 20:25:36,Warm
Delhi,30.05,35.16,70,overcast clouds,4.12,2026-08-30 20:25:36,Hot
Bengaluru,20.53,20.94,88,overcast clouds,3.6,2026-08-30 20:25:36,Comfortable
Hyderabad,24.73,25.56,88,overcast clouds,6.17,2026-08-30 20:25:36,Comfortable
Tirunelveli,26.63,26.63,75,overcast clouds,4.86,2026-08-30 20:25:36,Comfortable
Madurai,28.01,29.14,57,broken clouds,2.06,2026-08-30 20:25:36,Warm
Theni,25.35,25.66,66,broken clouds,3.1,2026-08-30 20:25:37,Comfortable
Chennai,28.71,32.81,74,overcast clouds,3.09,2026-08-30 23:04:29,Hot
Mumbai,27.99,32.54,83,light rain,4.63,2026-08-30 23:04:29,Hot
Delhi,29.05,32.84,70,broken clouds,4.12,2026-08-30 23:04:29,Hot
Bengaluru,19.82,20.26,92,overcast clouds,5.66,2026-08-30 23:04:29,Comfortable
Hyderabad,23.73,24.46,88,overcast clouds,5.14,2026-08-30 23:04:30,Comfortable
Tirunelveli,25.87,26.55,78,overcast clouds,5.35,2026-08-30 23:04:30,Comfortable
Madurai,26.71,27.79,61,broken clouds,3.73,2026-08-30 23:04:30,Warm
Theni,24.48,24.86,72,scattered clouds,2.71,2026-08-30 23:04:30,Comfortable
Chennai,29.93,33.73,65,broken clouds,5.14,2026-08-31 03:05:30,Hot
Mumbai,28.99,34.5,79,light rain,6.17,2026-08-31 03:05:30,Hot
Delhi,27.96,30.46,69,broken clouds,5.66,2026-08-31 03:05:30,Warm
Bengaluru,23.03,23.48,80,overcast clouds,5.66,2026-08-31 03:05:30,Comfortable
Hyderabad,24.23,24.75,78,overcast clouds,6.17,2026-08-31 03:05:30,Comfortable
Tirunelveli,30.11,33.25,61,overcast clouds,3.84,2026-08-31 03:05:30,Hot
Madurai,31.01,32.83,51,overcast clouds,3.6,2026-08-31 03:05:30,Hot
Theni,28.05,29.2,57,overcast clouds,2.77,2026-08-31 03:05:30,Warm
Chennai,34.33,40.61,54,overcast clouds,6.17,2026-08-31 10:23:16,Very Hot
Mumbai,29.99,36.01,74,light rain,5.66,2026-08-31 10:23:16,Hot
Delhi,34.96,40.2,49,broken clouds,3.09,2026-08-31 10:23:16,Very Hot
Bengaluru,28.5,30.08,59,overcast clouds,4.12,2026-08-31 10:23:16,Warm
Hyderabad,29.41,32.46,64,overcast clouds,25.44,2026-08-31 10:23:16,Hot
Tirunelveli,34.42,37.02,43,overcast clouds,9.88,2026-08-31 10:23:16,Hot
Madurai,40.01,41.1,25,overcast clouds,3.09,2026-08-31 10:23:17,Very Hot
Theni,34.26,35.12,37,broken clouds,8.24,2026-08-31 10:23:17,Hot
Chennai,30.46,37.3,74,light rain,4.12,2026-08-31 17:48:15,Hot
Mumbai,26.99,30.6,89,scattered clouds,3.6,2026-08-31 17:48:16,Warm
Delhi,29.96,36.96,84,scattered clouds,1.03,2026-08-31 17:48:16,Hot
Bengaluru,22.6,22.95,78,overcast clouds,4.12,2026-08-31 17:48:16,Comfortable
Hyderabad,26.12,26.12,78,overcast clouds,2.57,2026-08-31 17:48:16,Comfortable
Tirunelveli,27.57,29.86,70,overcast clouds,4.04,2026-08-31 17:48:16,Warm
Madurai,30.01,32.46,58,broken clouds,2.06,2026-08-31 17:48:16,Hot
Theni,26.8,28.6,71,broken clouds,3.28,2026-08-31 17:48:16,Warm
Chennai,29.1,35.48,82,overcast clouds,3.6,2026-08-31 22:18:37,Hot
Mumbai,27.99,32.54,83,light rain,5.14,2026-08-31 22:18:37,Hot
Delhi,29.05,32.84,70,overcast clouds,2.57,2026-08-31 22:18:37,Hot
Bengaluru,20.79,21.17,86,overcast clouds,3.09,2026-08-31 22:18:37,Comfortable
Hyderabad,25.3,25.95,79,light rain,16.704,2026-08-31 22:18:37,Comfortable
Tirunelveli,26.48,26.48,76,broken clouds,3.87,2026-08-31 22:18:37,Comfortable
Madurai,28.01,29.58,61,overcast clouds,1.54,2026-08-31 22:18:37,Warm
Theni,24.88,25.23,69,overcast clouds,2.65,2026-08-31 22:18:37,Comfortable
Chennai,29.11,34.83,79,overcast clouds,3.09,2026-09-01 01:33:14,Hot
Mumbai,27.99,31.77,78,moderate rain,5.66,2026-09-01 01:33:14,Warm
Delhi,27.96,31.7,78,overcast clouds,4.63,2026-09-01 01:33:14,Warm
Bengaluru,19.95,20.32,89,overcast clouds,2.57,2026-09-01 01:33:15,Comfortable
Hyderabad,24.33,24.86,78,broken clouds,9.504,2026-09-01 01:33:15,Comfortable
Tirunelveli,29.05,32.47,68,few clouds,3.65,2026-09-01 01:33:15,Hot
Madurai,28.01,29.58,61,scattered clouds,3.6,2026-09-01 01:33:15,Warm
Theni,25.68,26.0,65,broken clouds,2.41,2026-09-01 01:33:15,Comfortable
Chennai,35.92,42.92,51,scattered clouds,4.12,2026-09-01 07:07:21,Very Hot
Mumbai,29.99,36.01,74,light rain,6.69,2026-09-01 07:07:21,Hot
Delhi,32.96,37.72,55,clear sky,3.6,2026-09-01 07:07:21,Hot
Bengaluru,27.46,28.6,59,overcast clouds,6.17,2026-09-01 07:07:21,Warm
Hyderabad,28.23,29.92,61,overcast clouds,6.17,2026-09-01 07:07:21,Warm
Tirunelveli,35.23,37.96,41,few clouds,4.97,2026-09-01 07:07:21,Hot
Madurai,37.01,39.02,34,overcast clouds,4.12,2026-09-01 07:07:21,Very Hot
Theni,34.29,34.7,35,broken clouds,4.24,2026-09-01 07:07:21,Hot
Chennai,31.47,38.47,72,overcast clouds,5.14,2026-09-01 12:59:05,Very Hot
Mumbai,28.99,34.5,79,light rain,5.14,2026-09-01 12:59:05,Hot
Delhi,34.96,41.96,55,overcast clouds,1.54,2026-09-01 12:59:05,Very Hot
Bengaluru,27.35,28.62,61,overcast clouds,3.6,2026-09-01 12:59:05,Warm
Hyderabad,30.23,32.09,54,overcast clouds,4.12,2026-09-01 12:59:05,Hot
Tirunelveli,31.31,31.98,44,broken clouds,4.93,2026-09-01 12:59:05,Warm
Madurai,36.01,39.52,41,overcast clouds,5.14,2026-09-01 12:59:05,Very Hot
Theni,29.86,32.19,58,broken clouds,5.23,2026-09-01 12:59:05,Hot
Chennai,30.48,37.48,77,broken clouds,4.12,2026-09-01 17:15:05,Hot
Mumbai,28.99,33.47,74,light rain,4.12,2026-09-01 17:15:05,Hot
Delhi,27.05,30.15,83,overcast clouds,3.09,2026-09-01 17:15:05,Warm
Bengaluru,24.35,24.8,75,broken clouds,4.12,2026-09-01 17:15:05,Comfortable
Hyderabad,26.89,29.41,79,overcast clouds,9.096,2026-09-01 17:15:05,Warm
Tirunelveli,27.77,30.73,74,few clouds,5.15,2026-09-01 17:15:05,Warm
Madurai,30.01,32.46,58,broken clouds,1.54,2026-09-01 17:15:05,Hot
Theni,26.6,26.6,69,scattered clouds,3.32,2026-09-01 17:15:05,Comfortable
Chennai,29.88,36.88,80,broken clouds,4.63,2026-09-01 20:25:25,Hot
Mumbai,27.99,32.54,83,light rain,3.6,2026-09-01 20:25:25,Hot
Delhi,27.96,31.7,78,broken clouds,1.54,2026-09-01 20:25:25,Warm
Bengaluru,22.67,23.08,80,clear sky,4.12,2026-09-01 20:25:25,Comfortable
Hyderabad,26.11,26.11,79,overcast clouds,11.352,2026-09-01 20:25:25,Comfortable
Tirunelveli,26.87,29.28,78,clear sky,4.68,2026-09-01 20:25:25,Warm
Madurai,29.01,31.21,61,few clouds,2.06,2026-09-01 20:25:25,Warm
Theni,25.42,25.9,72,broken clouds,3.32,2026-09-01 20:25:25,Comfortable
Chennai,29.65,36.1,78,light rain,4.12,2026-09-01 22:56:30,Hot
Mumbai,27.99,32.54,83,light rain,2.57,2026-09-01 22:56:30,Hot
Delhi,27.96,32.46,83,broken clouds,0.0,2026-09-01 22:56:30,Hot
Bengaluru,21.03,21.46,87,scattered clouds,3.6,2026-09-01 22:56:30,Comfortable
Hyderabad,23.29,24.0,89,moderate rain,13.272,2026-09-01 22:56:30,Comfortable
Tirunelveli,26.0,26.0,76,clear sky,4.13,2026-09-01 22:56:31,Comfortable
Madurai,26.98,28.43,65,broken clouds,3.55,2026-09-01 22:56:31,Warm
Theni,24.24,24.68,75,overcast clouds,2.81,2026-09-01 22:56:31,Comfortable
Chennai,29.27,35.27,79,light rain,3.6,2026-09-02 00:49:00,Hot
Mumbai,27.99,32.54,83,moderate rain,4.12,2026-09-02 00:49:00,Hot
Delhi,28.96,35.51,84,few clouds,1.03,2026-09-02 00:49:00,Hot
Bengaluru,20.19,20.61,90,broken clouds,3.6,2026-09-02 00:49:00,Comfortable
Hyderabad,23.73,24.46,88,overcast clouds,2.06,2026-09-02 00:49:00,Comfortable
Tirunelveli,26.21,26.21,76,clear sky,3.39,2026-09-02 00:49:01,Comfortable
Madurai,29.01,30.75,58,few clouds,2.06,2026-09-02 00:49:01,Warm
Theni,25.03,25.55,75,scattered clouds,2.48,2026-09-02 00:49:01,Comfortable
Chennai,34.16,41.16,59,overcast clouds,5.14,2026-09-02 05:22:16,Very Hot
Mumbai,28.99,34.5,79,moderate rain,6.17,2026-09-02 05:22:16,Hot
Delhi,30.96,37.96,74,light rain,3.09,2026-09-02 05:22:16,Hot
Bengaluru,27.18,28.64,64,broken clouds,5.14,2026-09-02 05:22:17,Warm
Hyderabad,28.23,30.43,65,overcast clouds,7.72,2026-09-02 05:22:17,Warm
Tirunelveli,33.69,36.5,46,clear sky,3.22,2026-09-02 05:22:17,Hot
Madurai,35.01,39.2,46,broken clouds,2.06,2026-09-02 05:22:17,Very Hot
Theni,32.12,33.88,47,broken clouds,3.11,2026-09-02 05:22:17,Hot
Chennai,32.76,39.76,69,overcast clouds,6.17,2026-09-02 10:26:55,Very Hot
Mumbai,29.99,34.08,66,light rain,5.14,2026-09-02 10:26:55,Hot
Delhi,30.96,37.96,74,broken clouds,4.12,2026-09-02 10:26:55,Hot
Bengaluru,28.59,29.72,55,overcast clouds,3.09,2026-09-02 10:26:55,Warm
Hyderabad,31.23,33.21,51,overcast clouds,6.69,2026-09-02 10:26:55,Hot
Tirunelveli,36.08,39.66,41,few clouds,6.15,2026-09-02 10:26:55,Very Hot
Madurai,39.01,43.37,35,overcast clouds,3.09,2026-09-02 10:26:55,Very Hot
Theni,33.92,36.65,45,light rain,5.01,2026-09-02 10:26:55,Hot
